minuto,jugador,tipo_gol,equipo,marcador,cod_acta
54,"RAMOS CASTRO, ANDRÉS",Normal,C.D.BELVIS,1-0,1186943
62,"FERNANDEZ PEREZ, JESUS DE BELEN",Normal,C.D.BELVIS,2-0,1186943
10,"FUENTES CORREA, MANUEL",Normal,C.D. SPORT TEAM ESTRADA,1-0,1186944
18,"BARRUSO ARIAS, HUGO",Normal,C.D. SPORT TEAM ESTRADA,2-0,1186944
20,"RIVEIRA MURCIA, HUGO",Normal,LAMELA C.F.,2-1,1186944
63,"BARRUSO ARIAS, HUGO",Normal,C.D. SPORT TEAM ESTRADA,3-1,1186944
84,"FERNANDEZ GONZALEZ, IAGO JOSE",Normal,C.D. SPORT TEAM ESTRADA,4-1,1186944
86,"VARELA MIRANDA, MATEO",Normal,C.D. SPORT TEAM ESTRADA,5-1,1186944
20,"FERNÁNDEZ GARCÍA, RUBÉN",Normal,C.F. SILLEDA,0-1,1186945
22,"CAMBEIRO COSTA, AIRAS",Normal,C.F. SILLEDA,0-2,1186945
27,"LAREO MERA, LUCAS",Normal,SOCIEDADE DEPORTIVA O PINO,1-2,1186945
36,"CAMBEIRO COSTA, AIRAS",Normal,C.F. SILLEDA,1-3,1186945
48,"RIVERO MONTOTO, NUNO",Normal,C.F. SILLEDA,1-4,1186945
10,"CARBALLAL MONTEAGUDO, SAUL",Normal,S.D. CACHEIRAS,0-1,1186946
33,"MARTINEZ RODRIGUEZ, ALESSANDRO EDUARDO",Normal,S.D. CACHEIRAS,0-2,1186946
53,"MARTINEZ RODRIGUEZ, ALESSANDRO EDUARDO",Normal,S.D. CACHEIRAS,0-3,1186946
63,"BENITEZ SANHUEZA, LEONARDO",Normal,S.D. CACHEIRAS,0-4,1186946
80,"SALGUEIRO POMBO, DAVID",Normal,S.D. CACHEIRAS,0-5,1186946
23,"CUÑARRO FERNÁNDEZ, PABLO",Normal,RODEIRO C.F.,1-0,1186947
30,"QUINTÁ GARCÍA, DAVID",Normal,RODEIRO C.F.,2-0,1186947
44,"CUÑARRO FERNÁNDEZ, PABLO",Normal,RODEIRO C.F.,3-0,1186947
74,"SOTO PARCERO, DANIEL",Normal,S.D. CRUCES,3-1,1186947
2,"PAMPIN NOGUEROL, DANIEL",Normal,C.F. CIRE DE MELIDE,1-0,1186948
52,"MONTERROSO GOMEZ, SERGIO",Normal,C.F. CIRE DE MELIDE,2-0,1186948
66,"PARRADO ROMERO, CARLOS",Normal,C.F. CIRE DE MELIDE,3-0,1186948
74,"GARCIA COSTOYA, JORGE",Normal,C.F. CIRE DE MELIDE,4-0,1186948
19,"RENDO GUITIAN, ALEXANDRE",Normal,C.D. SAN MAMED,1-0,1186949
47,"VAZQUEZ PEÑA, JOSE L",Normal,C.D. SAN MAMED,2-0,1186949
60,"RENDO GUITIAN, ALEXANDRE",Normal,C.D. SAN MAMED,3-0,1186949
63,"SENDE MALLO, DIEGO",Normal,C.D. SAN MAMED,4-0,1186949
78,"CHAS BROCOS, IAGO SENEN",Normal,C.D. SAN MAMED,5-0,1186949
23,"BESADA REY, NICOLAS",Normal,U.D. VAL DO ULLA,1-0,1186950
56,"REY MILLAN, DAVID",Normal,S.D. VILLESTRO,1-1,1186950
65,"FREIRIA LOPEZ, JORGE",Penalti,U.D. VAL DO ULLA,2-1,1186950
77,"ZAGATO PEREIRA, JOAO VITOR",Normal,S.D. VILLESTRO,2-2,1186950
55,"BESADA REY, NICOLAS",Normal,U.D. VAL DO ULLA,0-1,1186951
68,"FREIRIA LOPEZ, JORGE",Normal,U.D. VAL DO ULLA,0-2,1186951
90'+3,"VILLAR MELLA, ROI",Normal,A.C.U.D. CAMPORRAPADO,1-2,1186951
33,"GARCIA CARRERA, MANUEL",Normal,LAMELA C.F.,1-0,1186952
47,"RIVEIRA MURCIA, HUGO",Normal,LAMELA C.F.,2-0,1186952
58,"VARELA VAZQUEZ, DAVID",Normal,LAMELA C.F.,3-0,1186952
60,"MIGUEZ MEIJOMIL, MIGUEL",Normal,C.D.BELVIS,3-1,1186952
78,"CASTRO DOMINGUEZ, FRANCISCO",Normal,LAMELA C.F.,4-1,1186952
87,"ESPIÑO CUIÑA, LOIS",Normal,LAMELA C.F.,5-1,1186952
12,"VARELA MIRANDA, MATEO",Normal,C.D. SPORT TEAM ESTRADA,0-1,1186953
30,"BARRUSO ARIAS, HUGO",Normal,C.D. SPORT TEAM ESTRADA,0-2,1186953
90'+5,"FERNÁNDEZ GARCÍA, RUBÉN",Normal,C.F. SILLEDA,1-2,1186953
55,"DA CONCEICAO ANTUNES, FELIPE MATHEUS",Normal,S.D. CACHEIRAS,1-0,1186954
20,"GRANJA HERMIDA, JESUS ANTONIO",Normal,S.D. CRUCES,1-0,1186955
23,"GRANJA HERMIDA, JESUS ANTONIO",Normal,S.D. CRUCES,2-0,1186955
32,"GRANJA HERMIDA, JESUS ANTONIO",Normal,S.D. CRUCES,3-0,1186955
52,"GRANJA HERMIDA, JESUS ANTONIO",Normal,S.D. CRUCES,4-0,1186955
69,"FERNANDEZ REBOREDO, JUAN",Normal,S.D. CRUCES,5-0,1186955
44,"BARDANCA REY, GONZALO",Normal,S.D. DUBRA B,1-0,1186956
6,"VIZCAINO ALCALDE, OSCAR",Normal,C.F. CIRE DE MELIDE,0-1,1186957
9,"VIZCAINO ALCALDE, OSCAR",Normal,C.F. CIRE DE MELIDE,0-2,1186957
12,"VIZCAINO ALCALDE, OSCAR",Normal,C.F. CIRE DE MELIDE,0-3,1186957
15,"PEREIRO SANCHEZ, DAVID",Normal,C.F. CIRE DE MELIDE,0-4,1186957
31,"PEREIRO SANCHEZ, DAVID",Normal,C.F. CIRE DE MELIDE,0-5,1186957
59,"PAMPIN NOGUEROL, DANIEL",Normal,C.F. CIRE DE MELIDE,0-6,1186957
61,"PARRADO ROMERO, CARLOS",Normal,C.F. CIRE DE MELIDE,0-7,1186957
78,"PAMPIN NOGUEROL, DANIEL",Normal,C.F. CIRE DE MELIDE,0-8,1186957
84,"MOSTEIRO GARCIA, SERGIO",Normal,C.F. CIRE DE MELIDE,0-9,1186957
86,"PAMPIN NOGUEROL, DANIEL",Normal,C.F. CIRE DE MELIDE,0-10,1186957
90,"PAMPIN NOGUEROL, DANIEL",Normal,C.F. CIRE DE MELIDE,0-11,1186957
11,"GONZALEZ CARBALLO, ANXO",Normal,S.D. VILLESTRO,1-0,1186958
24,"BESTEIRO SAEZ, JAVIER",Normal,C.D. SAN MAMED,1-1,1186958
54,"PEREZ MARTINEZ, SAMUEL",Normal,C.D. SAN MAMED,1-2,1186958
80,"DE SOUSA OLIVEIRA, THIAGO",Normal,S.D. VILLESTRO,2-2,1186958
31,"RIOS ALCAIDE, JUAN MANUEL",Normal,LAMELA C.F.,0-1,1186959
35,"PARADA CASTIÑEIRAS, OSCAR",Penalti,A.C.U.D. CAMPORRAPADO,1-1,1186959
41,"CASTRO DOMINGUEZ, FRANCISCO",Normal,LAMELA C.F.,1-2,1186959
45'+3,"CASTRO DOMINGUEZ, FRANCISCO",Normal,LAMELA C.F.,1-3,1186959
60,"GARCIA CARRERA, MANUEL",Normal,LAMELA C.F.,1-4,1186959
10,"SEIJO CASTRO, YAGO",Normal,C.D.BELVIS,1-0,1186960
20,"FERNÁNDEZ GARCÍA, RUBÉN",Normal,C.F. SILLEDA,1-1,1186960
88,"FERNÁNDEZ GARCÍA, RUBÉN",Normal,C.F. SILLEDA,1-2,1186960
90'+2,"PROL BREA, DIEGO",Normal,C.D.BELVIS,2-2,1186960
74,"VAAMONDE CALVIÑO, MANUEL",Propia Puerta,C.D. SPORT TEAM ESTRADA,1-0,1186961
37,"FARIÑAS LOPEZ, ALEJANDRO",Normal,SOCIEDADE DEPORTIVA O PINO,1-0,1186962
48,"SOTO PARCERO, DANIEL",Normal,S.D. CRUCES,1-1,1186962
70,"CEREIJO IGLESIAS, ALBERTO L",Normal,SOCIEDADE DEPORTIVA O PINO,2-1,1186962
90'+4,"FERREIRO RIAL, RUBEN",Normal,SOCIEDADE DEPORTIVA O PINO,3-1,1186962
16,"FORJAN GARCIA, ADRIAN",Normal,S.D. DUBRA B,0-1,1186963
24,"DUBRA LORENZO, ALEJANDRO",Normal,S.D. DUBRA B,0-2,1186963
36,"MIGUEZ REY, MICHAEL",Penalti,S.D.C. RECESENDE,1-2,1186963
47,"FORJAN GARCIA, ADRIAN",Normal,S.D. DUBRA B,1-3,1186963
58,"DUBRA LORENZO, ALEJANDRO",Normal,S.D. DUBRA B,1-4,1186963
10,"BECERRA VARELA, ESTEBAN",Normal,TRAZO C.F.,0-1,1186964
35,"BARREIRO TURNES, MOISES",Normal,RODEIRO C.F.,1-1,1186964
43,"BARREIRO TURNES, MOISES",Propia Puerta,TRAZO C.F.,1-2,1186964
69,"OTERO ARIAS, JOSE L",Normal,RODEIRO C.F.,2-2,1186964
15,"PEREIRO SANCHEZ, DAVID",Normal,C.F. CIRE DE MELIDE,1-0,1186965
25,"PAMPIN NOGUEROL, DANIEL",Normal,C.F. CIRE DE MELIDE,2-0,1186965
34,"DE SOUSA OLIVEIRA, THIAGO",Normal,S.D. VILLESTRO,2-1,1186965
80,"FREIRIA LOPEZ, JORGE",Normal,U.D. VAL DO ULLA,1-0,1186966
66,"FIGUEIRAS GAGO, ALEJANDRO",Normal,LAMELA C.F.,1-0,1186967
70,"GARCIA CARRERA, MANUEL",Normal,LAMELA C.F.,2-0,1186967
75,"ESPIÑO CUIÑA, LOIS",Penalti,LAMELA C.F.,3-0,1186967
90'+1,"TORRES TEIXEIRA, ALEXANDRE",Normal,U.D. VAL DO ULLA,3-1,1186967
4,"DOS REIS FERRO, OSCAR",Normal,A.C.U.D. CAMPORRAPADO,0-1,1186968
48,"ESPANTOSO LAMAS, RICARDO",Normal,C.F. SILLEDA,1-1,1186968
52,"ESPANTOSO LAMAS, RICARDO",Penalti,C.F. SILLEDA,2-1,1186968
55,"PEREZ FERNANDEZ, NUNO",Normal,C.F. SILLEDA,3-1,1186968
74,"CAMBEIRO COSTA, AIRAS",Normal,C.F. SILLEDA,4-1,1186968
79,"RIVERO MONTOTO, NUNO",Normal,C.F. SILLEDA,5-1,1186968
14,"MARTINEZ RODRIGUEZ, ALESSANDRO EDUARDO",Normal,S.D. CACHEIRAS,1-0,1186969
29,"RAMOS CASTRO, ANDRÉS",Normal,C.D.BELVIS,1-1,1186969
46,"MARTINEZ RODRIGUEZ, ALESSANDRO EDUARDO",Normal,S.D. CACHEIRAS,2-1,1186969
78,"SALGUEIRO POMBO, DAVID",Normal,S.D. CACHEIRAS,3-1,1186969
11,"GONZALEZ SANCHEZ, ALEJANDRO",Propia Puerta,C.D. SPORT TEAM ESTRADA,0-1,1186970
20,"VARELA MIRANDA, MATEO",Normal,C.D. SPORT TEAM ESTRADA,0-2,1186970
40,"FUENTES IGLESIAS, CARLOS",Propia Puerta,C.D. SPORT TEAM ESTRADA,0-3,1186970
64,"CHEDAS DURAN, ALFONSO",Normal,C.D. SPORT TEAM ESTRADA,0-4,1186970
78,"LAHSAN, MESAUD MOHAMED FADEL",Normal,C.D. SPORT TEAM ESTRADA,0-5,1186970
56,"PARAFITA BOQUETE, ANGEL",Normal,S.D. DUBRA B,1-0,1186971
70,"RAMAS MUIÑO, MARTIN",Normal,S.D. DUBRA B,2-0,1186971
10,"CANCELA CONDE, ALEJANDRO",Normal,TRAZO C.F.,1-0,1186972
64,"ARIAS GARCIA, SERGIO",Normal,TRAZO C.F.,2-0,1186972
70,"ARIAS GARCIA, SERGIO",Penalti,TRAZO C.F.,3-0,1186972
52,"GARCIA VENCE, JOSE MANUEL",Normal,RODEIRO C.F.,0-1,1186973
76,"AREÁN DIEGUEZ, OVIDIO",Normal,RODEIRO C.F.,0-2,1186973
79,"DE SOUSA OLIVEIRA, THIAGO",Normal,S.D. VILLESTRO,1-2,1186973
90'+4,"FIGUEIRAS PORTELA, FERNANDO",Normal,S.D. VILLESTRO,2-2,1186973
5,"SENDE MALLO, DIEGO",Normal,C.D. SAN MAMED,1-0,1186974
21,"PARRADO ROMERO, CARLOS",Normal,C.F. CIRE DE MELIDE,1-1,1186974
70,"PEREIRO SANCHEZ, DAVID",Normal,C.F. CIRE DE MELIDE,1-2,1186974
11,"ESPIÑO CUIÑA, LOIS",Normal,LAMELA C.F.,1-0,1186975
62,"RIVERO MONTOTO, NUNO",Normal,C.F. SILLEDA,1-1,1186975
90'+1,"RIVERO MONTOTO, NUNO",Normal,C.F. SILLEDA,1-2,1186975
90'+5,"RIVERO MONTOTO, NUNO",Normal,C.F. SILLEDA,1-3,1186975
10,"ROMERO DURO, SANDRO",Normal,S.D. CACHEIRAS,0-1,1186976
38,"RAMOS CASTRO, ANDRÉS",Normal,C.D.BELVIS,1-0,1186977
75,"SOTO PARCERO, DANIEL",Normal,S.D. CRUCES,1-1,1186977
85,"AMIGO FERNANDEZ, JUAN JOSE",Normal,C.D.BELVIS,2-1,1186977
87,"FRANCOS CREGO, JULIAN",Normal,C.D.BELVIS,3-1,1186977
85,"GOMEZ LOPEZ, EZEQUIEL",Normal,C.D. SPORT TEAM ESTRADA,1-0,1186978
5,"VAZQUEZ CORRAL, JORGE",Normal,SOCIEDADE DEPORTIVA O PINO,1-0,1186979
45'+4,"PAZO DURO, JAVIER",Normal,SOCIEDADE DEPORTIVA O PINO,2-0,1186979
44,"DE SOUSA OLIVEIRA, THIAGO",Normal,S.D. VILLESTRO,0-1,1186980
54,"MOSQUERA GARRIDO, DIEGO",Normal,S.D.C. RECESENDE,1-1,1186980
85,"FRANCO SANMARTIN, CARLOS L",Normal,S.D.C. RECESENDE,2-1,1186980
22,"CHAS BROCOS, IAGO SENEN",Normal,C.D. SAN MAMED,0-1,1186981
33,"AREÁN DIEGUEZ, OVIDIO",Normal,RODEIRO C.F.,1-1,1186981
80,"FERREIRO CAMBA, MANUEL",Penalti,RODEIRO C.F.,2-1,1186981
41,"PARRADO ROMERO, CARLOS",Normal,C.F. CIRE DE MELIDE,0-1,1186982
45,"FREIRIA LOPEZ, JORGE",Normal,U.D. VAL DO ULLA,1-1,1186982
51,"PEREIRO SANCHEZ, DAVID",Normal,C.F. CIRE DE MELIDE,1-2,1186982
54,"PEREIRO SANCHEZ, DAVID",Normal,C.F. CIRE DE MELIDE,1-3,1186982
58,"PEREIRO SANCHEZ, DAVID",Penalti,C.F. CIRE DE MELIDE,1-4,1186982
17,"FREIRIA LOPEZ, JORGE",Normal,U.D. VAL DO ULLA,0-1,1186983
27,"CAMBEIRO COSTA, AIRAS",Normal,C.F. SILLEDA,1-1,1186983
37,"CAMBEIRO COSTA, AIRAS",Normal,C.F. SILLEDA,2-1,1186983
40,"CALVIÑO IGLESIAS, PABLO",Normal,U.D. VAL DO ULLA,2-2,1186983
45'+1,"ALONSO GIL, GUILLERMO",Propia Puerta,U.D. VAL DO ULLA,2-3,1186983
48,"FREIRIA LOPEZ, IGNACIO",Normal,U.D. VAL DO ULLA,2-4,1186983
73,"RODRIGUEZ NUÑEZ, XABIER",Normal,U.D. VAL DO ULLA,2-5,1186983
19,"GARCIA CARRERA, MANUEL",Normal,LAMELA C.F.,0-1,1186984
22,"SALGUEIRO POMBO, DAVID",Normal,S.D. CACHEIRAS,1-1,1186984
34,"CASTRO DOMINGUEZ, FRANCISCO",Normal,LAMELA C.F.,1-2,1186984
79,"MARTINEZ RODRIGUEZ, JOSE EMILIO",Normal,S.D. CACHEIRAS,2-2,1186984
90'+1,"SOUTO BUJAN, JULIO",Normal,S.D. CACHEIRAS,3-2,1186984
90'+5,"SALGUEIRO POMBO, DAVID",Normal,S.D. CACHEIRAS,4-2,1186984
85,"GARCÍA CASAL, SANTIAGO",Propia Puerta,S.D. CRUCES,1-0,1186985
15,"BARDANCA REY, GONZALO",Normal,S.D. DUBRA B,1-0,1186986
27,"MIGUEZ MEIJOMIL, MIGUEL",Normal,C.D.BELVIS,1-1,1186986
56,"RAMAS MUIÑO, MARTIN",Normal,S.D. DUBRA B,2-1,1186986
62,"GARCIA MARROZOS, XABIER",Normal,S.D. DUBRA B,3-1,1186986
67,"RAMAS MUIÑO, MARTIN",Normal,S.D. DUBRA B,4-1,1186986
89,"MIGUEZ MEIJOMIL, MIGUEL",Normal,C.D.BELVIS,4-2,1186986
36,"LAHSAN, MESAUD MOHAMED FADEL",Normal,C.D. SPORT TEAM ESTRADA,0-1,1186987
37,"LAHSAN, MESAUD MOHAMED FADEL",Normal,C.D. SPORT TEAM ESTRADA,0-2,1186987
50,"CERVIÑO CARRACEDO, ANDRES",Normal,C.D. SPORT TEAM ESTRADA,0-3,1186987
51,"TOUCEDA GOLDAR, MIGUEL",Normal,C.D. SPORT TEAM ESTRADA,0-4,1186987
39,"FERREIRO RIAL, RUBEN",Normal,SOCIEDADE DEPORTIVA O PINO,0-1,1186988
13,"TEMBRA SOUTO, SANTIAGO",Normal,S.D.C. RECESENDE,0-1,1186989
16,"SENDE MALLO, DIEGO",Normal,C.D. SAN MAMED,1-1,1186989
47,"BESTEIRO SAEZ, JAVIER",Normal,C.D. SAN MAMED,2-1,1186989
81,"CHAS BROCOS, IAGO SENEN",Normal,C.D. SAN MAMED,3-1,1186989
44,"MOSTEIRO GARCIA, SERGIO",Normal,C.F. CIRE DE MELIDE,1-0,1186990
24,"MARTINEZ RODRIGUEZ, ALESSANDRO EDUARDO",Normal,S.D. CACHEIRAS,0-1,1186991
45'+4,"VAAMONDE CALVIÑO, MANUEL",Penalti,S.D. CACHEIRAS,0-2,1186991
77,"NUÑEZ GONZALEZ, MIGUEL",Propia Puerta,S.D. CACHEIRAS,0-3,1186991
86,"OTERO MATEOS, PABLO",Normal,S.D. CACHEIRAS,0-4,1186991
89,"FERNÁNDEZ GARCÍA, RUBÉN",Normal,C.F. SILLEDA,1-4,1186991
64,"OTERO MARTINEZ, CHRISTIAN",Normal,S.D. CRUCES,0-1,1186992
67,"CASTRO DOMINGUEZ, FRANCISCO",Normal,LAMELA C.F.,1-1,1186992
79,"AGUIAR RODRIGUEZ, JULIAN",Normal,LAMELA C.F.,2-1,1186992
7,"FORJAN GARCIA, ADRIAN",Normal,S.D. DUBRA B,0-1,1186993
15,"DUBRA LORENZO, ALEJANDRO",Normal,S.D. DUBRA B,0-2,1186993
45'+1,"LIÑARES NOYA, FABIAN",Normal,S.D. DUBRA B,0-3,1186993
89,"PARADA CASTIÑEIRAS, OSCAR",Penalti,A.C.U.D. CAMPORRAPADO,1-3,1186993
9,"VAZQUEZ POMAR, MARCOS",Normal,C.D.BELVIS,1-0,1186994
22,"MIGUEZ MEIJOMIL, MIGUEL",Penalti,C.D.BELVIS,2-0,1186994
30,"ARIAS GARCIA, SERGIO",Normal,TRAZO C.F.,2-1,1186994
32,"PROL BREA, DIEGO",Normal,C.D.BELVIS,3-1,1186994
41,"MIGUEZ MEIJOMIL, MIGUEL",Normal,C.D.BELVIS,4-1,1186994
51,"NIETO GESTO, CARLOS",Normal,TRAZO C.F.,4-2,1186994
65,"FERREIRA PARENTE, RAUL",Normal,TRAZO C.F.,4-3,1186994
34,"VARELA MIRANDA, MATEO",Normal,C.D. SPORT TEAM ESTRADA,1-0,1186995
52,"FUENTES CORREA, MANUEL",Normal,C.D. SPORT TEAM ESTRADA,2-0,1186995
76,"CHEDAS DURAN, ALFONSO",Normal,C.D. SPORT TEAM ESTRADA,3-0,1186995
83,"CHEDAS DURAN, ALFONSO",Normal,C.D. SPORT TEAM ESTRADA,4-0,1186995
53,"FARIÑAS LOPEZ, ALEJANDRO",Normal,SOCIEDADE DEPORTIVA O PINO,1-0,1186996
58,"VAZQUEZ CORRAL, JORGE",Normal,SOCIEDADE DEPORTIVA O PINO,2-0,1186996
80,"FARIÑAS LOPEZ, ALEJANDRO",Normal,SOCIEDADE DEPORTIVA O PINO,3-0,1186996
85,"CEREIJO IGLESIAS, ALBERTO L",Normal,SOCIEDADE DEPORTIVA O PINO,4-0,1186996
48,"PARRADO ROMERO, CARLOS",Normal,C.F. CIRE DE MELIDE,0-1,1186997
88,"PEREIRO SANCHEZ, DAVID",Normal,C.F. CIRE DE MELIDE,0-2,1186997
33,"CALVO DAFONTE, RAÚL",Normal,RODEIRO C.F.,0-1,1186998
18,"SALGUEIRO POMBO, DAVID",Normal,S.D. CACHEIRAS,1-0,1186999
32,"MARTINEZ RODRIGUEZ, ALESSANDRO EDUARDO",Normal,S.D. CACHEIRAS,2-0,1186999
44,"SALGUEIRO POMBO, DAVID",Normal,S.D. CACHEIRAS,3-0,1186999
68,"AMBOAGE VILLAR, IVAN",Normal,U.D. VAL DO ULLA,3-1,1186999
37,"RIVERO MONTOTO, NUNO",Normal,C.F. SILLEDA,0-1,1187000
51,"CAMBEIRO COSTA, AIRAS",Normal,C.F. SILLEDA,0-2,1187000
70,"OTERO IGLESIAS, OSCAR",Normal,S.D. CRUCES,1-2,1187000
77,"DEL PUERTO DUARTE, VICTOR MANUEL",Normal,C.F. SILLEDA,1-3,1187000
83,"LYAGOUBI, MOHAMED AMINE",Normal,S.D. CRUCES,2-3,1187000
85,"JAR PENIDO, ALVARO",Normal,C.F. SILLEDA,2-4,1187000
22,"DUBRA LORENZO, ALEJANDRO",Normal,S.D. DUBRA B,1-0,1187001
31,"GARCIA CARRERA, MANUEL",Normal,LAMELA C.F.,1-1,1187001
60,"DUBRA LORENZO, ALEJANDRO",Normal,S.D. DUBRA B,2-1,1187001
76,"FORJAN GARCIA, ADRIAN",Normal,S.D. DUBRA B,3-1,1187001
49,"ARIAS GARCIA, SERGIO",Normal,TRAZO C.F.,1-0,1187002
74,"ARIAS GARCIA, SERGIO",Normal,TRAZO C.F.,2-0,1187002
90'+3,"PEREIRAS PEREIRO, RAFAEL",Normal,A.C.U.D. CAMPORRAPADO,2-1,1187002
38,"GUTIERREZ VAZQUEZ, EDUARDO",Normal,C.D.BELVIS,0-1,1187003
75,"RUZA VAZQUEZ, BRAIS",Normal,C.D.BELVIS,0-2,1187003
83,"FERNANDEZ GONZALEZ, IAGO JOSE",Normal,C.D. SPORT TEAM ESTRADA,0-1,1187004
87,"LAHSAN, MESAUD MOHAMED FADEL",Normal,C.D. SPORT TEAM ESTRADA,0-2,1187004
37,"VAZQUEZ NOVAS, MANUEL",Normal,C.F. CIRE DE MELIDE,1-0,1187005
50,"GARCIA LOPEZ, ALEJANDRO",Normal,C.F. CIRE DE MELIDE,2-0,1187005
90'+1,"PARRADO ROMERO, CARLOS",Normal,C.F. CIRE DE MELIDE,3-0,1187005
55,"OTERO ARIAS, JOSE L",Normal,RODEIRO C.F.,1-0,1187006
26,"SALGUEIRO POMBO, DAVID",Normal,S.D. CACHEIRAS,1-0,1187007
36,"CARBALLAL MONTEAGUDO, SAUL",Normal,S.D. CACHEIRAS,2-0,1187007
6,"SUAREZ PEON, DIEGO",Normal,C.F. SILLEDA,1-0,1187008
8,"RODRIGUEZ LANDEIRA, SERGIO J",Normal,S.D. DUBRA B,1-1,1187008
5,"FERREIRA PARENTE, RAUL",Normal,TRAZO C.F.,0-1,1187009
6,"GARCIA CARRERA, MANUEL",Normal,LAMELA C.F.,1-1,1187009
19,"GARCIA CARRERA, MANUEL",Normal,LAMELA C.F.,2-1,1187009
34,"GARCIA CARRERA, MANUEL",Normal,LAMELA C.F.,3-1,1187009
45'+1,"VILLAMAYOR RIVADULLA, PEDRO",Normal,LAMELA C.F.,4-1,1187009
69,"FERREIRA PARENTE, RAUL",Normal,TRAZO C.F.,4-2,1187009
74,"FERREIRA PARENTE, RAUL",Normal,TRAZO C.F.,4-3,1187009
27,"ZAGATO PEREIRA, JOAO VITOR",Normal,S.D. VILLESTRO,0-1,1187010
65,"DOS SANTOS MARQUES, ALEANDRO",Penalti,S.D. VILLESTRO,0-2,1187010
88,"PROL BREA, DIEGO",Penalti,C.D.BELVIS,1-0,1187011
32,"CEREIJO IGLESIAS, ALBERTO L",Normal,SOCIEDADE DEPORTIVA O PINO,1-0,1187013
90'+2,"CEREIJO IGLESIAS, ALBERTO L",Normal,SOCIEDADE DEPORTIVA O PINO,2-0,1187013
61,"FREIRIA LOPEZ, JORGE",Normal,U.D. VAL DO ULLA,1-0,1187014
89,"CANICOBA BERNARDEZ, BRAIS",Normal,U.D. VAL DO ULLA,2-0,1187014
38,"SANCHEZ CARPINTEIRO, MIGUEL",Normal,U.D. VAL DO ULLA,0-1,1187015
54,"SALGUEIRO POMBO, DAVID",Normal,S.D. CACHEIRAS,0-1,1187016
68,"FORJAN GARCIA, ADRIAN",Normal,S.D. DUBRA B,1-1,1187016
75,"PAZOS MARTINEZ, ROBERTO",Normal,S.D. DUBRA B,2-1,1187016
59,"CAMBEIRO COSTA, AIRAS",Normal,C.F. SILLEDA,0-1,1187017
64,"RIVERO MONTOTO, NUNO",Normal,C.F. SILLEDA,0-2,1187017
22,"RIOS ALCAIDE, JUAN MANUEL",Normal,LAMELA C.F.,0-1,1187018
32,"CASTRO DOMINGUEZ, FRANCISCO",Normal,LAMELA C.F.,0-2,1187018
3,"DE LA FUENTE SUAREZ, RUBEN",Normal,A.C.U.D. CAMPORRAPADO,0-1,1187019
8,"CHAS BROCOS, IAGO SENEN",Normal,C.D. SAN MAMED,1-1,1187019
21,"BESTEIRO SAEZ, JAVIER",Normal,C.D. SAN MAMED,2-1,1187019
60,"MACEIRA MATO, ALFONSO",Normal,C.D. SAN MAMED,3-1,1187019
73,"CARRO MAREQUE, JUAN JOSE",Normal,A.C.U.D. CAMPORRAPADO,3-2,1187019
22,"MOSTEIRO GARCIA, SERGIO",Normal,C.F. CIRE DE MELIDE,1-0,1187020
58,"PARRADO ROMERO, CARLOS",Normal,C.F. CIRE DE MELIDE,2-0,1187020
88,"PEREIRO SANCHEZ, DAVID",Normal,C.F. CIRE DE MELIDE,3-0,1187020
76,"FUENTES CORREA, MANUEL",Normal,C.D. SPORT TEAM ESTRADA,0-1,1187021
84,"BARRUSO ARIAS, HUGO",Normal,C.D. SPORT TEAM ESTRADA,0-2,1187021
89,"CERVIÑO CARRACEDO, ANDRES",Penalti,C.D. SPORT TEAM ESTRADA,0-3,1187021
64,"FERREIRO RIAL, RUBEN",Normal,SOCIEDADE DEPORTIVA O PINO,0-1,1187022
71,"GARCIA DURAN, RUBEN",Normal,S.D.C. RECESENDE,1-1,1187022
90'+2,"SAINZ TRESGUERRAS, JESUS FERNANDO",Penalti,SOCIEDADE DEPORTIVA O PINO,1-2,1187022
90'+4,"FERREIRO RIAL, RUBEN",Normal,SOCIEDADE DEPORTIVA O PINO,1-3,1187022
47,"RIVAS SUAREZ, MARTIN",Normal,S.D. DUBRA B,0-1,1187023
65,"RIVAS SUAREZ, MARTIN",Normal,S.D. DUBRA B,0-2,1187023
85,"CORBAL CANGADO, BENITO",Normal,S.D. CRUCES,1-2,1187023
79,"RIVERO MONTOTO, NUNO",Normal,C.F. SILLEDA,1-0,1187025
74,"GRANATA LOPEZ, DANIEL",Normal,C.D. SAN MAMED,0-1,1187026
37,"PARRADO ROMERO, CARLOS",Normal,C.F. CIRE DE MELIDE,0-1,1187027
60,"DE LA FUENTE SUAREZ, RUBEN",Normal,A.C.U.D. CAMPORRAPADO,1-1,1187027
4,"GUTIERREZ VAZQUEZ, EDUARDO",Normal,C.D.BELVIS,1-0,1187028
54,"MIGUEZ MEIJOMIL, MIGUEL",Normal,C.D.BELVIS,2-0,1187028
84,"AMIGO FERNANDEZ, JUAN JOSE",Normal,C.D.BELVIS,3-0,1187028
25,"BARRUSO ARIAS, HUGO",Normal,C.D. SPORT TEAM ESTRADA,1-0,1187029
34,"GOMEZ LOPEZ, EZEQUIEL",Normal,C.D. SPORT TEAM ESTRADA,2-0,1187029
37,"BARRUSO ARIAS, HUGO",Normal,C.D. SPORT TEAM ESTRADA,3-0,1187029
44,"GOMEZ LOPEZ, EZEQUIEL",Normal,C.D. SPORT TEAM ESTRADA,4-0,1187029
50,"LAHSAN, MESAUD MOHAMED FADEL",Normal,C.D. SPORT TEAM ESTRADA,5-0,1187029
52,"CERVIÑO CARRACEDO, ANDRES",Normal,C.D. SPORT TEAM ESTRADA,6-0,1187029
65,"CERVIÑO CARRACEDO, ANDRES",Normal,C.D. SPORT TEAM ESTRADA,7-0,1187029
67,"LAHSAN, MESAUD MOHAMED FADEL",Normal,C.D. SPORT TEAM ESTRADA,8-0,1187029
72,"RIVADULLA QUINTAS, LUIS MIGUEL",Normal,C.D. SPORT TEAM ESTRADA,9-0,1187029
57,"CALVIÑO IGLESIAS, PABLO",Normal,U.D. VAL DO ULLA,1-0,1187030
69,"NEIRA CARPINTEIRO, PABLO",Normal,U.D. VAL DO ULLA,2-0,1187030
58,"TORRES TEIXEIRA, ALEXANDRE",Normal,U.D. VAL DO ULLA,0-1,1187031
61,"RODRIGUEZ NUÑEZ, XABIER",Normal,U.D. VAL DO ULLA,0-2,1187031
72,"DOMINGUEZ GARCIA, ADRIAN",Normal,S.D. CRUCES,0-1,1187032
14,"FIGUEIRAS PORTELA, FERNANDO",Normal,S.D. VILLESTRO,1-0,1187033
32,"MARTINEZ RODRIGUEZ, ALESSANDRO EDUARDO",Normal,S.D. CACHEIRAS,1-1,1187033
90'+6,"BENITEZ SANHUEZA, LEONARDO",Normal,S.D. CACHEIRAS,1-2,1187033
74,"REY CALVO, BRAIS",Normal,C.D. SAN MAMED,1-0,1187034
77,"RIVERO MONTOTO, NUNO",Normal,C.F. SILLEDA,1-1,1187034
90'+3,"RIVERO MONTOTO, NUNO",Normal,C.F. SILLEDA,1-2,1187034
25,"PARRADO ROMERO, CARLOS",Normal,C.F. CIRE DE MELIDE,1-0,1187035
56,"PEREIRO SANCHEZ, DAVID",Normal,C.F. CIRE DE MELIDE,2-0,1187035
58,"CASTRO DOMINGUEZ, FRANCISCO",Normal,LAMELA C.F.,2-1,1187035
79,"MOSTEIRO GARCIA, SERGIO",Normal,C.F. CIRE DE MELIDE,3-1,1187035
86,"RODRIGUEZ FARIÑA, ALEJANDRO",Propia Puerta,C.F. CIRE DE MELIDE,4-1,1187035
90'+2,"RIVADULLA FOCIÑOS, MARCOS",Normal,C.F. CIRE DE MELIDE,5-1,1187035
3,"ROMERO MONTOUTO, PABLO",Normal,RODEIRO C.F.,1-0,1187036
28,"ROMERO MONTOUTO, PABLO",Normal,RODEIRO C.F.,2-0,1187036
69,"CANGADO VILLAMARIN, CARLOS",Normal,RODEIRO C.F.,3-0,1187036
78,"ROMERO MONTOUTO, PABLO",Normal,RODEIRO C.F.,4-0,1187036
3,"CHEDAS DURAN, ALFONSO",Normal,C.D. SPORT TEAM ESTRADA,0-1,1187038
43,"CEREIJO IGLESIAS, ALBERTO L",Normal,SOCIEDADE DEPORTIVA O PINO,1-1,1187038
52,"VAZQUEZ CORRAL, JORGE",Penalti,SOCIEDADE DEPORTIVA O PINO,2-1,1187038
27,"DUBRA LORENZO, ALEJANDRO",Normal,S.D. DUBRA B,1-0,1187039
35,"CANCELA CONDE, ALEJANDRO",Normal,TRAZO C.F.,1-1,1187039
48,"RIAL GARCIA, SEBASTIAN",Normal,TRAZO C.F.,1-2,1187039
58,"CERNADAS NOYA, LUCAS",Normal,S.D. DUBRA B,2-2,1187039
22,"KHALLOUK EL AMRANI, MOHAMED",Normal,S.D. CRUCES,1-0,1187040
35,"LORENZO GARRIDO, JORGE",Normal,S.D. VILLESTRO,1-1,1187040
38,"LOPEZ REY, LEO",Normal,S.D. CRUCES,2-1,1187040
47,"DOMINGUEZ GARCIA, ADRIAN",Normal,S.D. CRUCES,3-1,1187040
73,"PEREZ RIO, VICTOR",Normal,S.D. VILLESTRO,3-2,1187040
40,"RENDO GUITIAN, ALEXANDRE",Normal,C.D. SAN MAMED,0-1,1187041
53,"BENITEZ SANHUEZA, LEONARDO",Normal,S.D. CACHEIRAS,1-1,1187041
55,"VAAMONDE CALVIÑO, MANUEL",Normal,S.D. CACHEIRAS,2-1,1187041
90'+3,"BOUZAS MOSQUERA, MANUEL",Penalti,S.D. CACHEIRAS,3-1,1187041
59,"PEREIRO SANCHEZ, DAVID",Normal,C.F. CIRE DE MELIDE,0-1,1187042
66,"RIVERO MONTOTO, NUNO",Normal,C.F. SILLEDA,1-1,1187042
76,"PEREIRO SANCHEZ, DAVID",Normal,C.F. CIRE DE MELIDE,1-2,1187042
86,"SESTO MOSQUERA, ANXO",Normal,C.F. CIRE DE MELIDE,1-3,1187042
90'+4,"SESTO MOSQUERA, ANXO",Normal,C.F. CIRE DE MELIDE,1-4,1187042
13,"BERNARDEZ VILAR, ALEJANDRO",Normal,RODEIRO C.F.,0-1,1187043
14,"ROMERO MONTOUTO, PABLO",Normal,RODEIRO C.F.,0-2,1187043
15,"GARCIA VENCE, JOSE MANUEL",Normal,RODEIRO C.F.,0-3,1187043
27,"GARCIA VENCE, JOSE MANUEL",Normal,RODEIRO C.F.,0-4,1187043
53,"RIOS ALCAIDE, JUAN MANUEL",Normal,LAMELA C.F.,1-4,1187043
89,"CANGADO VILLAMARIN, CARLOS",Normal,RODEIRO C.F.,1-5,1187043
45'+1,"FRANCO SANMARTIN, CARLOS L",Normal,S.D.C. RECESENDE,0-1,1187044
53,"NOYA GOMEZ, DANIEL",Normal,S.D.C. RECESENDE,0-2,1187044
90'+3,"ESPADA PAZOS, JORGE",Normal,A.C.U.D. CAMPORRAPADO,1-2,1187044
32,"RAMOS CASTRO, ANDRÉS",Normal,C.D.BELVIS,1-0,1187045
43,"FRANCOS CREGO, JULIAN",Normal,C.D.BELVIS,2-0,1187045
13,"BARRUSO ARIAS, HUGO",Normal,C.D. SPORT TEAM ESTRADA,0-1,1187046
22,"BARRUSO ARIAS, HUGO",Normal,C.D. SPORT TEAM ESTRADA,0-2,1187046
37,"BARRUSO ARIAS, HUGO",Normal,C.D. SPORT TEAM ESTRADA,0-3,1187046
39,"CERVIÑO CARRACEDO, ANDRES",Normal,C.D. SPORT TEAM ESTRADA,0-4,1187046
47,"TAIBO MERA, FRANCISCO",Normal,U.D. VAL DO ULLA,1-4,1187046
48,"RODRIGUEZ NUÑEZ, XABIER",Normal,U.D. VAL DO ULLA,2-4,1187046
62,"FERNANDEZ GONZALEZ, IAGO JOSE",Normal,C.D. SPORT TEAM ESTRADA,2-5,1187046
79,"GOMEZ LOPEZ, EZEQUIEL",Normal,C.D. SPORT TEAM ESTRADA,2-6,1187046
80,"GOMEZ LOPEZ, EZEQUIEL",Propia Puerta,U.D. VAL DO ULLA,3-6,1187046
7,"SANCHEZ CARPINTEIRO, MIGUEL",Normal,U.D. VAL DO ULLA,1-0,1187047
11,"FORJAN GARCIA, ADRIAN",Normal,S.D. DUBRA B,0-1,1187048
35,"CASTRO MOAR, BRAIS",Normal,S.D. VILLESTRO,1-1,1187048
19,"CASAL ALVAREZ, DAVID",Propia Puerta,S.D. CRUCES,0-1,1187049
53,"FAILDE FIESTRAS, ALEJANDRO",Normal,S.D. CRUCES,0-2,1187049
76,"SENDE MALLO, DIEGO",Penalti,C.D. SAN MAMED,1-2,1187049
14,"SALGUEIRO POMBO, DAVID",Normal,S.D. CACHEIRAS,0-1,1187050
36,"CARBALLAL MONTEAGUDO, SAUL",Normal,S.D. CACHEIRAS,0-2,1187050
40,"POLO ABAD, ASIER",Normal,C.F. CIRE DE MELIDE,1-2,1187050
29,"OTERO ARIAS, JOSE L",Normal,RODEIRO C.F.,1-0,1187051
39,"CAMBEIRO COSTA, AIRAS",Normal,C.F. SILLEDA,1-1,1187051
67,"ROMERO MONTOUTO, PABLO",Normal,RODEIRO C.F.,2-1,1187051
82,"GARCIA VENCE, JOSE MANUEL",Normal,RODEIRO C.F.,3-1,1187051
44,"DOVAL GARCIA, ION",Normal,LAMELA C.F.,0-1,1187052
72,"CASTRO DOMINGUEZ, FRANCISCO",Normal,LAMELA C.F.,0-2,1187052
23,"SAINZ TRESGUERRAS, JESUS FERNANDO",Normal,SOCIEDADE DEPORTIVA O PINO,1-0,1187053
39,"LOPEZ CANICOBA, FABIAN",Penalti,A.C.U.D. CAMPORRAPADO,1-1,1187053
50,"VAZQUEZ CORRAL, JORGE",Normal,SOCIEDADE DEPORTIVA O PINO,2-1,1187053
89,"GOMEZ CORA, ADRIAN",Normal,C.D. SPORT TEAM ESTRADA,1-0,1187054
90'+5,"LAHSAN, MESAUD MOHAMED FADEL",Normal,C.D. SPORT TEAM ESTRADA,2-0,1187054
17,"CHAS BROCOS, IAGO SENEN",Normal,C.D. SAN MAMED,0-1,1187056
48,"DUBRA LORENZO, ALEJANDRO",Normal,S.D. DUBRA B,1-1,1187056
71,"FORJAN GARCIA, ADRIAN",Normal,S.D. DUBRA B,2-1,1187056
33,"LOPEZ REY, LEO",Normal,S.D. CRUCES,1-0,1187057
42,"PEREIRO SANCHEZ, DAVID",Normal,C.F. CIRE DE MELIDE,1-1,1187057
84,"PARRADO ROMERO, CARLOS",Normal,C.F. CIRE DE MELIDE,1-2,1187057
66,"ROMERO MONTOUTO, PABLO",Normal,RODEIRO C.F.,0-1,1187058
87,"FARIÑA BRAVO, ADRIAN",Normal,S.D. CACHEIRAS,1-1,1187058
41,"PICANS REY, HUGO",Normal,C.F. SILLEDA,1-0,1187059
60,"RIVERO MONTOTO, NUNO",Normal,C.F. SILLEDA,2-0,1187059
74,"SUAREZ PEON, DIEGO",Normal,C.F. SILLEDA,3-0,1187059
80,"FERNÁNDEZ GARCÍA, RUBÉN",Normal,C.F. SILLEDA,4-0,1187059
59,"VARELA VAZQUEZ, DAVID",Normal,LAMELA C.F.,1-0,1187060
66,"GARCIA CARRERA, MANUEL",Normal,LAMELA C.F.,2-0,1187060
76,"FUENTES CORREA, MANUEL",Normal,C.D. SPORT TEAM ESTRADA,0-1,1187061
81,"CHEDAS DURAN, ALFONSO",Normal,C.D. SPORT TEAM ESTRADA,0-2,1187061
14,"MIGUEZ MEIJOMIL, MIGUEL",Normal,C.D.BELVIS,1-0,1187062
44,"RUZA VAZQUEZ, BRAIS",Normal,C.D.BELVIS,0-1,1187063
48,"GARCIA CASAL, IVAN",Normal,A.C.U.D. CAMPORRAPADO,1-1,1187063
80,"RAMOS CASTRO, ANDRÉS",Normal,C.D.BELVIS,1-2,1187063
16,"FERNANDEZ GONZALEZ, IAGO JOSE",Normal,C.D. SPORT TEAM ESTRADA,0-1,1187064
22,"FIGUEIRAS GARCIA, PAULO",Normal,C.D. SPORT TEAM ESTRADA,0-2,1187064
50,"FIGUEIRAS GARCIA, PAULO",Normal,C.D. SPORT TEAM ESTRADA,0-3,1187064
80,"ULLA COSTA, RICARDO",Normal,C.D. SPORT TEAM ESTRADA,0-4,1187064
81,"GOMEZ LOPEZ, EZEQUIEL",Normal,C.D. SPORT TEAM ESTRADA,0-5,1187064
11,"PICANS REY, HUGO",Normal,C.F. SILLEDA,1-0,1187065
16,"CAMBEIRO COSTA, AIRAS",Normal,C.F. SILLEDA,2-0,1187065
47,"PAZO DURO, JAVIER",Normal,SOCIEDADE DEPORTIVA O PINO,2-1,1187065
64,"SUAREZ PEON, DIEGO",Normal,C.F. SILLEDA,3-1,1187065
86,"SUAREZ PEON, DIEGO",Normal,C.F. SILLEDA,4-1,1187065
35,"MARTINS TERRON, WAGNER RONALDO",Normal,S.D.C. RECESENDE,0-1,1187066
70,"SALGUEIRO POMBO, DAVID",Penalti,S.D. CACHEIRAS,1-1,1187066
17,"DOMINGUEZ GARCIA, ADRIAN",Normal,S.D. CRUCES,1-0,1187067
47,"LOPEZ REY, LEO",Normal,S.D. CRUCES,2-0,1187067
58,"BERNARDEZ VILAR, ALEJANDRO",Normal,RODEIRO C.F.,2-1,1187067
88,"GRANJA HERMIDA, JESUS ANTONIO",Normal,S.D. CRUCES,3-1,1187067
4,"POLO ABAD, ASIER",Normal,C.F. CIRE DE MELIDE,0-1,1187068
22,"PEREIRO SANCHEZ, DAVID",Normal,C.F. CIRE DE MELIDE,0-2,1187068
60,"PEREIRO SANCHEZ, DAVID",Normal,C.F. CIRE DE MELIDE,0-3,1187068
36,"VILA IGLESIAS, JORDAN",Normal,C.D. SAN MAMED,0-1,1187069
77,"BECERRA MALLO, ADRIAN",Normal,TRAZO C.F.,1-1,1187069
86,"BESTEIRO SAEZ, JAVIER",Normal,C.D. SAN MAMED,1-2,1187069
90'+4,"FERREIRA PARENTE, RAUL",Normal,TRAZO C.F.,2-2,1187069
19,"PEREZ MARCOS, VICTOR",Normal,S.D. VILLESTRO,1-0,1187070
27,"FREIRIA LOPEZ, JORGE",Normal,U.D. VAL DO ULLA,1-1,1187070
34,"FREIRIA LOPEZ, JORGE",Normal,U.D. VAL DO ULLA,1-2,1187070
50,"LORENZO GARRIDO, JORGE",Penalti,S.D. VILLESTRO,2-2,1187070
63,"PEREZ RIO, VICTOR",Normal,S.D. VILLESTRO,3-2,1187070
30,"TORRES TEIXEIRA, ALEXANDRE",Normal,U.D. VAL DO ULLA,1-0,1272370
47,"FREIRIA LOPEZ, IGNACIO",Penalti,U.D. VAL DO ULLA,2-0,1272370
51,"GARCIA CARRERA, MANUEL",Normal,LAMELA C.F.,0-1,1272366
83,"FARIÑAS FREIRE, OSCAR",Normal,C.D.BELVIS,1-1,1272366
88,"ESPIÑO CUIÑA, LOIS",Normal,LAMELA C.F.,1-2,1272366
5,"CAMBEIRO COSTA, AIRAS",Normal,C.F. SILLEDA,0-1,1272369
55,"LOPEZ PEDREIRA, SERGIO",Normal,C.D. SPORT TEAM ESTRADA,1-1,1272369
66,"BARRUSO ARIAS, HUGO",Normal,C.D. SPORT TEAM ESTRADA,2-1,1272369
82,"ULLA COSTA, RICARDO",Normal,C.D. SPORT TEAM ESTRADA,3-1,1272369
86,"CERVIÑO CARRACEDO, ANDRES",Normal,C.D. SPORT TEAM ESTRADA,4-1,1272369
25,"NUÑEZ BARRAL, DAVID",Normal,S.D.C. RECESENDE,1-0,1272372
32,"LYAGOUBI, MOHAMED AMINE",Normal,S.D. CRUCES,1-1,1272372
37,"FRANCO SANMARTIN, CARLOS L",Normal,S.D.C. RECESENDE,2-1,1272372
65,"LOPEZ REY, LEO",Normal,S.D. CRUCES,2-2,1272372
21,"CUÑARRO FERNÁNDEZ, PABLO",Normal,RODEIRO C.F.,1-0,1272367
83,"LIÑARES NOYA, FABIAN",Normal,S.D. DUBRA B,1-1,1272367
40,"PEREIRO SANCHEZ, DAVID",Normal,C.F. CIRE DE MELIDE,1-0,1272371
60,"PEREIRO SANCHEZ, DAVID",Normal,C.F. CIRE DE MELIDE,2-0,1272371
70,"MONTERROSO GOMEZ, SERGIO",Normal,C.F. CIRE DE MELIDE,3-0,1272371
80,"PAMPIN NOGUEROL, DANIEL",Normal,C.F. CIRE DE MELIDE,4-0,1272371
40,"DOS SANTOS MARQUES, ALEANDRO",Normal,S.D. VILLESTRO,0-1,1272368
90,"VIDAL LOSA, ROBERTO",Normal,S.D. VILLESTRO,0-2,1272368
13,"RIVEIRA MURCIA, HUGO",Normal,LAMELA C.F.,1-0,1187079
43,"VARELA VAZQUEZ, DAVID",Normal,LAMELA C.F.,2-0,1187079
55,"CANABAL DE LA FUENTE, CRISTIAN",Normal,LAMELA C.F.,3-0,1187079
72,"CASTRO DOMINGUEZ, FRANCISCO",Normal,LAMELA C.F.,4-0,1187079
75,"VARELA VAZQUEZ, DAVID",Normal,LAMELA C.F.,5-0,1187079
77,"CASTRO DOMINGUEZ, FRANCISCO",Normal,LAMELA C.F.,6-0,1187079
85,"GARCIA REY, ALEJANDRO",Normal,LAMELA C.F.,7-0,1187079
89,"VARELA VAZQUEZ, DAVID",Normal,LAMELA C.F.,8-0,1187079
35,"RIVERO MONTOTO, NUNO",Normal,C.F. SILLEDA,1-0,1187080
42,"PICANS REY, HUGO",Normal,C.F. SILLEDA,2-0,1187080
87,"VILLAVERDE SIXTO, BRAIS",Normal,C.D.BELVIS,2-1,1187080
90'+1,"MIGUEZ MEIJOMIL, MIGUEL",Normal,C.D.BELVIS,2-2,1187080
70,"MARTINEZ RODRIGUEZ, JOSE EMILIO",Normal,S.D. CACHEIRAS,1-0,1187081
30,"SOTO PARCERO, DANIEL",Normal,S.D. CRUCES,1-0,1187082
80,"DOMINGUEZ VAZQUEZ, CRISTIAN",Penalti,S.D. CRUCES,2-0,1187082
83,"VAZQUEZ CORRAL, JORGE",Normal,SOCIEDADE DEPORTIVA O PINO,2-1,1187082
13,"NOYA GOMEZ, DANIEL",Normal,S.D.C. RECESENDE,0-1,1187083
38,"CERNADAS NOYA, LUCAS",Normal,S.D. DUBRA B,1-1,1187083
38,"CANGADO VILLAMARIN, CARLOS",Normal,RODEIRO C.F.,0-1,1187084
48,"RIAL GARCIA, SEBASTIAN",Penalti,TRAZO C.F.,1-1,1187084
65,"RIAL GARCIA, SEBASTIAN",Normal,TRAZO C.F.,2-1,1187084
72,"CUÑARRO FERNÁNDEZ, PABLO",Normal,RODEIRO C.F.,2-2,1187084
17,"VAZQUEZ RAMOS, OMAR A",Normal,C.F. CIRE DE MELIDE,0-1,1187085
28,"PEREIRO SANCHEZ, DAVID",Normal,C.F. CIRE DE MELIDE,0-2,1187085
37,"PAN PEREZ PUJOL, PABLO",Normal,S.D. VILLESTRO,1-2,1187085
51,"LORENZO GARRIDO, JORGE",Penalti,S.D. VILLESTRO,2-2,1187085
45'+2,"ROMARÍS CAMPAÑA, ALBERTO",Normal,U.D. VAL DO ULLA,0-1,1187086
39,"RODRIGUEZ NUÑEZ, XABIER",Normal,U.D. VAL DO ULLA,1-0,1187087
44,"VARELA VAZQUEZ, DAVID",Normal,LAMELA C.F.,1-1,1187087
65,"GARCIA CARRERA, MANUEL",Normal,LAMELA C.F.,1-2,1187087
75,"VARELA VAZQUEZ, DAVID",Normal,LAMELA C.F.,1-3,1187087
24,"RIVERO MONTOTO, NUNO",Normal,C.F. SILLEDA,0-1,1187088
66,"RIVERO MONTOTO, NUNO",Normal,C.F. SILLEDA,0-2,1187088
78,"PICANS REY, HUGO",Normal,C.F. SILLEDA,0-3,1187088
47,"SALGUEIRO POMBO, DAVID",Normal,S.D. CACHEIRAS,0-1,1187089
87,"VAAMONDE CALVIÑO, MANUEL",Normal,S.D. CACHEIRAS,0-2,1187089
90'+2,"SALGUEIRO POMBO, DAVID",Normal,S.D. CACHEIRAS,0-3,1187089
20,"CHEDAS DURAN, ALFONSO",Normal,C.D. SPORT TEAM ESTRADA,1-0,1187090
51,"GOMEZ LOPEZ, EZEQUIEL",Normal,C.D. SPORT TEAM ESTRADA,2-0,1187090
87,"RIVADULLA QUINTAS, LUIS MIGUEL",Normal,C.D. SPORT TEAM ESTRADA,3-0,1187090
43,"LIÑARES NOYA, FABIAN",Normal,S.D. DUBRA B,0-1,1187091
48,"SAINZ TRESGUERRAS, JESUS FERNANDO",Normal,SOCIEDADE DEPORTIVA O PINO,1-1,1187091
49,"GARCIA MARROZOS, XABIER",Normal,S.D. DUBRA B,1-2,1187091
74,"RIVAS SUAREZ, MARTIN",Normal,S.D. DUBRA B,1-3,1187091
81,"SAINZ TRESGUERRAS, JESUS FERNANDO",Normal,SOCIEDADE DEPORTIVA O PINO,2-3,1187091
19,"FERREIRA PARENTE, RAUL",Normal,TRAZO C.F.,0-1,1187092
44,"OTERO ARIAS, JOSE L",Normal,RODEIRO C.F.,1-0,1187093
45'+2,"ZAGATO PEREIRA, JOAO VITOR",Normal,S.D. VILLESTRO,1-1,1187093
84,"FERREIRO CAMBA, MANUEL",Normal,RODEIRO C.F.,2-1,1187093
89,"OTERO ARIAS, JOSE L",Normal,RODEIRO C.F.,3-1,1187093
31,"POLO ABAD, ASIER",Normal,C.F. CIRE DE MELIDE,1-0,1187094
38,"PEREIRO SANCHEZ, DAVID",Normal,C.F. CIRE DE MELIDE,2-0,1187094
61,"PEREIRO SANCHEZ, DAVID",Normal,C.F. CIRE DE MELIDE,3-0,1187094
79,"PARRADO ROMERO, CARLOS",Normal,C.F. CIRE DE MELIDE,4-0,1187094
2,"LAMELA RODRIGUEZ, NICOLAS",Propia Puerta,LAMELA C.F.,0-1,1187095
16,"ESPIÑO CUIÑA, LOIS",Normal,LAMELA C.F.,0-2,1187095
27,"RIVERO MONTOTO, NUNO",Normal,C.F. SILLEDA,1-2,1187095
31,"CAMBEIRO COSTA, AIRAS",Normal,C.F. SILLEDA,2-2,1187095
56,"VARELA VAZQUEZ, DAVID",Normal,LAMELA C.F.,2-3,1187095
37,"GARCIA CASAL, IVAN",Normal,A.C.U.D. CAMPORRAPADO,0-1,1187096
45'+3,"CARBALLAL MONTEAGUDO, SAUL",Normal,S.D. CACHEIRAS,1-1,1187096
62,"SALGUEIRO POMBO, DAVID",Normal,S.D. CACHEIRAS,2-1,1187096
14,"PROL BREA, DIEGO",Propia Puerta,S.D. CRUCES,1-0,1187097
34,"LOPEZ REY, LEO",Normal,S.D. CRUCES,2-0,1187097
5,"FUENTES CORREA, MANUEL",Normal,C.D. SPORT TEAM ESTRADA,0-1,1187098
27,"CERVIÑO CARRACEDO, ANDRES",Penalti,C.D. SPORT TEAM ESTRADA,0-2,1187098
39,"RIVEIRA DA COSTA, MARTIN",Normal,C.D. SPORT TEAM ESTRADA,0-3,1187098
44,"FORJAN GARCIA, ADRIAN",Normal,S.D. DUBRA B,1-3,1187098
66,"RIVAS SUAREZ, MARTIN",Normal,S.D. DUBRA B,2-3,1187098
80,"VARELA MIRANDA, MATEO",Normal,C.D. SPORT TEAM ESTRADA,2-4,1187098
83,"RIVEIRA DA COSTA, MARTIN",Normal,C.D. SPORT TEAM ESTRADA,2-5,1187098
4,"RIAL GARCIA, SEBASTIAN",Normal,TRAZO C.F.,1-0,1187099
21,"CARRIL CARREIRA, RAFAEL",Normal,SOCIEDADE DEPORTIVA O PINO,1-1,1187099
81,"FARIÑAS LOPEZ, ALEJANDRO",Normal,SOCIEDADE DEPORTIVA O PINO,1-2,1187099
89,"CASTRO OTERO, SAMUEL",Normal,TRAZO C.F.,2-2,1187099
18,"DE SOUSA OLIVEIRA, THIAGO",Normal,S.D. VILLESTRO,1-0,1187100
30,"DE SOUSA OLIVEIRA, THIAGO",Normal,S.D. VILLESTRO,2-0,1187100
71,"ROSENDE MARTINEZ, ALEJANDRO",Normal,S.D.C. RECESENDE,2-1,1187100
73,"PEREZ RIO, VICTOR",Normal,S.D. VILLESTRO,3-1,1187100
32,"LOUZAO FERNANDEZ, MANUEL",Normal,C.D. SAN MAMED,1-0,1187101
44,"OTERO ARIAS, JOSE L",Normal,RODEIRO C.F.,1-1,1187101
86,"MACEIRA MATO, ALFONSO",Normal,C.D. SAN MAMED,2-1,1187101
44,"VAZQUEZ NOVAS, MANUEL",Normal,C.F. CIRE DE MELIDE,1-0,1187102
60,"PEREIRO SANCHEZ, DAVID",Normal,C.F. CIRE DE MELIDE,2-0,1187102
76,"VAZQUEZ NOVAS, MANUEL",Normal,C.F. CIRE DE MELIDE,3-0,1187102
9,"FREIRIA LOPEZ, IGNACIO",Normal,U.D. VAL DO ULLA,1-0,1187103
20,"CALVIÑO IGLESIAS, PABLO",Normal,U.D. VAL DO ULLA,2-0,1187103
24,"RODRIGUEZ NUÑEZ, XABIER",Normal,U.D. VAL DO ULLA,3-0,1187103
45'+2,"NUÑEZ GONZALEZ, MIGUEL",Normal,C.F. SILLEDA,3-1,1187103
42,"RIVEIRA MURCIA, HUGO",Normal,LAMELA C.F.,1-0,1187104
58,"FARIÑA BRAVO, ADRIAN",Normal,S.D. CACHEIRAS,1-1,1187104
80,"ABONJO BOUZAS, ALEJANDRO",Normal,LAMELA C.F.,2-1,1187104
68,"FAILDE FIESTRAS, ALEJANDRO",Normal,S.D. CRUCES,0-1,1187105
27,"PAZOS MARTINEZ, ROBERTO",Normal,S.D. DUBRA B,0-1,1187106
87,"PARAMA SUAREZ, DAVID RAFAEL",Normal,S.D. DUBRA B,0-2,1187106
1,"GOMEZ CORA, ADRIAN",Normal,C.D. SPORT TEAM ESTRADA,1-0,1187107
50,"CERVIÑO CARRACEDO, ANDRES",Normal,C.D. SPORT TEAM ESTRADA,2-0,1187107
70,"FERNANDEZ GONZALEZ, IAGO JOSE",Normal,C.D. SPORT TEAM ESTRADA,3-0,1187107
79,"LOPEZ PEDREIRA, SERGIO",Normal,C.D. SPORT TEAM ESTRADA,4-0,1187107
17,"SAINZ TRESGUERRAS, JESUS FERNANDO",Normal,SOCIEDADE DEPORTIVA O PINO,1-0,1187108
31,"LORENZO GARRIDO, JORGE",Normal,S.D. VILLESTRO,1-1,1187108
36,"VARELA LODEIRO, GABRIEL",Normal,SOCIEDADE DEPORTIVA O PINO,2-1,1187108
83,"FIGUEIRAS PORTELA, FERNANDO",Normal,S.D. VILLESTRO,2-2,1187108
90'+2,"FARIÑAS LOPEZ, ALEJANDRO",Normal,SOCIEDADE DEPORTIVA O PINO,3-2,1187108
10,"NUÑEZ BARRAL, DAVID",Normal,S.D.C. RECESENDE,1-0,1187109
1,"PEREIRO SANCHEZ, DAVID",Normal,C.F. CIRE DE MELIDE,0-1,1187110
62,"VAZQUEZ NOVAS, MANUEL",Normal,C.F. CIRE DE MELIDE,0-2,1187110
6,"SALGUEIRO POMBO, DAVID",Normal,S.D. CACHEIRAS,1-0,1187111
7,"VAAMONDE CALVIÑO, MANUEL",Normal,S.D. CACHEIRAS,2-0,1187111
10,"SALGUEIRO POMBO, DAVID",Normal,S.D. CACHEIRAS,3-0,1187111
11,"VAAMONDE CALVIÑO, MANUEL",Normal,S.D. CACHEIRAS,4-0,1187111
29,"LOPEZ DE LA FUENTE, ELOI",Propia Puerta,S.D. CACHEIRAS,5-0,1187111
77,"MARTINEZ RODRIGUEZ, ALESSANDRO EDUARDO",Normal,S.D. CACHEIRAS,6-0,1187111
90,"CARBALLAL MONTEAGUDO, SAUL",Normal,S.D. CACHEIRAS,7-0,1187111
22,"FIGUEIRAS GAGO, ALEJANDRO",Normal,LAMELA C.F.,0-1,1187112
24,"GARCIA CARRERA, MANUEL",Normal,LAMELA C.F.,0-2,1187112
32,"GARCIA CARRERA, MANUEL",Normal,LAMELA C.F.,0-3,1187112
46,"AGUIAR RODRIGUEZ, JULIAN",Normal,LAMELA C.F.,0-4,1187112
11,"FORJAN GARCIA, ADRIAN",Normal,S.D. DUBRA B,1-0,1187113
24,"VIEITES BOUZON, MARTIN",Normal,A.C.U.D. CAMPORRAPADO,1-1,1187113
29,"PAZOS MARTINEZ, ROBERTO",Normal,S.D. DUBRA B,2-1,1187113
38,"FORJAN GARCIA, ADRIAN",Normal,S.D. DUBRA B,3-1,1187113
90'+2,"LIÑARES NOYA, FABIAN",Normal,S.D. DUBRA B,4-1,1187113
32,"BAÑA TOME, ALEJANDRO",Normal,C.D.BELVIS,0-1,1187114
37,"RAMOS CASTRO, ANDRÉS",Normal,C.D.BELVIS,0-2,1187114
73,"RIAL GARCIA, SEBASTIAN",Normal,TRAZO C.F.,1-2,1187114
90'+1,"RIAL GARCIA, SEBASTIAN",Normal,TRAZO C.F.,2-2,1187114
20,"CERVIÑO CARRACEDO, ANDRES",Normal,C.D. SPORT TEAM ESTRADA,0-1,1187115
40,"DE SOUSA OLIVEIRA, THIAGO",Penalti,S.D. VILLESTRO,1-1,1187115
45,"CERVIÑO CARRACEDO, ANDRES",Normal,C.D. SPORT TEAM ESTRADA,1-2,1187115
70,"BARRUSO ARIAS, HUGO",Normal,C.D. SPORT TEAM ESTRADA,1-3,1187115
7,"CEREIJO IGLESIAS, ALBERTO L",Normal,SOCIEDADE DEPORTIVA O PINO,0-1,1187116
81,"PORTOS VILLAR, BORJA",Normal,SOCIEDADE DEPORTIVA O PINO,0-2,1187116
4,"PAMPIN NOGUEROL, DANIEL",Normal,C.F. CIRE DE MELIDE,1-0,1187117
16,"PAMPIN NOGUEROL, DANIEL",Normal,C.F. CIRE DE MELIDE,2-0,1187117
43,"PEREIRO SANCHEZ, DAVID",Normal,C.F. CIRE DE MELIDE,3-0,1187117
52,"ROSENDE MARTINEZ, ALEJANDRO",Normal,S.D.C. RECESENDE,3-1,1187117
59,"MELLID MONTERROSO, MARTIN",Normal,C.F. CIRE DE MELIDE,4-1,1187117
68,"VAZQUEZ NOVAS, MANUEL",Normal,C.F. CIRE DE MELIDE,5-1,1187117
71,"MIGUEZ REY, MICHAEL",Penalti,S.D.C. RECESENDE,5-2,1187117
83,"PEREIRO SANCHEZ, DAVID",Normal,C.F. CIRE DE MELIDE,6-2,1187117
86,"PEREIRO SANCHEZ, DAVID",Normal,C.F. CIRE DE MELIDE,7-2,1187117
56,"OTERO ARIAS, JOSE L",Normal,RODEIRO C.F.,1-0,1187118
85,"LÓPEZ MÉNDEZ, MARCOS",Normal,RODEIRO C.F.,2-0,1187118
90'+2,"SALGUEIRO POMBO, DAVID",Normal,S.D. CACHEIRAS,0-1,1187119
38,"CAMBEIRO COSTA, AIRAS",Normal,C.F. SILLEDA,1-0,1187120
40,"LOPEZ REY, LEO",Normal,S.D. CRUCES,1-1,1187120
32,"VARELA VAZQUEZ, DAVID",Normal,LAMELA C.F.,1-0,1187121
59,"GARCIA CARRERA, MANUEL",Normal,LAMELA C.F.,2-0,1187121
11,"CANCELA CONDE, ALEJANDRO",Normal,TRAZO C.F.,0-1,1187122
13,"CEBEY DE LA TORRE, MANUEL",Normal,TRAZO C.F.,0-2,1187122
31,"PARADA CASTIÑEIRAS, OSCAR",Normal,A.C.U.D. CAMPORRAPADO,1-2,1187122
51,"CANCELA CONDE, ALEJANDRO",Normal,TRAZO C.F.,1-3,1187122
61,"RIAL GARCIA, SEBASTIAN",Normal,TRAZO C.F.,1-4,1187122
39,"VIDAL LOSA, ROBERTO",Normal,S.D. VILLESTRO,0-1,1187123
80,"FRANCOS CREGO, JULIAN",Normal,C.D.BELVIS,1-1,1187123
82,"DE SOUSA OLIVEIRA, THIAGO",Normal,S.D. VILLESTRO,1-2,1187123
56,"LOPEZ PEDREIRA, SERGIO",Normal,C.D. SPORT TEAM ESTRADA,1-0,1187124
63,"PEREZ MARTINEZ, SAMUEL",Normal,C.D. SAN MAMED,1-1,1187124
86,"LOPEZ PEDREIRA, SERGIO",Normal,C.D. SPORT TEAM ESTRADA,2-1,1187124
5,"CUÑARRO FERNÁNDEZ, PABLO",Normal,RODEIRO C.F.,0-1,1187126
45'+1,"VAAMONDE CALVIÑO, MANUEL",Normal,S.D. CACHEIRAS,0-1,1187127
45'+4,"VAAMONDE CALVIÑO, MANUEL",Normal,S.D. CACHEIRAS,0-2,1187127
47,"LOPEZ REY, LEO",Normal,S.D. CRUCES,1-2,1187127
2,"FORJAN GARCIA, ADRIAN",Normal,S.D. DUBRA B,1-0,1187128
17,"RIVERO MONTOTO, NUNO",Normal,C.F. SILLEDA,1-1,1187128
55,"CERNADAS NOYA, LUCAS",Normal,S.D. DUBRA B,2-1,1187128
58,"RIVERO MONTOTO, NUNO",Normal,C.F. SILLEDA,2-2,1187128
25,"RIAL GARCIA, SEBASTIAN",Normal,TRAZO C.F.,1-0,1187129
31,"VARELA VAZQUEZ, DAVID",Normal,LAMELA C.F.,1-1,1187129
10,"VIDAL LOSA, ROBERTO",Normal,S.D. VILLESTRO,1-0,1187130
36,"DE SOUSA OLIVEIRA, THIAGO",Normal,S.D. VILLESTRO,2-0,1187130
55,"VIDAL LOSA, ROBERTO",Normal,S.D. VILLESTRO,3-0,1187130
65,"VIDAL LOSA, ROBERTO",Normal,S.D. VILLESTRO,4-0,1187130
83,"CAMARA , BAKARI",Normal,S.D. VILLESTRO,5-0,1187130
90,"ZAGATO PEREIRA, JOAO VITOR",Normal,S.D. VILLESTRO,6-0,1187130
24,"RODRIGUEZ VILAS, BRAIS",Normal,C.D.BELVIS,0-1,1187131
49,"RAMOS CASTRO, ANDRÉS",Penalti,C.D.BELVIS,0-2,1187131
55,"VILLAVERDE SIXTO, BRAIS",Normal,C.D.BELVIS,0-3,1187131
65,"REY VAZQUEZ, MARCOS",Normal,C.D. SAN MAMED,1-3,1187131
85,"VAZQUEZ POMAR, MARCOS",Normal,C.D.BELVIS,1-4,1187131
31,"FIGUEIRAS GARCIA, PAULO",Normal,C.D. SPORT TEAM ESTRADA,0-1,1187132
86,"PARRADO ROMERO, CARLOS",Normal,C.F. CIRE DE MELIDE,1-1,1187132
90'+4,"PEREIRO SANCHEZ, DAVID",Normal,C.F. CIRE DE MELIDE,2-1,1187132
20,"GARCIA SENRA, DIEGO",Normal,SOCIEDADE DEPORTIVA O PINO,0-1,1187133
28,"LÓPEZ MÉNDEZ, MARCOS",Normal,RODEIRO C.F.,1-1,1187133
42,"CENDON GONZALEZ, JOSE",Normal,SOCIEDADE DEPORTIVA O PINO,1-2,1187133
63,"CUÑARRO FERNÁNDEZ, PABLO",Normal,RODEIRO C.F.,2-2,1187133
90'+1,"OTERO ARIAS, JOSE L",Penalti,RODEIRO C.F.,3-2,1187133
15,"NUÑEZ BARRAL, DAVID",Normal,S.D.C. RECESENDE,1-0,1187134
17,"CALVIÑO IGLESIAS, PABLO",Normal,U.D. VAL DO ULLA,1-1,1187134
60,"ROSENDE MARTINEZ, ALEJANDRO",Normal,S.D.C. RECESENDE,2-1,1187134
75,"TAIBO MERA, FRANCISCO",Normal,U.D. VAL DO ULLA,2-2,1187134
78,"TAIBO MERA, FRANCISCO",Normal,U.D. VAL DO ULLA,2-3,1187134
44,"DOMINGUEZ GARCIA, ADRIAN",Normal,S.D. CRUCES,0-1,1187135
51,"ROMARÍS CAMPAÑA, ALBERTO",Normal,U.D. VAL DO ULLA,1-1,1187135
76,"VAAMONDE CALVIÑO, MANUEL",Normal,S.D. CACHEIRAS,1-0,1187136
86,"OTERO MATEOS, PABLO",Normal,S.D. CACHEIRAS,2-0,1187136
30,"ARIAS GARCIA, SERGIO",Normal,TRAZO C.F.,0-1,1187137
34,"ARIAS GARCIA, SERGIO",Normal,TRAZO C.F.,0-2,1187137
53,"CAMBEIRO COSTA, AIRAS",Normal,C.F. SILLEDA,1-2,1187137
79,"RIAL GARCIA, SEBASTIAN",Normal,TRAZO C.F.,1-3,1187137
88,"FERNANDEZ TABOADA, XOSE MANUEL",Normal,C.F. SILLEDA,2-3,1187137
90'+6,"RIVERO MONTOTO, NUNO",Normal,C.F. SILLEDA,3-3,1187137
7,"GARCIA CARRERA, MANUEL",Normal,LAMELA C.F.,1-0,1187138
60,"DOS SANTOS MARQUES, ALEANDRO",Normal,S.D. VILLESTRO,1-1,1187138
61,"RODRIGUEZ FARIÑA, ALEJANDRO",Normal,LAMELA C.F.,2-1,1187138
64,"VIDAL LOSA, ROBERTO",Normal,S.D. VILLESTRO,2-2,1187138
89,"RIOS ALCAIDE, JUAN MANUEL",Normal,LAMELA C.F.,3-2,1187138
14,"PEREZ MARTINEZ, SAMUEL",Normal,C.D. SAN MAMED,0-1,1187139
21,"RENDO GUITIAN, ALEXANDRE",Normal,C.D. SAN MAMED,0-2,1187139
26,"MACEIRA MATO, ALFONSO",Normal,C.D. SAN MAMED,0-3,1187139
83,"CHAS BROCOS, IAGO SENEN",Normal,C.D. SAN MAMED,0-4,1187139
84,"PEREIRO SANCHEZ, DAVID",Normal,C.F. CIRE DE MELIDE,0-1,1187140
86,"PEREIRO SANCHEZ, DAVID",Normal,C.F. CIRE DE MELIDE,0-2,1187140
34,"LOPEZ PEDREIRA, SERGIO",Normal,C.D. SPORT TEAM ESTRADA,1-0,1187141
3,"LAREO MERA, LUCAS",Normal,SOCIEDADE DEPORTIVA O PINO,1-0,1187142
16,"ROSENDE MARTINEZ, ALEJANDRO",Penalti,S.D.C. RECESENDE,1-1,1187142
41,"VARELA LODEIRO, GABRIEL",Normal,SOCIEDADE DEPORTIVA O PINO,2-1,1187142
58,"LAREO MERA, LUCAS",Normal,SOCIEDADE DEPORTIVA O PINO,3-1,1187142
69,"CEREIJO IGLESIAS, ALBERTO L",Normal,SOCIEDADE DEPORTIVA O PINO,4-1,1187142
82,"CEREIJO IGLESIAS, ALBERTO L",Normal,SOCIEDADE DEPORTIVA O PINO,5-1,1187142
86,"CEPEDA MENDOZA, ALEJANDRO",Normal,S.D.C. RECESENDE,5-2,1187142
90,"CARRIL CARREIRA, RAFAEL",Penalti,SOCIEDADE DEPORTIVA O PINO,6-2,1187142
10,"GARCIA MARROZOS, XABIER",Normal,S.D. DUBRA B,1-0,1187143
38,"GARCIA MARROZOS, XABIER",Normal,S.D. DUBRA B,2-0,1187143
87,"GARCIA MARROZOS, XABIER",Normal,S.D. DUBRA B,3-0,1187143
90,"PARAMA SUAREZ, DAVID RAFAEL",Normal,S.D. DUBRA B,4-0,1187143
15,"CARBALLAL MONTEAGUDO, SAUL",Normal,S.D. CACHEIRAS,0-1,1187144
67,"CARBALLAL MONTEAGUDO, SAUL",Normal,S.D. CACHEIRAS,0-2,1187144
76,"MARTINEZ RODRIGUEZ, ALESSANDRO EDUARDO",Normal,S.D. CACHEIRAS,0-3,1187144
62,"GONZALEZ CALVELO, LEO",Normal,S.D. VILLESTRO,1-0,1187145
65,"DE SOUSA OLIVEIRA, THIAGO",Normal,S.D. VILLESTRO,2-0,1187145
89,"DE SOUSA OLIVEIRA, THIAGO",Normal,S.D. VILLESTRO,3-0,1187145
72,"ESPIÑO CUIÑA, LOIS",Normal,LAMELA C.F.,0-1,1187146
2,"POLO ABAD, ASIER",Normal,C.F. CIRE DE MELIDE,1-0,1187147
7,"VAZQUEZ NOVAS, MANUEL",Normal,C.F. CIRE DE MELIDE,2-0,1187147
32,"PEREIRO SANCHEZ, DAVID",Normal,C.F. CIRE DE MELIDE,3-0,1187147
36,"PEREIRO SANCHEZ, DAVID",Normal,C.F. CIRE DE MELIDE,4-0,1187147
39,"PEREIRO SANCHEZ, DAVID",Normal,C.F. CIRE DE MELIDE,5-0,1187147
58,"POLO ABAD, ASIER",Normal,C.F. CIRE DE MELIDE,6-0,1187147
62,"PARRADO ROMERO, CARLOS",Normal,C.F. CIRE DE MELIDE,7-0,1187147
89,"MOSTEIRO GARCIA, SERGIO",Normal,C.F. CIRE DE MELIDE,8-0,1187147
58,"FERREIRO CAMBA, MANUEL",Normal,RODEIRO C.F.,1-0,1187148
90'+2,"PROL BREA, DIEGO",Penalti,C.D.BELVIS,1-1,1187148
24,"GOMEZ CORA, ADRIAN",Normal,C.D. SPORT TEAM ESTRADA,0-1,1187149
32,"FERNANDEZ GONZALEZ, IAGO JOSE",Normal,C.D. SPORT TEAM ESTRADA,0-2,1187149
35,"GOMEZ LOPEZ, EZEQUIEL",Normal,C.D. SPORT TEAM ESTRADA,0-3,1187149
46,"ULLA COSTA, RICARDO",Normal,C.D. SPORT TEAM ESTRADA,0-4,1187149
54,"FUENTES CORREA, MANUEL",Normal,C.D. SPORT TEAM ESTRADA,0-5,1187149
62,"NUÑEZ BARRAL, SEBASTIAN",Normal,S.D.C. RECESENDE,1-5,1187149
67,"GOMEZ LOPEZ, EZEQUIEL",Normal,C.D. SPORT TEAM ESTRADA,1-6,1187149
3,"GOMES TAVARES, RAFAEL ANDRE",Normal,SOCIEDADE DEPORTIVA O PINO,1-0,1187150
19,"VARELA LODEIRO, GABRIEL",Normal,SOCIEDADE DEPORTIVA O PINO,2-0,1187150
55,"CEREIJO IGLESIAS, ALBERTO L",Normal,SOCIEDADE DEPORTIVA O PINO,3-0,1187150
86,"LANDEIRA GANDARA, FRANCISCO",Normal,U.D. VAL DO ULLA,3-1,1187150
46,"SANCHEZ CARPINTEIRO, MIGUEL",Normal,U.D. VAL DO ULLA,1-0,1187151
27,"SOTO PARCERO, DANIEL",Normal,S.D. CRUCES,1-0,1187152
70,"LOPEZ REY, LEO",Normal,S.D. CRUCES,2-0,1187152
75,"GONZALEZ EIRAS, FABIO J",Normal,S.D. CRUCES,3-0,1187152
81,"FERREIRA PARENTE, RAUL",Normal,TRAZO C.F.,3-1,1187152
14,"CARBALLAL MONTEAGUDO, SAUL",Normal,S.D. CACHEIRAS,1-0,1187153
21,"GONZALEZ CALVELO, LEO",Normal,S.D. VILLESTRO,1-1,1187153
5,"REY CALVO, MARTIN",Normal,C.D. SAN MAMED,0-1,1187154
9,"FERNÁNDEZ GARCÍA, RUBÉN",Normal,C.F. SILLEDA,1-1,1187154
26,"FERNÁNDEZ GARCÍA, RUBÉN",Normal,C.F. SILLEDA,2-1,1187154
38,"SUAREZ PEON, DIEGO",Normal,C.F. SILLEDA,3-1,1187154
45,"SENDE MALLO, DIEGO",Penalti,C.D. SAN MAMED,3-2,1187154
77,"CAMBEIRO COSTA, AIRAS",Normal,C.F. SILLEDA,4-2,1187154
9,"GARCIA LOPEZ, ALEJANDRO",Normal,C.F. CIRE DE MELIDE,0-1,1187155
34,"PEREIRO SANCHEZ, DAVID",Normal,C.F. CIRE DE MELIDE,0-2,1187155
77,"RIOS ALCAIDE, JUAN MANUEL",Normal,LAMELA C.F.,1-2,1187155
90'+4,"CASTRO DOMINGUEZ, FRANCISCO",Penalti,LAMELA C.F.,2-2,1187155
3,"OTERO ARIAS, JOSE L",Normal,RODEIRO C.F.,0-1,1187156
42,"TABOADA SEIJO, ALEJANDRO",Normal,A.C.U.D. CAMPORRAPADO,1-1,1187156
49,"PEREIRAS PEREIRO, RAFAEL",Normal,A.C.U.D. CAMPORRAPADO,2-1,1187156
63,"VEIGA ROSENDE, IAGO",Normal,A.C.U.D. CAMPORRAPADO,3-1,1187156
71,"CUÑARRO FERNÁNDEZ, PABLO",Normal,RODEIRO C.F.,3-2,1187156
81,"OTERO ARIAS, JOSE L",Normal,RODEIRO C.F.,3-3,1187156
13,"RAMOS CASTRO, ANDRÉS",Normal,C.D.BELVIS,1-0,1187157
23,"CALVO CUTRIN, RAUL",Normal,S.D.C. RECESENDE,1-1,1187157
30,"SANTIAGO RIVAS, MARIO",Normal,C.D.BELVIS,2-1,1187157
54,"ROSENDE MARTINEZ, ALEJANDRO",Normal,S.D.C. RECESENDE,2-2,1187157
66,"RAMOS CASTRO, ANDRÉS",Normal,C.D.BELVIS,3-2,1187157
68,"ROSENDE MARTINEZ, ALEJANDRO",Normal,S.D.C. RECESENDE,3-3,1187157
77,"CEPEDA MENDOZA, ALEJANDRO",Normal,S.D.C. RECESENDE,3-4,1187157
49,"MIGUEZ VIDAL, DANIEL",Normal,C.D. SPORT TEAM ESTRADA,1-0,1187158
81,"MIGUEZ VIDAL, DANIEL",Normal,C.D. SPORT TEAM ESTRADA,2-0,1187158
10,"PARAMA SUAREZ, DAVID RAFAEL",Normal,S.D. DUBRA B,0-1,1187159
57,"BECERRA MALLO, ADRIAN",Normal,TRAZO C.F.,1-1,1187159
64,"RIAL GARCIA, SEBASTIAN",Normal,TRAZO C.F.,2-1,1187159
83,"CANCELA CONDE, ALEJANDRO",Normal,TRAZO C.F.,3-1,1187159
14,"DE SOUSA OLIVEIRA, THIAGO",Normal,S.D. VILLESTRO,1-0,1187160
38,"BERMUDEZ MALLO, ADEL",Normal,S.D. VILLESTRO,2-0,1187160
43,"LOPEZ REY, LEO",Normal,S.D. CRUCES,2-1,1187160
60,"FERNÁNDEZ VAL, PABLO",Normal,S.D. VILLESTRO,3-1,1187160
78,"GONZALEZ CALVELO, LEO",Normal,S.D. VILLESTRO,4-1,1187160
89,"GONZALEZ CALVELO, LEO",Normal,S.D. VILLESTRO,5-1,1187160
75,"MACEIRA MATO, ALFONSO",Normal,C.D. SAN MAMED,1-0,1187161
81,"MACEIRA MATO, ALFONSO",Penalti,C.D. SAN MAMED,2-0,1187161
44,"MELLID MONTERROSO, MARTIN",Normal,C.F. CIRE DE MELIDE,1-0,1187162
60,"PAMPIN NOGUEROL, DANIEL",Normal,C.F. CIRE DE MELIDE,2-0,1187162
78,"PARRADO ROMERO, CARLOS",Normal,C.F. CIRE DE MELIDE,3-0,1187162
40,"ABONJO BOUZAS, ALEJANDRO",Propia Puerta,RODEIRO C.F.,1-0,1187163
50,"ROMERO MONTOUTO, PABLO",Normal,RODEIRO C.F.,2-0,1187163
61,"QUINTÁ GARCÍA, DAVID",Normal,RODEIRO C.F.,3-0,1187163
73,"QUINTÁ GARCÍA, DAVID",Normal,RODEIRO C.F.,4-0,1187163
76,"GARCIA CARRERA, MANUEL",Penalti,LAMELA C.F.,4-1,1187163
78,"GONZALEZ HERMIDA, DAVID",Propia Puerta,LAMELA C.F.,4-2,1187163
81,"RIOS ALCAIDE, JUAN MANUEL",Normal,LAMELA C.F.,4-3,1187163
6,"FRANCO SANMARTIN, CARLOS L",Normal,S.D.C. RECESENDE,1-0,1187164
10,"VAZQUEZ CORRAL, JORGE",Normal,SOCIEDADE DEPORTIVA O PINO,1-0,1187165
27,"RAMOS CASTRO, ANDRÉS",Normal,C.D.BELVIS,1-1,1187165
54,"CEREIJO IGLESIAS, ALBERTO L",Normal,SOCIEDADE DEPORTIVA O PINO,2-1,1187165
74,"VARELA SOUTO, OSCAR",Normal,SOCIEDADE DEPORTIVA O PINO,3-1,1187165
78,"FERNANDEZ PEREZ, JESUS DE BELEN",Normal,C.D.BELVIS,3-2,1187165
87,"CANABAL CASTRO, ISMAEL",Normal,SOCIEDADE DEPORTIVA O PINO,4-2,1187165
20,"FERNANDEZ GONZALEZ, IAGO JOSE",Normal,C.D. SPORT TEAM ESTRADA,1-0,1187166
34,"LOPEZ PEDREIRA, SERGIO",Normal,C.D. SPORT TEAM ESTRADA,2-0,1187166
37,"VARELA MIRANDA, MATEO",Normal,C.D. SPORT TEAM ESTRADA,3-0,1187166
71,"FIGUEIRAS GARCIA, PAULO",Normal,C.D. SPORT TEAM ESTRADA,4-0,1187166
73,"CHEDAS DURAN, ALFONSO",Normal,C.D. SPORT TEAM ESTRADA,5-0,1187166
83,"IGLESIAS PALLAS, FERNANDO",Normal,C.D. SPORT TEAM ESTRADA,6-0,1187166
17,"BESADA REY, NICOLAS",Normal,U.D. VAL DO ULLA,0-1,1187167
27,"RIAL GARCIA, SEBASTIAN",Normal,TRAZO C.F.,1-1,1187167
28,"RIAL GARCIA, SEBASTIAN",Normal,TRAZO C.F.,2-1,1187167
49,"LANDEIRA GANDARA, FRANCISCO",Normal,U.D. VAL DO ULLA,2-2,1187167
65,"VAZQUEZ CASAIS, MANUEL",Normal,C.D. SAN MAMED,0-1,1187169
45'+2,"POLO ABAD, ASIER",Normal,C.F. CIRE DE MELIDE,0-1,1187170
84,"PEREIRO SANCHEZ, DAVID",Normal,C.F. CIRE DE MELIDE,0-2,1187170
3,"OTERO ARIAS, JOSE L",Normal,RODEIRO C.F.,0-1,1187171
12,"RIVERO MONTOTO, NUNO",Normal,C.F. SILLEDA,1-1,1187171
58,"RIVERO MONTOTO, NUNO",Normal,C.F. SILLEDA,2-1,1187171
64,"CAMBEIRO COSTA, AIRAS",Normal,C.F. SILLEDA,3-1,1187171
76,"GARCIA SA, JOSE ANTONIO",Normal,RODEIRO C.F.,3-2,1187171
3,"CUIÑA IGLESIAS, DANIEL",Normal,LAMELA C.F.,1-0,1187172
10,"AGUIAR RODRIGUEZ, JULIAN",Normal,LAMELA C.F.,2-0,1187172
12,"RIVEIRA MURCIA, HUGO",Normal,LAMELA C.F.,3-0,1187172
25,"NUÑEZ BARRAL, DAVID",Normal,S.D.C. RECESENDE,3-1,1187172
50,"LUGO PADIN, ESTEBAN",Normal,LAMELA C.F.,4-1,1187172
51,"OTERO UZAL, DANIEL",Normal,S.D.C. RECESENDE,4-2,1187172
55,"CEPEDA MENDOZA, ALEJANDRO",Normal,S.D.C. RECESENDE,4-3,1187172
61,"VILLAMAYOR RIVADULLA, PEDRO",Normal,LAMELA C.F.,5-3,1187172
74,"NOYA GOMEZ, DANIEL",Normal,S.D.C. RECESENDE,5-4,1187172
81,"ROSENDE MARTINEZ, ALEJANDRO",Normal,S.D.C. RECESENDE,5-5,1187172
90'+4,"FERREIRO DIEZ, BREIXO",Normal,S.D.C. RECESENDE,5-6,1187172
90'+1,"ESPIÑO CUIÑA, LOIS",Normal,LAMELA C.F.,6-6,1187172
90'+6,"ESPIÑO CUIÑA, LOIS",Normal,LAMELA C.F.,7-6,1187172
28,"PORTOS VILLAR, BORJA",Normal,SOCIEDADE DEPORTIVA O PINO,0-1,1187173
63,"VAZQUEZ CORRAL, JORGE",Normal,SOCIEDADE DEPORTIVA O PINO,0-2,1187173
90'+1,"MALLO DUBRA, ALEJANDRO",Penalti,SOCIEDADE DEPORTIVA O PINO,0-3,1187173
12,"CERVIÑO CARRACEDO, ANDRES",Normal,C.D. SPORT TEAM ESTRADA,0-1,1187174
33,"RAMOS CASTRO, ANDRÉS",Normal,C.D.BELVIS,1-1,1187174
47,"MARQUE PASEIRO, SAMUEL",Normal,C.D. SPORT TEAM ESTRADA,1-2,1187174
70,"BARRUSO ARIAS, HUGO",Normal,C.D. SPORT TEAM ESTRADA,1-3,1187174
87,"CERVIÑO CARRACEDO, ANDRES",Penalti,C.D. SPORT TEAM ESTRADA,1-4,1187174
23,"PAN PEREZ PUJOL, PABLO",Normal,S.D. VILLESTRO,1-0,1187175
47,"CANCELA CONDE, ALEJANDRO",Normal,TRAZO C.F.,1-1,1187175
90'+1,"RIAL GARCIA, SEBASTIAN",Normal,TRAZO C.F.,1-2,1187175
12,"DUBRA LORENZO, ALEJANDRO",Normal,S.D. DUBRA B,0-1,1187176
87,"DUBRA LORENZO, ALEJANDRO",Normal,S.D. DUBRA B,0-2,1187176
45,"PEREIRO SANCHEZ, DAVID",Penalti,C.F. CIRE DE MELIDE,1-0,1187177
45'+2,"PEREIRO SANCHEZ, DAVID",Normal,C.F. CIRE DE MELIDE,2-0,1187177
53,"LYAGOUBI, MOHAMED AMINE",Normal,S.D. CRUCES,2-1,1187177
77,"PAMPIN NOGUEROL, DANIEL",Normal,C.F. CIRE DE MELIDE,3-1,1187177
30,"CANGADO VILLAMARIN, CARLOS",Normal,RODEIRO C.F.,1-0,1187178
58,"CARBALLAL MONTEAGUDO, SAUL",Normal,S.D. CACHEIRAS,1-1,1187178
26,"RIVERO MONTOTO, NUNO",Normal,C.F. SILLEDA,0-1,1187179
43,"FERNANDEZ TABOADA, XOSE MANUEL",Normal,C.F. SILLEDA,0-2,1187179
62,"FRANCO SANMARTIN, CARLOS L",Normal,S.D.C. RECESENDE,1-2,1187179
71,"ESPIÑO RODRIGUEZ, AARON",Normal,C.F. SILLEDA,1-3,1187179
78,"CEPEDA MENDOZA, ALEJANDRO",Normal,S.D.C. RECESENDE,2-3,1187179
26,"VAZQUEZ CORRAL, JORGE",Normal,SOCIEDADE DEPORTIVA O PINO,1-0,1187180
42,"CEREIJO IGLESIAS, ALBERTO L",Normal,SOCIEDADE DEPORTIVA O PINO,2-0,1187180
52,"CENDON GONZALEZ, JOSE",Normal,SOCIEDADE DEPORTIVA O PINO,3-0,1187180
53,"ESPIÑO CUIÑA, LOIS",Normal,LAMELA C.F.,3-1,1187180
64,"LAREO MERA, LUCAS",Normal,SOCIEDADE DEPORTIVA O PINO,4-1,1187180
88,"CANABAL CASTRO, ISMAEL",Normal,SOCIEDADE DEPORTIVA O PINO,5-1,1187180
41,"BARRUSO ARIAS, HUGO",Normal,C.D. SPORT TEAM ESTRADA,1-0,1187181
55,"CERVIÑO CARRACEDO, ANDRES",Normal,C.D. SPORT TEAM ESTRADA,2-0,1187181
64,"FUENTES CORREA, MANUEL",Normal,C.D. SPORT TEAM ESTRADA,3-0,1187181
85,"GOMEZ LOPEZ, EZEQUIEL",Penalti,C.D. SPORT TEAM ESTRADA,4-0,1187181
90,"GOMEZ LOPEZ, EZEQUIEL",Normal,C.D. SPORT TEAM ESTRADA,5-0,1187181
11,"SANCHEZ CARPINTEIRO, MIGUEL",Normal,U.D. VAL DO ULLA,1-0,1187182
30,"SANCHEZ CARPINTEIRO, MIGUEL",Normal,U.D. VAL DO ULLA,2-0,1187182
43,"RUZA VAZQUEZ, BRAIS",Normal,C.D.BELVIS,2-1,1187182
53,"CANICOBA BERNARDEZ, BRAIS",Normal,U.D. VAL DO ULLA,3-1,1187182
65,"CASAL REBOLO, PEDRO J",Normal,U.D. VAL DO ULLA,4-1,1187182
