cod_temporada,cod_competicion,cod_grupo,jornada,fecha,hora,estadio,superficie,árbitro,equipo_local,equipo_visitante,cod_acta,link_acta
20,20005965,22010839,1,15-09-2024,17:00,Campo de Fútbol Municipal As Cancelas,Hierba Artificial,"MIGUENS SANTIAGO, SERGIO",C.D.BELVIS,A.C.U.D. CAMPORRAPADO,1186943,https://www.futgal.es/pnfg/NPcd/NFG_CmpPartido?cod_primaria=1000120&CodActa=1186943&cod_acta=1186943
20,20005965,22010839,1,15-09-2024,18:00,Mcpal. Manuel Regueiro - Antiguo Figueroa,Hierba Artificial,"NIETO ABELENDA, RODRIGO",C.D. SPORT TEAM ESTRADA,LAMELA C.F.,1186944,https://www.futgal.es/pnfg/NPcd/NFG_CmpPartido?cod_primaria=1000120&CodActa=1186944&cod_acta=1186944
20,20005965,22010839,1,15-09-2024,17:00,Reboredo- Arca- O Pino,Hierba Artificial,"ALCALA REY, ALFONSO",SOCIEDADE DEPORTIVA O PINO,C.F. SILLEDA,1186945,https://www.futgal.es/pnfg/NPcd/NFG_CmpPartido?cod_primaria=1000120&CodActa=1186945&cod_acta=1186945
20,20005965,22010839,1,15-09-2024,18:15,A Devesiña - Recesende,Tierra,"PONTE APONTE, ADRIAN",S.D.C. RECESENDE,S.D. CACHEIRAS,1186946,https://www.futgal.es/pnfg/NPcd/NFG_CmpPartido?cod_primaria=1000120&CodActa=1186946&cod_acta=1186946
20,20005965,22010839,1,15-09-2024,18:30,A Raña - Rodeiro,Hierba Artificial,"VARELA IGLESIAS, FERNANDO",RODEIRO C.F.,S.D. CRUCES,1186947,https://www.futgal.es/pnfg/NPcd/NFG_CmpPartido?cod_primaria=1000120&CodActa=1186947&cod_acta=1186947
20,20005965,22010839,1,15-09-2024,18:00,Campo Municipal Jesús Carlos Pampin Rua,Hierba Artificial,"RODRIGUEZ MUNIN, DANIEL",C.F. CIRE DE MELIDE,"S.D. DUBRA ""B""",1186948,https://www.futgal.es/pnfg/NPcd/NFG_CmpPartido?cod_primaria=1000120&CodActa=1186948&cod_acta=1186948
20,20005965,22010839,1,15-09-2024,18:00,San Mamed,Hierba Artificial,"SOTO PEREZ, SECUNDINO",C.D. SAN MAMED,TRAZO C.F.,1186949,https://www.futgal.es/pnfg/NPcd/NFG_CmpPartido?cod_primaria=1000120&CodActa=1186949&cod_acta=1186949
20,20005965,22010839,1,15-09-2024,18:00,O Coto - Val Do Ulla,Hierba Artificial,"COUTO MENDOZA, OSCAR",U.D. VAL DO ULLA,S.D. VILLESTRO,1186950,https://www.futgal.es/pnfg/NPcd/NFG_CmpPartido?cod_primaria=1000120&CodActa=1186950&cod_acta=1186950
20,20005965,22010839,2,22-09-2024,17:00,O Forte-Boqueixón,Hierba Artificial,"GOMEZ GUTIERREZ, ADRIAN JOSE",A.C.U.D. CAMPORRAPADO,U.D. VAL DO ULLA,1186951,https://www.futgal.es/pnfg/NPcd/NFG_CmpPartido?cod_primaria=1000120&CodActa=1186951&cod_acta=1186951
20,20005965,22010839,2,22-09-2024,18:00,Mularedos,Hierba Natural,"SOTO PEREZ, SECUNDINO",LAMELA C.F.,C.D.BELVIS,1186952,https://www.futgal.es/pnfg/NPcd/NFG_CmpPartido?cod_primaria=1000120&CodActa=1186952&cod_acta=1186952
20,20005965,22010839,2,22-09-2024,18:30,Outeiriño,Hierba Artificial,"PAZ HERMIDA, MANUEL",C.F. SILLEDA,C.D. SPORT TEAM ESTRADA,1186953,https://www.futgal.es/pnfg/NPcd/NFG_CmpPartido?cod_primaria=1000120&CodActa=1186953&cod_acta=1186953
20,20005965,22010839,2,22-09-2024,18:00,A Cañoteira - Cacheiras-Antigo Ignacio,Hierba Artificial,"FERNANDEZ LODEIRO, ABEL",S.D. CACHEIRAS,SOCIEDADE DEPORTIVA O PINO,1186954,https://www.futgal.es/pnfg/NPcd/NFG_CmpPartido?cod_primaria=1000120&CodActa=1186954&cod_acta=1186954
20,20005965,22010839,2,22-09-2024,20:00,Mpal Do Camballón,Hierba Artificial,"FERNANDEZ MONTOUTO, RUBEN",S.D. CRUCES,S.D.C. RECESENDE,1186955,https://www.futgal.es/pnfg/NPcd/NFG_CmpPartido?cod_primaria=1000120&CodActa=1186955&cod_acta=1186955
20,20005965,22010839,2,22-09-2024,16:30,A Tilleira - Dubra,Hierba Artificial,"REBOREDO RIADIGOS, JOSE LUIS","S.D. DUBRA ""B""",RODEIRO C.F.,1186956,https://www.futgal.es/pnfg/NPcd/NFG_CmpPartido?cod_primaria=1000120&CodActa=1186956&cod_acta=1186956
20,20005965,22010839,2,22-09-2024,18:30,O Xeixo - Trazo,Hierba Natural,"QUINTANA PEREIRO, SERGIO",TRAZO C.F.,C.F. CIRE DE MELIDE,1186957,https://www.futgal.es/pnfg/NPcd/NFG_CmpPartido?cod_primaria=1000120&CodActa=1186957&cod_acta=1186957
20,20005965,22010839,2,22-09-2024,17:00,Suso Conde,Hierba Artificial,"GIL CALDELAS, SAMUEL",S.D. VILLESTRO,C.D. SAN MAMED,1186958,https://www.futgal.es/pnfg/NPcd/NFG_CmpPartido?cod_primaria=1000120&CodActa=1186958&cod_acta=1186958
20,20005965,22010839,3,29-09-2024,18:30,O Forte-Boqueixón,Hierba Artificial,"GAY CASAL, JAVIER",A.C.U.D. CAMPORRAPADO,LAMELA C.F.,1186959,https://www.futgal.es/pnfg/NPcd/NFG_CmpPartido?cod_primaria=1000120&CodActa=1186959&cod_acta=1186959
20,20005965,22010839,3,29-09-2024,16:00,Campo de Fútbol Municipal As Cancelas,Hierba Artificial,"MARTINEZ LAREO , MARCOS",C.D.BELVIS,C.F. SILLEDA,1186960,https://www.futgal.es/pnfg/NPcd/NFG_CmpPartido?cod_primaria=1000120&CodActa=1186960&cod_acta=1186960
20,20005965,22010839,3,29-09-2024,17:00,Mcpal. Manuel Regueiro - Antiguo Figueroa,Hierba Artificial,"ENRIQUEZ PEREIRO, OSCAR",C.D. SPORT TEAM ESTRADA,S.D. CACHEIRAS,1186961,https://www.futgal.es/pnfg/NPcd/NFG_CmpPartido?cod_primaria=1000120&CodActa=1186961&cod_acta=1186961
20,20005965,22010839,3,29-09-2024,17:00,Reboredo- Arca- O Pino,Hierba Artificial,"GARCIA IGLESIAS, BRAIS",SOCIEDADE DEPORTIVA O PINO,S.D. CRUCES,1186962,https://www.futgal.es/pnfg/NPcd/NFG_CmpPartido?cod_primaria=1000120&CodActa=1186962&cod_acta=1186962
20,20005965,22010839,3,29-09-2024,17:00,A Devesiña - Recesende,Tierra,"ALAOUI SOULIMANI, AMINE",S.D.C. RECESENDE,"S.D. DUBRA ""B""",1186963,https://www.futgal.es/pnfg/NPcd/NFG_CmpPartido?cod_primaria=1000120&CodActa=1186963&cod_acta=1186963
20,20005965,22010839,3,29-09-2024,18:30,A Raña - Rodeiro,Hierba Artificial,"FERNANDEZ MONTOUTO, RUBEN",RODEIRO C.F.,TRAZO C.F.,1186964,https://www.futgal.es/pnfg/NPcd/NFG_CmpPartido?cod_primaria=1000120&CodActa=1186964&cod_acta=1186964
20,20005965,22010839,3,29-09-2024,17:30,Campo Municipal Jesús Carlos Pampin Rua,Hierba Artificial,"VIDAL FONSECA, GUSTAVO",C.F. CIRE DE MELIDE,S.D. VILLESTRO,1186965,https://www.futgal.es/pnfg/NPcd/NFG_CmpPartido?cod_primaria=1000120&CodActa=1186965&cod_acta=1186965
20,20005965,22010839,3,29-09-2024,18:00,O Coto - Val Do Ulla,Hierba Artificial,"GARCIA VEIRAS, RAUL",U.D. VAL DO ULLA,C.D. SAN MAMED,1186966,https://www.futgal.es/pnfg/NPcd/NFG_CmpPartido?cod_primaria=1000120&CodActa=1186966&cod_acta=1186966
20,20005965,22010839,4,06-10-2024,18:00,Mularedos,Hierba Natural,"PAZ HERMIDA, MANUEL",LAMELA C.F.,U.D. VAL DO ULLA,1186967,https://www.futgal.es/pnfg/NPcd/NFG_CmpPartido?cod_primaria=1000120&CodActa=1186967&cod_acta=1186967
20,20005965,22010839,4,06-10-2024,17:00,Outeiriño,Hierba Artificial,"CASTRO SANMARTIN, SEBASTIAN",C.F. SILLEDA,A.C.U.D. CAMPORRAPADO,1186968,https://www.futgal.es/pnfg/NPcd/NFG_CmpPartido?cod_primaria=1000120&CodActa=1186968&cod_acta=1186968
20,20005965,22010839,4,06-10-2024,17:00,A Cañoteira - Cacheiras-Antigo Ignacio,Hierba Artificial,"FONTES MOSQUEIRA, XESUS",S.D. CACHEIRAS,C.D.BELVIS,1186969,https://www.futgal.es/pnfg/NPcd/NFG_CmpPartido?cod_primaria=1000120&CodActa=1186969&cod_acta=1186969
20,20005965,22010839,4,06-10-2024,17:00,Mpal Do Camballón,Hierba Artificial,"LAYA LOLO, XOEL",S.D. CRUCES,C.D. SPORT TEAM ESTRADA,1186970,https://www.futgal.es/pnfg/NPcd/NFG_CmpPartido?cod_primaria=1000120&CodActa=1186970&cod_acta=1186970
20,20005965,22010839,4,06-10-2024,18:30,A Tilleira - Dubra,Hierba Artificial,"VIDAL FONSECA, GUSTAVO","S.D. DUBRA ""B""",SOCIEDADE DEPORTIVA O PINO,1186971,https://www.futgal.es/pnfg/NPcd/NFG_CmpPartido?cod_primaria=1000120&CodActa=1186971&cod_acta=1186971
20,20005965,22010839,4,06-10-2024,18:00,O Xeixo - Trazo,Hierba Natural,"MIGUENS SANTIAGO, SERGIO",TRAZO C.F.,S.D.C. RECESENDE,1186972,https://www.futgal.es/pnfg/NPcd/NFG_CmpPartido?cod_primaria=1000120&CodActa=1186972&cod_acta=1186972
20,20005965,22010839,4,06-10-2024,16:45,Suso Conde,Hierba Artificial,"COSTA CAROU, OSCAR",S.D. VILLESTRO,RODEIRO C.F.,1186973,https://www.futgal.es/pnfg/NPcd/NFG_CmpPartido?cod_primaria=1000120&CodActa=1186973&cod_acta=1186973
20,20005965,22010839,4,06-10-2024,18:00,San Mamed,Hierba Artificial,"ALCALA REY, ALFONSO",C.D. SAN MAMED,C.F. CIRE DE MELIDE,1186974,https://www.futgal.es/pnfg/NPcd/NFG_CmpPartido?cod_primaria=1000120&CodActa=1186974&cod_acta=1186974
20,20005965,22010839,5,13-10-2024,17:30,Mularedos,Hierba Natural,"ENRIQUEZ PEREIRO, OSCAR",LAMELA C.F.,C.F. SILLEDA,1186975,https://www.futgal.es/pnfg/NPcd/NFG_CmpPartido?cod_primaria=1000120&CodActa=1186975&cod_acta=1186975
20,20005965,22010839,5,13-10-2024,16:30,O Forte-Boqueixón,Hierba Artificial,"PAZ HERMIDA, MANUEL",A.C.U.D. CAMPORRAPADO,S.D. CACHEIRAS,1186976,https://www.futgal.es/pnfg/NPcd/NFG_CmpPartido?cod_primaria=1000120&CodActa=1186976&cod_acta=1186976
20,20005965,22010839,5,13-10-2024,16:00,Campo de Fútbol Municipal As Cancelas,Hierba Artificial,"BUJAN VIDAL, BORJA",C.D.BELVIS,S.D. CRUCES,1186977,https://www.futgal.es/pnfg/NPcd/NFG_CmpPartido?cod_primaria=1000120&CodActa=1186977&cod_acta=1186977
20,20005965,22010839,5,13-10-2024,17:30,Mcpal. Manuel Regueiro - Antiguo Figueroa,Hierba Artificial,"TORRES CORRAL, BEATRIZ MARIA",C.D. SPORT TEAM ESTRADA,"S.D. DUBRA ""B""",1186978,https://www.futgal.es/pnfg/NPcd/NFG_CmpPartido?cod_primaria=1000120&CodActa=1186978&cod_acta=1186978
20,20005965,22010839,5,13-10-2024,17:00,Reboredo- Arca- O Pino,Hierba Artificial,"PONTE APONTE, ADRIAN",SOCIEDADE DEPORTIVA O PINO,TRAZO C.F.,1186979,https://www.futgal.es/pnfg/NPcd/NFG_CmpPartido?cod_primaria=1000120&CodActa=1186979&cod_acta=1186979
20,20005965,22010839,5,13-10-2024,16:30,A Devesiña - Recesende,Tierra,"FERNANDEZ LODEIRO, ABEL",S.D.C. RECESENDE,S.D. VILLESTRO,1186980,https://www.futgal.es/pnfg/NPcd/NFG_CmpPartido?cod_primaria=1000120&CodActa=1186980&cod_acta=1186980
20,20005965,22010839,5,13-10-2024,18:30,A Raña - Rodeiro,Hierba Artificial,"GAY CASAL, JAVIER",RODEIRO C.F.,C.D. SAN MAMED,1186981,https://www.futgal.es/pnfg/NPcd/NFG_CmpPartido?cod_primaria=1000120&CodActa=1186981&cod_acta=1186981
20,20005965,22010839,5,13-10-2024,17:00,O Coto - Val Do Ulla,Hierba Artificial,"GARCIA IGLESIAS, BRAIS",U.D. VAL DO ULLA,C.F. CIRE DE MELIDE,1186982,https://www.futgal.es/pnfg/NPcd/NFG_CmpPartido?cod_primaria=1000120&CodActa=1186982&cod_acta=1186982
20,20005965,22010839,6,20-10-2024,17:30,Outeiriño,Hierba Artificial,"GIL CALDELAS, SAMUEL",C.F. SILLEDA,U.D. VAL DO ULLA,1186983,https://www.futgal.es/pnfg/NPcd/NFG_CmpPartido?cod_primaria=1000120&CodActa=1186983&cod_acta=1186983
20,20005965,22010839,6,20-10-2024,18:00,A Cañoteira - Cacheiras-Antigo Ignacio,Hierba Artificial,"ALCALA REY, ALFONSO",S.D. CACHEIRAS,LAMELA C.F.,1186984,https://www.futgal.es/pnfg/NPcd/NFG_CmpPartido?cod_primaria=1000120&CodActa=1186984&cod_acta=1186984
20,20005965,22010839,6,20-10-2024,20:00,Mpal Do Camballón,Hierba Artificial,"ENRIQUEZ PEREIRO, OSCAR",S.D. CRUCES,A.C.U.D. CAMPORRAPADO,1186985,https://www.futgal.es/pnfg/NPcd/NFG_CmpPartido?cod_primaria=1000120&CodActa=1186985&cod_acta=1186985
20,20005965,22010839,6,20-10-2024,16:00,A Tilleira - Dubra,Hierba Artificial,"ANTELO ROMERO, XAIRO","S.D. DUBRA ""B""",C.D.BELVIS,1186986,https://www.futgal.es/pnfg/NPcd/NFG_CmpPartido?cod_primaria=1000120&CodActa=1186986&cod_acta=1186986
20,20005965,22010839,6,19-10-2024,16:30,O Xeixo - Trazo,Hierba Natural,"FONTES MOSQUEIRA, XESUS",TRAZO C.F.,C.D. SPORT TEAM ESTRADA,1186987,https://www.futgal.es/pnfg/NPcd/NFG_CmpPartido?cod_primaria=1000120&CodActa=1186987&cod_acta=1186987
20,20005965,22010839,6,20-10-2024,16:30,Suso Conde,Hierba Artificial,"CASAL BARREIRO, ADRIAN",S.D. VILLESTRO,SOCIEDADE DEPORTIVA O PINO,1186988,https://www.futgal.es/pnfg/NPcd/NFG_CmpPartido?cod_primaria=1000120&CodActa=1186988&cod_acta=1186988
20,20005965,22010839,6,20-10-2024,18:00,San Mamed,Hierba Artificial,"HERNANDEZ GIADANS, AGUSTIN",C.D. SAN MAMED,S.D.C. RECESENDE,1186989,https://www.futgal.es/pnfg/NPcd/NFG_CmpPartido?cod_primaria=1000120&CodActa=1186989&cod_acta=1186989
20,20005965,22010839,6,20-10-2024,12:00,Campo Municipal Jesús Carlos Pampin Rua,Hierba Artificial,"MARTINEZ SANTOS, OSCAR",C.F. CIRE DE MELIDE,RODEIRO C.F.,1186990,https://www.futgal.es/pnfg/NPcd/NFG_CmpPartido?cod_primaria=1000120&CodActa=1186990&cod_acta=1186990
20,20005965,22010839,7,27-10-2024,16:30,Outeiriño,Hierba Artificial,"ANTELO ROMERO, XAIRO",C.F. SILLEDA,S.D. CACHEIRAS,1186991,https://www.futgal.es/pnfg/NPcd/NFG_CmpPartido?cod_primaria=1000120&CodActa=1186991&cod_acta=1186991
20,20005965,22010839,7,27-10-2024,17:00,Mularedos,Hierba Natural,"GAY CASAL, JAVIER",LAMELA C.F.,S.D. CRUCES,1186992,https://www.futgal.es/pnfg/NPcd/NFG_CmpPartido?cod_primaria=1000120&CodActa=1186992&cod_acta=1186992
20,20005965,22010839,7,27-10-2024,17:00,O Forte-Boqueixón,Hierba Artificial,"LAYA LOLO, XOEL",A.C.U.D. CAMPORRAPADO,"S.D. DUBRA ""B""",1186993,https://www.futgal.es/pnfg/NPcd/NFG_CmpPartido?cod_primaria=1000120&CodActa=1186993&cod_acta=1186993
20,20005965,22010839,7,27-10-2024,16:30,Campo de Fútbol Municipal As Cancelas,Hierba Artificial,"GOMEZ GUTIERREZ, ADRIAN JOSE",C.D.BELVIS,TRAZO C.F.,1186994,https://www.futgal.es/pnfg/NPcd/NFG_CmpPartido?cod_primaria=1000120&CodActa=1186994&cod_acta=1186994
20,20005965,22010839,7,27-10-2024,17:00,Mcpal. Manuel Regueiro - Antiguo Figueroa,Hierba Artificial,"CASTRO SANMARTIN, SEBASTIAN",C.D. SPORT TEAM ESTRADA,S.D. VILLESTRO,1186995,https://www.futgal.es/pnfg/NPcd/NFG_CmpPartido?cod_primaria=1000120&CodActa=1186995&cod_acta=1186995
20,20005965,22010839,7,27-10-2024,17:00,Reboredo- Arca- O Pino,Hierba Artificial,"VILAS LORENZO, MIGUEL ANGEL",SOCIEDADE DEPORTIVA O PINO,C.D. SAN MAMED,1186996,https://www.futgal.es/pnfg/NPcd/NFG_CmpPartido?cod_primaria=1000120&CodActa=1186996&cod_acta=1186996
20,20005965,22010839,7,27-10-2024,16:00,A Devesiña - Recesende,Tierra,"REGO RODRIGUEZ, JOSE LUIS",S.D.C. RECESENDE,C.F. CIRE DE MELIDE,1186997,https://www.futgal.es/pnfg/NPcd/NFG_CmpPartido?cod_primaria=1000120&CodActa=1186997&cod_acta=1186997
20,20005965,22010839,7,27-10-2024,17:30,O Coto - Val Do Ulla,Hierba Artificial,"FERNANDEZ LODEIRO, ABEL",U.D. VAL DO ULLA,RODEIRO C.F.,1186998,https://www.futgal.es/pnfg/NPcd/NFG_CmpPartido?cod_primaria=1000120&CodActa=1186998&cod_acta=1186998
20,20005965,22010839,8,03-11-2024,17:00,A Cañoteira - Cacheiras-Antigo Ignacio,Hierba Artificial,"REBOREDO RIADIGOS, JOSE LUIS",S.D. CACHEIRAS,U.D. VAL DO ULLA,1186999,https://www.futgal.es/pnfg/NPcd/NFG_CmpPartido?cod_primaria=1000120&CodActa=1186999&cod_acta=1186999
20,20005965,22010839,8,03-11-2024,19:00,Mpal Do Camballón,Hierba Artificial,"CASTRO SANMARTIN, SEBASTIAN",S.D. CRUCES,C.F. SILLEDA,1187000,https://www.futgal.es/pnfg/NPcd/NFG_CmpPartido?cod_primaria=1000120&CodActa=1187000&cod_acta=1187000
20,20005965,22010839,8,03-11-2024,16:30,A Tilleira - Dubra,Hierba Artificial,"MARTINEZ SANTOS, OSCAR","S.D. DUBRA ""B""",LAMELA C.F.,1187001,https://www.futgal.es/pnfg/NPcd/NFG_CmpPartido?cod_primaria=1000120&CodActa=1187001&cod_acta=1187001
20,20005965,22010839,8,03-11-2024,12:30,O Xeixo - Trazo,Hierba Natural,"HERNANDEZ GIADANS, AGUSTIN",TRAZO C.F.,A.C.U.D. CAMPORRAPADO,1187002,https://www.futgal.es/pnfg/NPcd/NFG_CmpPartido?cod_primaria=1000120&CodActa=1187002&cod_acta=1187002
20,20005965,22010839,8,03-11-2024,16:30,Suso Conde,Hierba Artificial,"TORRES CORRAL, BEATRIZ MARIA",S.D. VILLESTRO,C.D.BELVIS,1187003,https://www.futgal.es/pnfg/NPcd/NFG_CmpPartido?cod_primaria=1000120&CodActa=1187003&cod_acta=1187003
20,20005965,22010839,8,03-11-2024,17:00,San Mamed,Hierba Artificial,"SOTO PEREZ, SECUNDINO",C.D. SAN MAMED,C.D. SPORT TEAM ESTRADA,1187004,https://www.futgal.es/pnfg/NPcd/NFG_CmpPartido?cod_primaria=1000120&CodActa=1187004&cod_acta=1187004
20,20005965,22010839,8,03-11-2024,17:00,Campo Municipal Jesús Carlos Pampin Rua,Hierba Artificial,"ELESPE TIREUX, NICOLAS",C.F. CIRE DE MELIDE,SOCIEDADE DEPORTIVA O PINO,1187005,https://www.futgal.es/pnfg/NPcd/NFG_CmpPartido?cod_primaria=1000120&CodActa=1187005&cod_acta=1187005
20,20005965,22010839,8,03-11-2024,16:15,A Raña - Rodeiro,Hierba Artificial,"ENRIQUEZ PEREIRO, OSCAR",RODEIRO C.F.,S.D.C. RECESENDE,1187006,https://www.futgal.es/pnfg/NPcd/NFG_CmpPartido?cod_primaria=1000120&CodActa=1187006&cod_acta=1187006
20,20005965,22010839,9,10-11-2024,17:00,A Cañoteira - Cacheiras-Antigo Ignacio,Hierba Artificial,"CASTRO CASTRO, MIGUEL ANGEL",S.D. CACHEIRAS,S.D. CRUCES,1187007,https://www.futgal.es/pnfg/NPcd/NFG_CmpPartido?cod_primaria=1000120&CodActa=1187007&cod_acta=1187007
20,20005965,22010839,9,10-11-2024,16:30,Outeiriño,Hierba Artificial,"FERNANDEZ MONTOUTO, RUBEN",C.F. SILLEDA,"S.D. DUBRA ""B""",1187008,https://www.futgal.es/pnfg/NPcd/NFG_CmpPartido?cod_primaria=1000120&CodActa=1187008&cod_acta=1187008
20,20005965,22010839,9,10-11-2024,16:45,Mularedos,Hierba Natural,"ENRIQUEZ PEREIRO, OSCAR",LAMELA C.F.,TRAZO C.F.,1187009,https://www.futgal.es/pnfg/NPcd/NFG_CmpPartido?cod_primaria=1000120&CodActa=1187009&cod_acta=1187009
20,20005965,22010839,9,10-11-2024,16:15,Da Silveira- Camporrapado,Hierba Natural,"SOTO PEREZ, SECUNDINO",A.C.U.D. CAMPORRAPADO,S.D. VILLESTRO,1187010,https://www.futgal.es/pnfg/NPcd/NFG_CmpPartido?cod_primaria=1000120&CodActa=1187010&cod_acta=1187010
20,20005965,22010839,9,10-11-2024,16:00,Suso Conde,Hierba Artificial,"MIRAZO INSUA, PEDRO",C.D.BELVIS,C.D. SAN MAMED,1187011,https://www.futgal.es/pnfg/NPcd/NFG_CmpPartido?cod_primaria=1000120&CodActa=1187011&cod_acta=1187011
20,20005965,22010839,9,10-11-2024,17:30,Mcpal. Manuel Regueiro - Antiguo Figueroa,Hierba Artificial,"RODRIGUEZ MUNIN, DANIEL",C.D. SPORT TEAM ESTRADA,C.F. CIRE DE MELIDE,1187012,https://www.futgal.es/pnfg/NPcd/NFG_CmpPartido?cod_primaria=1000120&CodActa=1187012&cod_acta=1187012
20,20005965,22010839,9,10-11-2024,17:00,Reboredo- Arca- O Pino,Hierba Artificial,"QUINTANA PEREIRO, SERGIO",SOCIEDADE DEPORTIVA O PINO,RODEIRO C.F.,1187013,https://www.futgal.es/pnfg/NPcd/NFG_CmpPartido?cod_primaria=1000120&CodActa=1187013&cod_acta=1187013
20,20005965,22010839,9,10-11-2024,17:00,O Coto - Val Do Ulla,Hierba Artificial,"GAY CASAL, JAVIER",U.D. VAL DO ULLA,S.D.C. RECESENDE,1187014,https://www.futgal.es/pnfg/NPcd/NFG_CmpPartido?cod_primaria=1000120&CodActa=1187014&cod_acta=1187014
20,20005965,22010839,10,17-11-2024,20:00,Mpal Do Camballón,Hierba Artificial,"COUTO MENDOZA, OSCAR",S.D. CRUCES,U.D. VAL DO ULLA,1187015,https://www.futgal.es/pnfg/NPcd/NFG_CmpPartido?cod_primaria=1000120&CodActa=1187015&cod_acta=1187015
20,20005965,22010839,10,17-11-2024,16:00,A Tilleira - Dubra,Hierba Artificial,"GOMEZ GUTIERREZ, ADRIAN JOSE","S.D. DUBRA ""B""",S.D. CACHEIRAS,1187016,https://www.futgal.es/pnfg/NPcd/NFG_CmpPartido?cod_primaria=1000120&CodActa=1187016&cod_acta=1187016
20,20005965,22010839,10,17-11-2024,16:00,O Xeixo - Trazo,Hierba Natural,"CANAY FERNANDEZ, BRAIS",TRAZO C.F.,C.F. SILLEDA,1187017,https://www.futgal.es/pnfg/NPcd/NFG_CmpPartido?cod_primaria=1000120&CodActa=1187017&cod_acta=1187017
20,20005965,22010839,10,17-11-2024,16:00,Suso Conde,Hierba Artificial,"RODRIGUEZ VAAMONDE, RUBEN",S.D. VILLESTRO,LAMELA C.F.,1187018,https://www.futgal.es/pnfg/NPcd/NFG_CmpPartido?cod_primaria=1000120&CodActa=1187018&cod_acta=1187018
20,20005965,22010839,10,17-11-2024,17:00,San Mamed,Hierba Artificial,"FERNANDEZ MONTOUTO, RUBEN",C.D. SAN MAMED,A.C.U.D. CAMPORRAPADO,1187019,https://www.futgal.es/pnfg/NPcd/NFG_CmpPartido?cod_primaria=1000120&CodActa=1187019&cod_acta=1187019
20,20005965,22010839,10,17-11-2024,17:30,Campo Municipal Jesús Carlos Pampin Rua,Hierba Artificial,"FUENTES GARCIA, IAGO",C.F. CIRE DE MELIDE,C.D.BELVIS,1187020,https://www.futgal.es/pnfg/NPcd/NFG_CmpPartido?cod_primaria=1000120&CodActa=1187020&cod_acta=1187020
20,20005965,22010839,10,17-11-2024,17:00,A Raña - Rodeiro,Hierba Artificial,"GAY CASAL, JAVIER",RODEIRO C.F.,C.D. SPORT TEAM ESTRADA,1187021,https://www.futgal.es/pnfg/NPcd/NFG_CmpPartido?cod_primaria=1000120&CodActa=1187021&cod_acta=1187021
20,20005965,22010839,10,17-11-2024,16:15,A Devesiña - Recesende,Tierra,"FONTES MOSQUEIRA, XESUS",S.D.C. RECESENDE,SOCIEDADE DEPORTIVA O PINO,1187022,https://www.futgal.es/pnfg/NPcd/NFG_CmpPartido?cod_primaria=1000120&CodActa=1187022&cod_acta=1187022
20,20005965,22010839,11,24-11-2024,17:00,Mpal Do Camballón,Hierba Artificial,"GAY CASAL, JAVIER",S.D. CRUCES,"S.D. DUBRA ""B""",1187023,https://www.futgal.es/pnfg/NPcd/NFG_CmpPartido?cod_primaria=1000120&CodActa=1187023&cod_acta=1187023
20,20005965,22010839,11,08-12-2024,17:00,A Cañoteira - Cacheiras-Antigo Ignacio,Hierba Artificial,"GARCIA VEIRAS, RAUL",S.D. CACHEIRAS,TRAZO C.F.,1256272,https://www.futgal.es/pnfg/NPcd/NFG_CmpPartido?cod_primaria=1000120&CodActa=1256272&cod_acta=1256272
20,20005965,22010839,11,24-11-2024,17:15,Outeiriño,Hierba Artificial,"VILLANUEVA ANSEDES, CARMEN",C.F. SILLEDA,S.D. VILLESTRO,1187025,https://www.futgal.es/pnfg/NPcd/NFG_CmpPartido?cod_primaria=1000120&CodActa=1187025&cod_acta=1187025
20,20005965,22010839,11,24-11-2024,16:30,Mularedos,Hierba Natural,"CASTRO SANMARTIN, SEBASTIAN",LAMELA C.F.,C.D. SAN MAMED,1187026,https://www.futgal.es/pnfg/NPcd/NFG_CmpPartido?cod_primaria=1000120&CodActa=1187026&cod_acta=1187026
20,20005965,22010839,11,24-11-2024,16:15,Da Silveira- Camporrapado,Hierba Natural,"GOMEZ GUTIERREZ, ADRIAN JOSE",A.C.U.D. CAMPORRAPADO,C.F. CIRE DE MELIDE,1187027,https://www.futgal.es/pnfg/NPcd/NFG_CmpPartido?cod_primaria=1000120&CodActa=1187027&cod_acta=1187027
20,20005965,22010839,11,24-11-2024,16:00,Campo de Fútbol Municipal As Cancelas,Hierba Artificial,"MARTINEZ LAREO , MARCOS",C.D.BELVIS,RODEIRO C.F.,1187028,https://www.futgal.es/pnfg/NPcd/NFG_CmpPartido?cod_primaria=1000120&CodActa=1187028&cod_acta=1187028
20,20005965,22010839,11,24-11-2024,17:00,Mcpal. Manuel Regueiro - Antiguo Figueroa,Hierba Artificial,"FERNANDEZ MONTOUTO, RUBEN",C.D. SPORT TEAM ESTRADA,S.D.C. RECESENDE,1187029,https://www.futgal.es/pnfg/NPcd/NFG_CmpPartido?cod_primaria=1000120&CodActa=1187029&cod_acta=1187029
20,20005965,22010839,11,24-11-2024,17:00,O Coto - Val Do Ulla,Hierba Artificial,"SOTO PEREZ, SECUNDINO",U.D. VAL DO ULLA,SOCIEDADE DEPORTIVA O PINO,1187030,https://www.futgal.es/pnfg/NPcd/NFG_CmpPartido?cod_primaria=1000120&CodActa=1187030&cod_acta=1187030
20,20005965,22010839,12,01-12-2024,16:30,A Tilleira - Dubra,Hierba Artificial,"PIÑEIRO LUGO, JESUS","S.D. DUBRA ""B""",U.D. VAL DO ULLA,1187031,https://www.futgal.es/pnfg/NPcd/NFG_CmpPartido?cod_primaria=1000120&CodActa=1187031&cod_acta=1187031
20,20005965,22010839,12,01-12-2024,16:00,O Xeixo - Trazo,Hierba Natural,"VILAS LORENZO, MIGUEL ANGEL",TRAZO C.F.,S.D. CRUCES,1187032,https://www.futgal.es/pnfg/NPcd/NFG_CmpPartido?cod_primaria=1000120&CodActa=1187032&cod_acta=1187032
20,20005965,22010839,12,01-12-2024,16:00,Suso Conde,Hierba Artificial,"VILLAMOR RIAL, NOEL",S.D. VILLESTRO,S.D. CACHEIRAS,1187033,https://www.futgal.es/pnfg/NPcd/NFG_CmpPartido?cod_primaria=1000120&CodActa=1187033&cod_acta=1187033
20,20005965,22010839,12,01-12-2024,18:00,San Mamed,Hierba Artificial,"LAYA LOLO, XOEL",C.D. SAN MAMED,C.F. SILLEDA,1187034,https://www.futgal.es/pnfg/NPcd/NFG_CmpPartido?cod_primaria=1000120&CodActa=1187034&cod_acta=1187034
20,20005965,22010839,12,01-12-2024,17:00,Campo Municipal Jesús Carlos Pampin Rua,Hierba Artificial,"ALAOUI SOULIMANI, AMINE",C.F. CIRE DE MELIDE,LAMELA C.F.,1187035,https://www.futgal.es/pnfg/NPcd/NFG_CmpPartido?cod_primaria=1000120&CodActa=1187035&cod_acta=1187035
20,20005965,22010839,12,01-12-2024,16:00,A Raña - Rodeiro,Hierba Artificial,"VILLANUEVA ANSEDES, CARMEN",RODEIRO C.F.,A.C.U.D. CAMPORRAPADO,1187036,https://www.futgal.es/pnfg/NPcd/NFG_CmpPartido?cod_primaria=1000120&CodActa=1187036&cod_acta=1187036
20,20005965,22010839,12,01-12-2024,16:00,A Devesiña - Recesende,Tierra,"FERNANDEZ LODEIRO, ABEL",S.D.C. RECESENDE,C.D.BELVIS,1187037,https://www.futgal.es/pnfg/NPcd/NFG_CmpPartido?cod_primaria=1000120&CodActa=1187037&cod_acta=1187037
20,20005965,22010839,12,01-12-2024,17:00,Reboredo- Arca- O Pino,Hierba Artificial,"MARTINEZ SANTOS, OSCAR",SOCIEDADE DEPORTIVA O PINO,C.D. SPORT TEAM ESTRADA,1187038,https://www.futgal.es/pnfg/NPcd/NFG_CmpPartido?cod_primaria=1000120&CodActa=1187038&cod_acta=1187038
20,20005965,22010839,13,14-12-2024,16:15,Juan Baleato,Hierba Natural,"FERRO BENITO, ANDRES","S.D. DUBRA ""B""",TRAZO C.F.,1187039,https://www.futgal.es/pnfg/NPcd/NFG_CmpPartido?cod_primaria=1000120&CodActa=1187039&cod_acta=1187039
20,20005965,22010839,13,15-12-2024,20:00,Mpal Do Camballón,Hierba Artificial,"FERNANDEZ MONTOUTO, RUBEN",S.D. CRUCES,S.D. VILLESTRO,1187040,https://www.futgal.es/pnfg/NPcd/NFG_CmpPartido?cod_primaria=1000120&CodActa=1187040&cod_acta=1187040
20,20005965,22010839,13,15-12-2024,16:30,A Cañoteira - Cacheiras-Antigo Ignacio,Hierba Artificial,"REGO RODRIGUEZ, JOSE LUIS",S.D. CACHEIRAS,C.D. SAN MAMED,1187041,https://www.futgal.es/pnfg/NPcd/NFG_CmpPartido?cod_primaria=1000120&CodActa=1187041&cod_acta=1187041
20,20005965,22010839,13,15-12-2024,17:00,Outeiriño,Hierba Artificial,"CASTRO LIÑARES, MARCO ALEJANDRO",C.F. SILLEDA,C.F. CIRE DE MELIDE,1187042,https://www.futgal.es/pnfg/NPcd/NFG_CmpPartido?cod_primaria=1000120&CodActa=1187042&cod_acta=1187042
20,20005965,22010839,13,15-12-2024,16:30,Mularedos,Hierba Natural,"LAYA LOLO, XOEL",LAMELA C.F.,RODEIRO C.F.,1187043,https://www.futgal.es/pnfg/NPcd/NFG_CmpPartido?cod_primaria=1000120&CodActa=1187043&cod_acta=1187043
20,20005965,22010839,13,15-12-2024,16:00,Da Silveira- Camporrapado,Hierba Natural,"GAY CASAL, JAVIER",A.C.U.D. CAMPORRAPADO,S.D.C. RECESENDE,1187044,https://www.futgal.es/pnfg/NPcd/NFG_CmpPartido?cod_primaria=1000120&CodActa=1187044&cod_acta=1187044
20,20005965,22010839,13,15-12-2024,16:09,Campo de Fútbol Municipal As Cancelas,Hierba Artificial,"ENRIQUEZ PEREIRO, OSCAR",C.D.BELVIS,SOCIEDADE DEPORTIVA O PINO,1187045,https://www.futgal.es/pnfg/NPcd/NFG_CmpPartido?cod_primaria=1000120&CodActa=1187045&cod_acta=1187045
20,20005965,22010839,13,15-12-2024,17:00,O Coto - Val Do Ulla,Hierba Artificial,"CASTRO SANMARTIN, SEBASTIAN",U.D. VAL DO ULLA,C.D. SPORT TEAM ESTRADA,1187046,https://www.futgal.es/pnfg/NPcd/NFG_CmpPartido?cod_primaria=1000120&CodActa=1187046&cod_acta=1187046
20,20005965,22010839,14,22-12-2024,17:00,O Coto - Val Do Ulla,Hierba Artificial,"FERNANDEZ MONTOUTO, RUBEN",U.D. VAL DO ULLA,TRAZO C.F.,1187047,https://www.futgal.es/pnfg/NPcd/NFG_CmpPartido?cod_primaria=1000120&CodActa=1187047&cod_acta=1187047
20,20005965,22010839,14,22-12-2024,16:00,Suso Conde,Hierba Artificial,"QUINTANA PEREIRO, SERGIO",S.D. VILLESTRO,"S.D. DUBRA ""B""",1187048,https://www.futgal.es/pnfg/NPcd/NFG_CmpPartido?cod_primaria=1000120&CodActa=1187048&cod_acta=1187048
20,20005965,22010839,14,22-12-2024,12:00,San Mamed,Hierba Artificial,"GAY CASAL, JAVIER",C.D. SAN MAMED,S.D. CRUCES,1187049,https://www.futgal.es/pnfg/NPcd/NFG_CmpPartido?cod_primaria=1000120&CodActa=1187049&cod_acta=1187049
20,20005965,22010839,14,21-12-2024,17:30,Campo Municipal Jesús Carlos Pampin Rua,Hierba Artificial,"VIDAL FONSECA, GUSTAVO",C.F. CIRE DE MELIDE,S.D. CACHEIRAS,1187050,https://www.futgal.es/pnfg/NPcd/NFG_CmpPartido?cod_primaria=1000120&CodActa=1187050&cod_acta=1187050
20,20005965,22010839,14,22-12-2024,17:15,A Raña - Rodeiro,Hierba Artificial,"ENRIQUEZ PEREIRO, OSCAR",RODEIRO C.F.,C.F. SILLEDA,1187051,https://www.futgal.es/pnfg/NPcd/NFG_CmpPartido?cod_primaria=1000120&CodActa=1187051&cod_acta=1187051
20,20005965,22010839,14,22-12-2024,16:15,A Devesiña - Recesende,Tierra,"HERNANDEZ GIADANS, AGUSTIN",S.D.C. RECESENDE,LAMELA C.F.,1187052,https://www.futgal.es/pnfg/NPcd/NFG_CmpPartido?cod_primaria=1000120&CodActa=1187052&cod_acta=1187052
20,20005965,22010839,14,21-12-2024,16:00,Reboredo- Arca- O Pino,Hierba Artificial,"CASTRO LIÑARES, MARCO ALEJANDRO",SOCIEDADE DEPORTIVA O PINO,A.C.U.D. CAMPORRAPADO,1187053,https://www.futgal.es/pnfg/NPcd/NFG_CmpPartido?cod_primaria=1000120&CodActa=1187053&cod_acta=1187053
20,20005965,22010839,14,22-12-2024,17:00,Mcpal. Manuel Regueiro - Antiguo Figueroa,Hierba Artificial,"GARCIA VEIRAS, RAUL",C.D. SPORT TEAM ESTRADA,C.D.BELVIS,1187054,https://www.futgal.es/pnfg/NPcd/NFG_CmpPartido?cod_primaria=1000120&CodActa=1187054&cod_acta=1187054
20,20005965,22010839,15,12-01-2025,16:00,O Xeixo - Trazo,Hierba Natural,"REBOREDO RIADIGOS, JOSE LUIS",TRAZO C.F.,S.D. VILLESTRO,1187055,https://www.futgal.es/pnfg/NPcd/NFG_CmpPartido?cod_primaria=1000120&CodActa=1187055&cod_acta=1187055
20,20005965,22010839,15,12-01-2025,16:30,A Tilleira - Dubra,Hierba Artificial,"ANTELO ROMERO, XAIRO","S.D. DUBRA ""B""",C.D. SAN MAMED,1187056,https://www.futgal.es/pnfg/NPcd/NFG_CmpPartido?cod_primaria=1000120&CodActa=1187056&cod_acta=1187056
20,20005965,22010839,15,12-01-2025,17:00,Mpal Do Camballón,Hierba Artificial,"RODRIGUEZ MUNIN, DANIEL",S.D. CRUCES,C.F. CIRE DE MELIDE,1187057,https://www.futgal.es/pnfg/NPcd/NFG_CmpPartido?cod_primaria=1000120&CodActa=1187057&cod_acta=1187057
20,20005965,22010839,15,12-01-2025,16:15,A Cañoteira - Cacheiras-Antigo Ignacio,Hierba Artificial,"PIÑEIRO LUGO, JESUS",S.D. CACHEIRAS,RODEIRO C.F.,1187058,https://www.futgal.es/pnfg/NPcd/NFG_CmpPartido?cod_primaria=1000120&CodActa=1187058&cod_acta=1187058
20,20005965,22010839,15,12-01-2025,17:00,Outeiriño,Hierba Artificial,"SOTO PEREZ, SECUNDINO",C.F. SILLEDA,S.D.C. RECESENDE,1187059,https://www.futgal.es/pnfg/NPcd/NFG_CmpPartido?cod_primaria=1000120&CodActa=1187059&cod_acta=1187059
20,20005965,22010839,15,12-01-2025,16:30,Mularedos,Hierba Natural,"GAY CASAL, JAVIER",LAMELA C.F.,SOCIEDADE DEPORTIVA O PINO,1187060,https://www.futgal.es/pnfg/NPcd/NFG_CmpPartido?cod_primaria=1000120&CodActa=1187060&cod_acta=1187060
20,20005965,22010839,15,12-01-2025,16:00,O Forte-Boqueixón,Hierba Artificial,"LAYA LOLO, XOEL",A.C.U.D. CAMPORRAPADO,C.D. SPORT TEAM ESTRADA,1187061,https://www.futgal.es/pnfg/NPcd/NFG_CmpPartido?cod_primaria=1000120&CodActa=1187061&cod_acta=1187061
20,20005965,22010839,15,12-01-2025,16:00,Campo de Fútbol Municipal As Cancelas,Hierba Artificial,"BOTANA REY, PABLO",C.D.BELVIS,U.D. VAL DO ULLA,1187062,https://www.futgal.es/pnfg/NPcd/NFG_CmpPartido?cod_primaria=1000120&CodActa=1187062&cod_acta=1187062
20,20005965,22010839,16,19-01-2025,16:30,Da Silveira- Camporrapado,Hierba Natural,"SOTO PEREZ, SECUNDINO",A.C.U.D. CAMPORRAPADO,C.D.BELVIS,1187063,https://www.futgal.es/pnfg/NPcd/NFG_CmpPartido?cod_primaria=1000120&CodActa=1187063&cod_acta=1187063
20,20005965,22010839,16,19-01-2025,16:30,Mularedos,Hierba Natural,"ENRIQUEZ PEREIRO, OSCAR",LAMELA C.F.,C.D. SPORT TEAM ESTRADA,1187064,https://www.futgal.es/pnfg/NPcd/NFG_CmpPartido?cod_primaria=1000120&CodActa=1187064&cod_acta=1187064
20,20005965,22010839,16,19-01-2025,18:00,Outeiriño,Hierba Artificial,"FERNANDEZ MONTOUTO, RUBEN",C.F. SILLEDA,SOCIEDADE DEPORTIVA O PINO,1187065,https://www.futgal.es/pnfg/NPcd/NFG_CmpPartido?cod_primaria=1000120&CodActa=1187065&cod_acta=1187065
20,20005965,22010839,16,19-01-2025,16:30,A Cañoteira - Cacheiras-Antigo Ignacio,Hierba Artificial,"GIL CALDELAS, SAMUEL",S.D. CACHEIRAS,S.D.C. RECESENDE,1187066,https://www.futgal.es/pnfg/NPcd/NFG_CmpPartido?cod_primaria=1000120&CodActa=1187066&cod_acta=1187066
20,20005965,22010839,16,19-01-2025,12:45,Mpal Do Camballón,Hierba Artificial,"CASTRO SANMARTIN, SEBASTIAN",S.D. CRUCES,RODEIRO C.F.,1187067,https://www.futgal.es/pnfg/NPcd/NFG_CmpPartido?cod_primaria=1000120&CodActa=1187067&cod_acta=1187067
20,20005965,22010839,16,18-01-2025,16:00,A Tilleira - Dubra,Hierba Artificial,"PONTE APONTE, ADRIAN","S.D. DUBRA ""B""",C.F. CIRE DE MELIDE,1187068,https://www.futgal.es/pnfg/NPcd/NFG_CmpPartido?cod_primaria=1000120&CodActa=1187068&cod_acta=1187068
20,20005965,22010839,16,19-01-2025,12:15,O Xeixo - Trazo,Hierba Natural,"HERNANDEZ GIADANS, AGUSTIN",TRAZO C.F.,C.D. SAN MAMED,1187069,https://www.futgal.es/pnfg/NPcd/NFG_CmpPartido?cod_primaria=1000120&CodActa=1187069&cod_acta=1187069
20,20005965,22010839,16,19-01-2025,16:00,Suso Conde,Hierba Artificial,"GOMEZ GUTIERREZ, ADRIAN JOSE",S.D. VILLESTRO,U.D. VAL DO ULLA,1187070,https://www.futgal.es/pnfg/NPcd/NFG_CmpPartido?cod_primaria=1000120&CodActa=1187070&cod_acta=1187070
20,20005965,22010839,17,02-03-2025,17:00,O Coto - Val Do Ulla,Hierba Artificial,"ENRIQUEZ PEREIRO, OSCAR",U.D. VAL DO ULLA,A.C.U.D. CAMPORRAPADO,1272370,https://www.futgal.es/pnfg/NPcd/NFG_CmpPartido?cod_primaria=1000120&CodActa=1272370&cod_acta=1272370
20,20005965,22010839,17,02-03-2025,17:00,Campo de Fútbol Municipal As Cancelas,Hierba Artificial,"FERROL MUÑIZ, MIGUEL",C.D.BELVIS,LAMELA C.F.,1272366,https://www.futgal.es/pnfg/NPcd/NFG_CmpPartido?cod_primaria=1000120&CodActa=1272366&cod_acta=1272366
20,20005965,22010839,17,28-02-2025,21:00,Mcpal. Manuel Regueiro - Antiguo Figueroa,Hierba Artificial,"MARTINEZ SANTOS, OSCAR",C.D. SPORT TEAM ESTRADA,C.F. SILLEDA,1272369,https://www.futgal.es/pnfg/NPcd/NFG_CmpPartido?cod_primaria=1000120&CodActa=1272369&cod_acta=1272369
20,20005965,22010839,17,01-03-2025,12:00,Reboredo- Arca- O Pino,Hierba Artificial,"ALCALA REY, ALFONSO",SOCIEDADE DEPORTIVA O PINO,S.D. CACHEIRAS,1272373,https://www.futgal.es/pnfg/NPcd/NFG_CmpPartido?cod_primaria=1000120&CodActa=1272373&cod_acta=1272373
20,20005965,22010839,17,02-03-2025,16:00,A Devesiña - Recesende,Tierra,"MARTINEZ LAREO , MARCOS",S.D.C. RECESENDE,S.D. CRUCES,1272372,https://www.futgal.es/pnfg/NPcd/NFG_CmpPartido?cod_primaria=1000120&CodActa=1272372&cod_acta=1272372
20,20005965,22010839,17,28-02-2025,21:00,A Raña - Rodeiro,Hierba Artificial,"LAYA LOLO, XOEL",RODEIRO C.F.,"S.D. DUBRA ""B""",1272367,https://www.futgal.es/pnfg/NPcd/NFG_CmpPartido?cod_primaria=1000120&CodActa=1272367&cod_acta=1272367
20,20005965,22010839,17,01-03-2025,18:30,Campo Municipal Jesús Carlos Pampin Rua,Hierba Artificial,"TEIJEIRO FERNANDEZ, MIGUEL",C.F. CIRE DE MELIDE,TRAZO C.F.,1272371,https://www.futgal.es/pnfg/NPcd/NFG_CmpPartido?cod_primaria=1000120&CodActa=1272371&cod_acta=1272371
20,20005965,22010839,17,02-03-2025,19:00,San Mamed,Hierba Artificial,"CASTRO SANMARTIN, SEBASTIAN",C.D. SAN MAMED,S.D. VILLESTRO,1272368,https://www.futgal.es/pnfg/NPcd/NFG_CmpPartido?cod_primaria=1000120&CodActa=1272368&cod_acta=1272368
20,20005965,22010839,18,02-02-2025,17:00,Mularedos,Hierba Natural,"FERNANDEZ MONTOUTO, RUBEN",LAMELA C.F.,A.C.U.D. CAMPORRAPADO,1187079,https://www.futgal.es/pnfg/NPcd/NFG_CmpPartido?cod_primaria=1000120&CodActa=1187079&cod_acta=1187079
20,20005965,22010839,18,02-02-2025,17:00,Outeiriño,Hierba Artificial,"CASTRO SANMARTIN, SEBASTIAN",C.F. SILLEDA,C.D.BELVIS,1187080,https://www.futgal.es/pnfg/NPcd/NFG_CmpPartido?cod_primaria=1000120&CodActa=1187080&cod_acta=1187080
20,20005965,22010839,18,02-02-2025,16:30,A Cañoteira - Cacheiras-Antigo Ignacio,Hierba Artificial,"CASAL BARREIRO, ADRIAN",S.D. CACHEIRAS,C.D. SPORT TEAM ESTRADA,1187081,https://www.futgal.es/pnfg/NPcd/NFG_CmpPartido?cod_primaria=1000120&CodActa=1187081&cod_acta=1187081
20,20005965,22010839,18,02-02-2025,17:00,Mpal Do Camballón,Hierba Artificial,"LAYA LOLO, XOEL",S.D. CRUCES,SOCIEDADE DEPORTIVA O PINO,1187082,https://www.futgal.es/pnfg/NPcd/NFG_CmpPartido?cod_primaria=1000120&CodActa=1187082&cod_acta=1187082
20,20005965,22010839,18,01-02-2025,16:15,A Tilleira - Dubra,Hierba Artificial,"CASTRO LIÑARES, MARCO ALEJANDRO","S.D. DUBRA ""B""",S.D.C. RECESENDE,1187083,https://www.futgal.es/pnfg/NPcd/NFG_CmpPartido?cod_primaria=1000120&CodActa=1187083&cod_acta=1187083
20,20005965,22010839,18,01-02-2025,17:00,O Xeixo - Trazo,Hierba Natural,"GIL CALDELAS, SAMUEL",TRAZO C.F.,RODEIRO C.F.,1187084,https://www.futgal.es/pnfg/NPcd/NFG_CmpPartido?cod_primaria=1000120&CodActa=1187084&cod_acta=1187084
20,20005965,22010839,18,02-02-2025,16:00,Suso Conde,Hierba Artificial,"ALAOUI SOULIMANI, AMINE",S.D. VILLESTRO,C.F. CIRE DE MELIDE,1187085,https://www.futgal.es/pnfg/NPcd/NFG_CmpPartido?cod_primaria=1000120&CodActa=1187085&cod_acta=1187085
20,20005965,22010839,18,02-02-2025,17:00,San Mamed,Hierba Artificial,"ENRIQUEZ PEREIRO, OSCAR",C.D. SAN MAMED,U.D. VAL DO ULLA,1187086,https://www.futgal.es/pnfg/NPcd/NFG_CmpPartido?cod_primaria=1000120&CodActa=1187086&cod_acta=1187086
20,20005965,22010839,19,09-02-2025,17:00,O Coto - Val Do Ulla,Hierba Artificial,"SOTO PEREZ, SECUNDINO",U.D. VAL DO ULLA,LAMELA C.F.,1187087,https://www.futgal.es/pnfg/NPcd/NFG_CmpPartido?cod_primaria=1000120&CodActa=1187087&cod_acta=1187087
20,20005965,22010839,19,09-02-2025,17:00,O Forte-Boqueixón,Hierba Artificial,"MACHADO MOSQUERA, CRISTIAN",A.C.U.D. CAMPORRAPADO,C.F. SILLEDA,1187088,https://www.futgal.es/pnfg/NPcd/NFG_CmpPartido?cod_primaria=1000120&CodActa=1187088&cod_acta=1187088
20,20005965,22010839,19,09-02-2025,16:00,Campo de Fútbol Municipal As Cancelas,Hierba Artificial,"MIGUENS SANTIAGO, SERGIO",C.D.BELVIS,S.D. CACHEIRAS,1187089,https://www.futgal.es/pnfg/NPcd/NFG_CmpPartido?cod_primaria=1000120&CodActa=1187089&cod_acta=1187089
20,20005965,22010839,19,09-02-2025,17:00,Mcpal. Manuel Regueiro - Antiguo Figueroa,Hierba Artificial,"GAY CASAL, JAVIER",C.D. SPORT TEAM ESTRADA,S.D. CRUCES,1187090,https://www.futgal.es/pnfg/NPcd/NFG_CmpPartido?cod_primaria=1000120&CodActa=1187090&cod_acta=1187090
20,20005965,22010839,19,09-02-2025,17:00,Reboredo- Arca- O Pino,Hierba Artificial,"REGO RODRIGUEZ, JOSE LUIS",SOCIEDADE DEPORTIVA O PINO,"S.D. DUBRA ""B""",1187091,https://www.futgal.es/pnfg/NPcd/NFG_CmpPartido?cod_primaria=1000120&CodActa=1187091&cod_acta=1187091
20,20005965,22010839,19,09-02-2025,16:15,A Devesiña - Recesende,Tierra,"ANTELO ROMERO, XAIRO",S.D.C. RECESENDE,TRAZO C.F.,1187092,https://www.futgal.es/pnfg/NPcd/NFG_CmpPartido?cod_primaria=1000120&CodActa=1187092&cod_acta=1187092
20,20005965,22010839,19,09-02-2025,18:00,A Raña - Rodeiro,Hierba Artificial,"FERNANDEZ MONTOUTO, RUBEN",RODEIRO C.F.,S.D. VILLESTRO,1187093,https://www.futgal.es/pnfg/NPcd/NFG_CmpPartido?cod_primaria=1000120&CodActa=1187093&cod_acta=1187093
20,20005965,22010839,19,09-02-2025,17:00,Campo Municipal Jesús Carlos Pampin Rua,Hierba Artificial,"LOMBAO GONZALEZ, IAGO",C.F. CIRE DE MELIDE,C.D. SAN MAMED,1187094,https://www.futgal.es/pnfg/NPcd/NFG_CmpPartido?cod_primaria=1000120&CodActa=1187094&cod_acta=1187094
20,20005965,22010839,20,16-02-2025,17:30,Outeiriño,Hierba Artificial,"FERNANDEZ MONTOUTO, RUBEN",C.F. SILLEDA,LAMELA C.F.,1187095,https://www.futgal.es/pnfg/NPcd/NFG_CmpPartido?cod_primaria=1000120&CodActa=1187095&cod_acta=1187095
20,20005965,22010839,20,16-02-2025,17:00,A Cañoteira - Cacheiras-Antigo Ignacio,Hierba Artificial,"GARCIA ALVAREZ, ADRIAN",S.D. CACHEIRAS,A.C.U.D. CAMPORRAPADO,1187096,https://www.futgal.es/pnfg/NPcd/NFG_CmpPartido?cod_primaria=1000120&CodActa=1187096&cod_acta=1187096
20,20005965,22010839,20,16-02-2025,18:30,Mpal Do Camballón,Hierba Artificial,"MACHADO MOSQUERA, CRISTIAN",S.D. CRUCES,C.D.BELVIS,1187097,https://www.futgal.es/pnfg/NPcd/NFG_CmpPartido?cod_primaria=1000120&CodActa=1187097&cod_acta=1187097
20,20005965,22010839,20,16-02-2025,18:15,A Tilleira - Dubra,Hierba Artificial,"QUINTANA PEREIRO, SERGIO","S.D. DUBRA ""B""",C.D. SPORT TEAM ESTRADA,1187098,https://www.futgal.es/pnfg/NPcd/NFG_CmpPartido?cod_primaria=1000120&CodActa=1187098&cod_acta=1187098
20,20005965,22010839,20,16-02-2025,17:00,O Xeixo - Trazo,Hierba Natural,"FERNANDEZ LODEIRO, ABEL",TRAZO C.F.,SOCIEDADE DEPORTIVA O PINO,1187099,https://www.futgal.es/pnfg/NPcd/NFG_CmpPartido?cod_primaria=1000120&CodActa=1187099&cod_acta=1187099
20,20005965,22010839,20,16-02-2025,16:30,Suso Conde,Hierba Artificial,"VIDAL FONSECA, GUSTAVO",S.D. VILLESTRO,S.D.C. RECESENDE,1187100,https://www.futgal.es/pnfg/NPcd/NFG_CmpPartido?cod_primaria=1000120&CodActa=1187100&cod_acta=1187100
20,20005965,22010839,20,16-02-2025,17:00,San Mamed,Hierba Artificial,"GAY CASAL, JAVIER",C.D. SAN MAMED,RODEIRO C.F.,1187101,https://www.futgal.es/pnfg/NPcd/NFG_CmpPartido?cod_primaria=1000120&CodActa=1187101&cod_acta=1187101
20,20005965,22010839,20,16-02-2025,17:00,Campo Municipal Jesús Carlos Pampin Rua,Hierba Artificial,"MARTINEZ SANTOS, OSCAR",C.F. CIRE DE MELIDE,U.D. VAL DO ULLA,1187102,https://www.futgal.es/pnfg/NPcd/NFG_CmpPartido?cod_primaria=1000120&CodActa=1187102&cod_acta=1187102
20,20005965,22010839,21,23-02-2025,17:00,O Coto - Val Do Ulla,Hierba Artificial,"VILLANUEVA ANSEDES, CARMEN",U.D. VAL DO ULLA,C.F. SILLEDA,1187103,https://www.futgal.es/pnfg/NPcd/NFG_CmpPartido?cod_primaria=1000120&CodActa=1187103&cod_acta=1187103
20,20005965,22010839,21,23-02-2025,17:00,Mularedos,Hierba Natural,"GAY CASAL, JAVIER",LAMELA C.F.,S.D. CACHEIRAS,1187104,https://www.futgal.es/pnfg/NPcd/NFG_CmpPartido?cod_primaria=1000120&CodActa=1187104&cod_acta=1187104
20,20005965,22010839,21,23-02-2025,12:00,O Forte-Boqueixón,Hierba Artificial,"TABOADA DOVAL, DAVID",A.C.U.D. CAMPORRAPADO,S.D. CRUCES,1187105,https://www.futgal.es/pnfg/NPcd/NFG_CmpPartido?cod_primaria=1000120&CodActa=1187105&cod_acta=1187105
20,20005965,22010839,21,23-02-2025,16:00,Campo de Fútbol Municipal As Cancelas,Hierba Artificial,"MIRAZO INSUA, PEDRO",C.D.BELVIS,"S.D. DUBRA ""B""",1187106,https://www.futgal.es/pnfg/NPcd/NFG_CmpPartido?cod_primaria=1000120&CodActa=1187106&cod_acta=1187106
20,20005965,22010839,21,22-02-2025,18:15,Mcpal. Manuel Regueiro - Antiguo Figueroa,Hierba Artificial,"GARCIA LISTE, IRIA",C.D. SPORT TEAM ESTRADA,TRAZO C.F.,1187107,https://www.futgal.es/pnfg/NPcd/NFG_CmpPartido?cod_primaria=1000120&CodActa=1187107&cod_acta=1187107
20,20005965,22010839,21,23-02-2025,17:00,Reboredo- Arca- O Pino,Hierba Artificial,"MARTINEZ LAREO , MARCOS",SOCIEDADE DEPORTIVA O PINO,S.D. VILLESTRO,1187108,https://www.futgal.es/pnfg/NPcd/NFG_CmpPartido?cod_primaria=1000120&CodActa=1187108&cod_acta=1187108
20,20005965,22010839,21,23-02-2025,16:15,A Devesiña - Recesende,Tierra,"CANAY FERNANDEZ, BRAIS",S.D.C. RECESENDE,C.D. SAN MAMED,1187109,https://www.futgal.es/pnfg/NPcd/NFG_CmpPartido?cod_primaria=1000120&CodActa=1187109&cod_acta=1187109
20,20005965,22010839,21,23-02-2025,20:00,A Raña - Rodeiro,Hierba Artificial,"BOTANA REY, PABLO",RODEIRO C.F.,C.F. CIRE DE MELIDE,1187110,https://www.futgal.es/pnfg/NPcd/NFG_CmpPartido?cod_primaria=1000120&CodActa=1187110&cod_acta=1187110
20,20005965,22010839,22,09-03-2025,18:00,A Cañoteira - Cacheiras-Antigo Ignacio,Hierba Artificial,"REGO RODRIGUEZ, JOSE LUIS",S.D. CACHEIRAS,C.F. SILLEDA,1187111,https://www.futgal.es/pnfg/NPcd/NFG_CmpPartido?cod_primaria=1000120&CodActa=1187111&cod_acta=1187111
20,20005965,22010839,22,09-03-2025,18:00,Mpal Do Camballón,Hierba Artificial,"VILLANUEVA ANSEDES, CARMEN",S.D. CRUCES,LAMELA C.F.,1187112,https://www.futgal.es/pnfg/NPcd/NFG_CmpPartido?cod_primaria=1000120&CodActa=1187112&cod_acta=1187112
20,20005965,22010839,22,09-03-2025,18:30,A Tilleira - Dubra,Hierba Artificial,"BREY COUTO, RODRIGO","S.D. DUBRA ""B""",A.C.U.D. CAMPORRAPADO,1187113,https://www.futgal.es/pnfg/NPcd/NFG_CmpPartido?cod_primaria=1000120&CodActa=1187113&cod_acta=1187113
20,20005965,22010839,22,09-03-2025,16:00,O Xeixo - Trazo,Hierba Natural,"VIDAL FONSECA, GUSTAVO",TRAZO C.F.,C.D.BELVIS,1187114,https://www.futgal.es/pnfg/NPcd/NFG_CmpPartido?cod_primaria=1000120&CodActa=1187114&cod_acta=1187114
20,20005965,22010839,22,09-03-2025,16:30,Suso Conde,Hierba Artificial,"GOMEZ GUTIERREZ, ADRIAN JOSE",S.D. VILLESTRO,C.D. SPORT TEAM ESTRADA,1187115,https://www.futgal.es/pnfg/NPcd/NFG_CmpPartido?cod_primaria=1000120&CodActa=1187115&cod_acta=1187115
20,20005965,22010839,22,09-03-2025,18:00,San Mamed,Hierba Artificial,"FERNANDEZ MONTOUTO, RUBEN",C.D. SAN MAMED,SOCIEDADE DEPORTIVA O PINO,1187116,https://www.futgal.es/pnfg/NPcd/NFG_CmpPartido?cod_primaria=1000120&CodActa=1187116&cod_acta=1187116
20,20005965,22010839,22,09-03-2025,17:00,Campo Municipal Jesús Carlos Pampin Rua,Hierba Artificial,"HERNANDEZ GIADANS, AGUSTIN",C.F. CIRE DE MELIDE,S.D.C. RECESENDE,1187117,https://www.futgal.es/pnfg/NPcd/NFG_CmpPartido?cod_primaria=1000120&CodActa=1187117&cod_acta=1187117
20,20005965,22010839,22,09-03-2025,17:00,A Raña - Rodeiro,Hierba Artificial,"SOTO PEREZ, SECUNDINO",RODEIRO C.F.,U.D. VAL DO ULLA,1187118,https://www.futgal.es/pnfg/NPcd/NFG_CmpPartido?cod_primaria=1000120&CodActa=1187118&cod_acta=1187118
20,20005965,22010839,23,16-03-2025,17:00,O Coto - Val Do Ulla,Hierba Artificial,"REBOREDO RIADIGOS, JOSE LUIS",U.D. VAL DO ULLA,S.D. CACHEIRAS,1187119,https://www.futgal.es/pnfg/NPcd/NFG_CmpPartido?cod_primaria=1000120&CodActa=1187119&cod_acta=1187119
20,20005965,22010839,23,16-03-2025,17:00,Outeiriño,Hierba Artificial,"ENRIQUEZ PEREIRO, OSCAR",C.F. SILLEDA,S.D. CRUCES,1187120,https://www.futgal.es/pnfg/NPcd/NFG_CmpPartido?cod_primaria=1000120&CodActa=1187120&cod_acta=1187120
20,20005965,22010839,23,16-03-2025,17:00,Mularedos,Hierba Natural,"CASTRO SANMARTIN, SEBASTIAN",LAMELA C.F.,"S.D. DUBRA ""B""",1187121,https://www.futgal.es/pnfg/NPcd/NFG_CmpPartido?cod_primaria=1000120&CodActa=1187121&cod_acta=1187121
20,20005965,22010839,23,16-03-2025,16:00,O Forte-Boqueixón,Hierba Artificial,"GAY CASAL, JAVIER",A.C.U.D. CAMPORRAPADO,TRAZO C.F.,1187122,https://www.futgal.es/pnfg/NPcd/NFG_CmpPartido?cod_primaria=1000120&CodActa=1187122&cod_acta=1187122
20,20005965,22010839,23,16-03-2025,17:00,Campo de Fútbol Municipal As Cancelas,Hierba Artificial,"BRION SANISIDRO, FRANCISCO MANUEL",C.D.BELVIS,S.D. VILLESTRO,1187123,https://www.futgal.es/pnfg/NPcd/NFG_CmpPartido?cod_primaria=1000120&CodActa=1187123&cod_acta=1187123
20,20005965,22010839,23,15-03-2025,18:30,Mcpal. Manuel Regueiro - Antiguo Figueroa,Hierba Artificial,"TEIJEIRO FERNANDEZ, MIGUEL",C.D. SPORT TEAM ESTRADA,C.D. SAN MAMED,1187124,https://www.futgal.es/pnfg/NPcd/NFG_CmpPartido?cod_primaria=1000120&CodActa=1187124&cod_acta=1187124
20,20005965,22010839,23,16-03-2025,17:00,Reboredo- Arca- O Pino,Hierba Artificial,"GIL CALDELAS, SAMUEL",SOCIEDADE DEPORTIVA O PINO,C.F. CIRE DE MELIDE,1187125,https://www.futgal.es/pnfg/NPcd/NFG_CmpPartido?cod_primaria=1000120&CodActa=1187125&cod_acta=1187125
20,20005965,22010839,23,16-03-2025,16:30,A Devesiña - Recesende,Tierra,"FRANCO SABORIDO, DAVID",S.D.C. RECESENDE,RODEIRO C.F.,1187126,https://www.futgal.es/pnfg/NPcd/NFG_CmpPartido?cod_primaria=1000120&CodActa=1187126&cod_acta=1187126
20,20005965,22010839,24,23-03-2025,17:00,Mpal Do Camballón,Hierba Artificial,"FERNANDEZ MONTOUTO, RUBEN",S.D. CRUCES,S.D. CACHEIRAS,1187127,https://www.futgal.es/pnfg/NPcd/NFG_CmpPartido?cod_primaria=1000120&CodActa=1187127&cod_acta=1187127
20,20005965,22010839,24,23-03-2025,18:30,A Tilleira - Dubra,Hierba Artificial,"ANTELO ROMERO, XAIRO","S.D. DUBRA ""B""",C.F. SILLEDA,1187128,https://www.futgal.es/pnfg/NPcd/NFG_CmpPartido?cod_primaria=1000120&CodActa=1187128&cod_acta=1187128
20,20005965,22010839,24,23-03-2025,17:00,O Xeixo - Trazo,Hierba Natural,"HERNANDEZ GIADANS, AGUSTIN",TRAZO C.F.,LAMELA C.F.,1187129,https://www.futgal.es/pnfg/NPcd/NFG_CmpPartido?cod_primaria=1000120&CodActa=1187129&cod_acta=1187129
20,20005965,22010839,24,23-03-2025,17:00,Suso Conde,Hierba Artificial,"TEIJEIRO FERNANDEZ, MIGUEL",S.D. VILLESTRO,A.C.U.D. CAMPORRAPADO,1187130,https://www.futgal.es/pnfg/NPcd/NFG_CmpPartido?cod_primaria=1000120&CodActa=1187130&cod_acta=1187130
20,20005965,22010839,24,23-03-2025,18:30,San Mamed,Hierba Artificial,"ENRIQUEZ PEREIRO, OSCAR",C.D. SAN MAMED,C.D.BELVIS,1187131,https://www.futgal.es/pnfg/NPcd/NFG_CmpPartido?cod_primaria=1000120&CodActa=1187131&cod_acta=1187131
20,20005965,22010839,24,23-03-2025,17:00,Campo Municipal Jesús Carlos Pampin Rua,Hierba Artificial,"CARRILLO CHEKHOV, IVAN",C.F. CIRE DE MELIDE,C.D. SPORT TEAM ESTRADA,1187132,https://www.futgal.es/pnfg/NPcd/NFG_CmpPartido?cod_primaria=1000120&CodActa=1187132&cod_acta=1187132
20,20005965,22010839,24,23-03-2025,16:30,A Raña - Rodeiro,Hierba Artificial,"MACHADO MOSQUERA, CRISTIAN",RODEIRO C.F.,SOCIEDADE DEPORTIVA O PINO,1187133,https://www.futgal.es/pnfg/NPcd/NFG_CmpPartido?cod_primaria=1000120&CodActa=1187133&cod_acta=1187133
20,20005965,22010839,24,23-03-2025,16:30,A Devesiña - Recesende,Tierra,"GOMEZ GUTIERREZ, ADRIAN JOSE",S.D.C. RECESENDE,U.D. VAL DO ULLA,1187134,https://www.futgal.es/pnfg/NPcd/NFG_CmpPartido?cod_primaria=1000120&CodActa=1187134&cod_acta=1187134
20,20005965,22010839,25,30-03-2025,17:00,O Coto - Val Do Ulla,Hierba Artificial,"TEIJEIRO FERNANDEZ, MIGUEL",U.D. VAL DO ULLA,S.D. CRUCES,1187135,https://www.futgal.es/pnfg/NPcd/NFG_CmpPartido?cod_primaria=1000120&CodActa=1187135&cod_acta=1187135
20,20005965,22010839,25,30-03-2025,17:00,A Cañoteira - Cacheiras-Antigo Ignacio,Hierba Artificial,"MARTINEZ LAREO , MARCOS",S.D. CACHEIRAS,"S.D. DUBRA ""B""",1187136,https://www.futgal.es/pnfg/NPcd/NFG_CmpPartido?cod_primaria=1000120&CodActa=1187136&cod_acta=1187136
20,20005965,22010839,25,30-03-2025,18:00,Outeiriño,Hierba Artificial,"TABOADA DOVAL, DAVID",C.F. SILLEDA,TRAZO C.F.,1187137,https://www.futgal.es/pnfg/NPcd/NFG_CmpPartido?cod_primaria=1000120&CodActa=1187137&cod_acta=1187137
20,20005965,22010839,25,30-03-2025,17:30,Mularedos,Hierba Natural,"MACHADO MOSQUERA, CRISTIAN",LAMELA C.F.,S.D. VILLESTRO,1187138,https://www.futgal.es/pnfg/NPcd/NFG_CmpPartido?cod_primaria=1000120&CodActa=1187138&cod_acta=1187138
20,20005965,22010839,25,30-03-2025,18:00,O Forte-Boqueixón,Hierba Artificial,"SOTO PEREZ, SECUNDINO",A.C.U.D. CAMPORRAPADO,C.D. SAN MAMED,1187139,https://www.futgal.es/pnfg/NPcd/NFG_CmpPartido?cod_primaria=1000120&CodActa=1187139&cod_acta=1187139
20,20005965,22010839,25,30-03-2025,16:30,Campo de Fútbol Municipal As Cancelas,Hierba Artificial,"ANTELO ROMERO, XAIRO",C.D.BELVIS,C.F. CIRE DE MELIDE,1187140,https://www.futgal.es/pnfg/NPcd/NFG_CmpPartido?cod_primaria=1000120&CodActa=1187140&cod_acta=1187140
20,20005965,22010839,25,30-03-2025,17:00,Mcpal. Manuel Regueiro - Antiguo Figueroa,Hierba Artificial,"GARCIA VEIRAS, RAUL",C.D. SPORT TEAM ESTRADA,RODEIRO C.F.,1187141,https://www.futgal.es/pnfg/NPcd/NFG_CmpPartido?cod_primaria=1000120&CodActa=1187141&cod_acta=1187141
20,20005965,22010839,25,30-03-2025,17:00,Reboredo- Arca- O Pino,Hierba Artificial,"REGO RODRIGUEZ, JOSE LUIS",SOCIEDADE DEPORTIVA O PINO,S.D.C. RECESENDE,1187142,https://www.futgal.es/pnfg/NPcd/NFG_CmpPartido?cod_primaria=1000120&CodActa=1187142&cod_acta=1187142
20,20005965,22010839,26,06-04-2025,18:30,A Tilleira - Dubra,Hierba Artificial,"REBOREDO RIADIGOS, JOSE LUIS","S.D. DUBRA ""B""",S.D. CRUCES,1187143,https://www.futgal.es/pnfg/NPcd/NFG_CmpPartido?cod_primaria=1000120&CodActa=1187143&cod_acta=1187143
20,20005965,22010839,26,06-04-2025,18:00,O Xeixo - Trazo,Hierba Natural,"MIGUENS SANTIAGO, SERGIO",TRAZO C.F.,S.D. CACHEIRAS,1187144,https://www.futgal.es/pnfg/NPcd/NFG_CmpPartido?cod_primaria=1000120&CodActa=1187144&cod_acta=1187144
20,20005965,22010839,26,06-04-2025,16:00,Suso Conde,Hierba Artificial,"BOTANA REY, PABLO",S.D. VILLESTRO,C.F. SILLEDA,1187145,https://www.futgal.es/pnfg/NPcd/NFG_CmpPartido?cod_primaria=1000120&CodActa=1187145&cod_acta=1187145
20,20005965,22010839,26,05-04-2025,18:30,San Mamed,Hierba Artificial,"LAYA LOLO, XOEL",C.D. SAN MAMED,LAMELA C.F.,1187146,https://www.futgal.es/pnfg/NPcd/NFG_CmpPartido?cod_primaria=1000120&CodActa=1187146&cod_acta=1187146
20,20005965,22010839,26,06-04-2025,17:00,Campo Municipal Jesús Carlos Pampin Rua,Hierba Artificial,"RODRIGUEZ MOAR, DARIO",C.F. CIRE DE MELIDE,A.C.U.D. CAMPORRAPADO,1187147,https://www.futgal.es/pnfg/NPcd/NFG_CmpPartido?cod_primaria=1000120&CodActa=1187147&cod_acta=1187147
20,20005965,22010839,26,06-04-2025,17:00,A Raña - Rodeiro,Hierba Artificial,"GAY CASAL, JAVIER",RODEIRO C.F.,C.D.BELVIS,1187148,https://www.futgal.es/pnfg/NPcd/NFG_CmpPartido?cod_primaria=1000120&CodActa=1187148&cod_acta=1187148
20,20005965,22010839,26,06-04-2025,16:00,A Devesiña - Recesende,Tierra,"PONTE APONTE, ADRIAN",S.D.C. RECESENDE,C.D. SPORT TEAM ESTRADA,1187149,https://www.futgal.es/pnfg/NPcd/NFG_CmpPartido?cod_primaria=1000120&CodActa=1187149&cod_acta=1187149
20,20005965,22010839,26,06-04-2025,17:00,Reboredo- Arca- O Pino,Hierba Artificial,"FERRO BENITO, ANDRES",SOCIEDADE DEPORTIVA O PINO,U.D. VAL DO ULLA,1187150,https://www.futgal.es/pnfg/NPcd/NFG_CmpPartido?cod_primaria=1000120&CodActa=1187150&cod_acta=1187150
20,20005965,22010839,27,13-04-2025,18:00,O Coto - Val Do Ulla,Hierba Artificial,"TABOADA DOVAL, DAVID",U.D. VAL DO ULLA,"S.D. DUBRA ""B""",1187151,https://www.futgal.es/pnfg/NPcd/NFG_CmpPartido?cod_primaria=1000120&CodActa=1187151&cod_acta=1187151
20,20005965,22010839,27,13-04-2025,17:00,Mpal Do Camballón,Hierba Artificial,"MACHADO MOSQUERA, CRISTIAN",S.D. CRUCES,TRAZO C.F.,1187152,https://www.futgal.es/pnfg/NPcd/NFG_CmpPartido?cod_primaria=1000120&CodActa=1187152&cod_acta=1187152
20,20005965,22010839,27,13-04-2025,18:30,A Cañoteira - Cacheiras-Antigo Ignacio,Hierba Artificial,"ENRIQUEZ PEREIRO, OSCAR",S.D. CACHEIRAS,S.D. VILLESTRO,1187153,https://www.futgal.es/pnfg/NPcd/NFG_CmpPartido?cod_primaria=1000120&CodActa=1187153&cod_acta=1187153
20,20005965,22010839,27,13-04-2025,18:00,Outeiriño,Hierba Artificial,"GOMEZ GUTIERREZ, ADRIAN JOSE",C.F. SILLEDA,C.D. SAN MAMED,1187154,https://www.futgal.es/pnfg/NPcd/NFG_CmpPartido?cod_primaria=1000120&CodActa=1187154&cod_acta=1187154
20,20005965,22010839,27,13-04-2025,18:00,Mularedos,Hierba Natural,"ALCALA REY, ALFONSO",LAMELA C.F.,C.F. CIRE DE MELIDE,1187155,https://www.futgal.es/pnfg/NPcd/NFG_CmpPartido?cod_primaria=1000120&CodActa=1187155&cod_acta=1187155
20,20005965,22010839,27,13-04-2025,16:15,O Forte-Boqueixón,Hierba Artificial,"FERNANDEZ MONTOUTO, RUBEN",A.C.U.D. CAMPORRAPADO,RODEIRO C.F.,1187156,https://www.futgal.es/pnfg/NPcd/NFG_CmpPartido?cod_primaria=1000120&CodActa=1187156&cod_acta=1187156
20,20005965,22010839,27,13-04-2025,17:00,Campo de Fútbol Municipal As Cancelas,Hierba Artificial,"FONTES MOSQUEIRA, XESUS",C.D.BELVIS,S.D.C. RECESENDE,1187157,https://www.futgal.es/pnfg/NPcd/NFG_CmpPartido?cod_primaria=1000120&CodActa=1187157&cod_acta=1187157
20,20005965,22010839,27,12-04-2025,19:00,Mcpal. Manuel Regueiro - Antiguo Figueroa,Hierba Artificial,"VIDAL FONSECA, GUSTAVO",C.D. SPORT TEAM ESTRADA,SOCIEDADE DEPORTIVA O PINO,1187158,https://www.futgal.es/pnfg/NPcd/NFG_CmpPartido?cod_primaria=1000120&CodActa=1187158&cod_acta=1187158
20,20005965,22010839,28,26-04-2025,18:00,O Xeixo - Trazo,Hierba Natural,"ALAOUI SOULIMANI, AMINE",TRAZO C.F.,"S.D. DUBRA ""B""",1187159,https://www.futgal.es/pnfg/NPcd/NFG_CmpPartido?cod_primaria=1000120&CodActa=1187159&cod_acta=1187159
20,20005965,22010839,28,27-04-2025,17:00,Suso Conde,Hierba Artificial,"SÁNCHEZ NOYA, JOSÉ MANUEL",S.D. VILLESTRO,S.D. CRUCES,1187160,https://www.futgal.es/pnfg/NPcd/NFG_CmpPartido?cod_primaria=1000120&CodActa=1187160&cod_acta=1187160
20,20005965,22010839,28,27-04-2025,18:30,San Mamed,Hierba Artificial,"MACHADO MOSQUERA, CRISTIAN",C.D. SAN MAMED,S.D. CACHEIRAS,1187161,https://www.futgal.es/pnfg/NPcd/NFG_CmpPartido?cod_primaria=1000120&CodActa=1187161&cod_acta=1187161
20,20005965,22010839,28,27-04-2025,18:00,Campo Municipal Jesús Carlos Pampin Rua,Hierba Artificial,"CASTRO CASTRO, MIGUEL ANGEL",C.F. CIRE DE MELIDE,C.F. SILLEDA,1187162,https://www.futgal.es/pnfg/NPcd/NFG_CmpPartido?cod_primaria=1000120&CodActa=1187162&cod_acta=1187162
20,20005965,22010839,28,27-04-2025,17:00,A Raña - Rodeiro,Hierba Artificial,"TABOADA DOVAL, DAVID",RODEIRO C.F.,LAMELA C.F.,1187163,https://www.futgal.es/pnfg/NPcd/NFG_CmpPartido?cod_primaria=1000120&CodActa=1187163&cod_acta=1187163
20,20005965,22010839,28,27-04-2025,18:00,A Devesiña - Recesende,Tierra,"COSTA CAROU, OSCAR",S.D.C. RECESENDE,A.C.U.D. CAMPORRAPADO,1187164,https://www.futgal.es/pnfg/NPcd/NFG_CmpPartido?cod_primaria=1000120&CodActa=1187164&cod_acta=1187164
20,20005965,22010839,28,27-04-2025,17:00,Reboredo- Arca- O Pino,Hierba Artificial,"CASTRO SANMARTIN, SEBASTIAN",SOCIEDADE DEPORTIVA O PINO,C.D.BELVIS,1187165,https://www.futgal.es/pnfg/NPcd/NFG_CmpPartido?cod_primaria=1000120&CodActa=1187165&cod_acta=1187165
20,20005965,22010839,28,26-04-2025,19:00,Mcpal. Manuel Regueiro - Antiguo Figueroa,Hierba Artificial,"FUENTES GARCIA, IAGO",C.D. SPORT TEAM ESTRADA,U.D. VAL DO ULLA,1187166,https://www.futgal.es/pnfg/NPcd/NFG_CmpPartido?cod_primaria=1000120&CodActa=1187166&cod_acta=1187166
20,20005965,22010839,29,04-05-2025,18:30,O Xeixo - Trazo,Hierba Natural,"FONTES MOSQUEIRA, XESUS",TRAZO C.F.,U.D. VAL DO ULLA,1187167,https://www.futgal.es/pnfg/NPcd/NFG_CmpPartido?cod_primaria=1000120&CodActa=1187167&cod_acta=1187167
20,20005965,22010839,29,04-05-2025,18:00,A Tilleira - Dubra,Hierba Artificial,"REGO RODRIGUEZ, JOSE LUIS","S.D. DUBRA ""B""",S.D. VILLESTRO,1187168,https://www.futgal.es/pnfg/NPcd/NFG_CmpPartido?cod_primaria=1000120&CodActa=1187168&cod_acta=1187168
20,20005965,22010839,29,04-05-2025,20:00,Mpal Do Camballón,Hierba Artificial,"TABOADA DOVAL, DAVID",S.D. CRUCES,C.D. SAN MAMED,1187169,https://www.futgal.es/pnfg/NPcd/NFG_CmpPartido?cod_primaria=1000120&CodActa=1187169&cod_acta=1187169
20,20005965,22010839,29,04-05-2025,19:00,A Cañoteira - Cacheiras-Antigo Ignacio,Hierba Artificial,"GARCIA IGLESIAS, BRAIS",S.D. CACHEIRAS,C.F. CIRE DE MELIDE,1187170,https://www.futgal.es/pnfg/NPcd/NFG_CmpPartido?cod_primaria=1000120&CodActa=1187170&cod_acta=1187170
20,20005965,22010839,29,04-05-2025,18:00,Outeiriño,Hierba Artificial,"CASTRO SANMARTIN, SEBASTIAN",C.F. SILLEDA,RODEIRO C.F.,1187171,https://www.futgal.es/pnfg/NPcd/NFG_CmpPartido?cod_primaria=1000120&CodActa=1187171&cod_acta=1187171
20,20005965,22010839,29,04-05-2025,18:30,Mularedos,Hierba Natural,"ENRIQUEZ PEREIRO, OSCAR",LAMELA C.F.,S.D.C. RECESENDE,1187172,https://www.futgal.es/pnfg/NPcd/NFG_CmpPartido?cod_primaria=1000120&CodActa=1187172&cod_acta=1187172
20,20005965,22010839,29,04-05-2025,16:30,O Forte-Boqueixón,Hierba Artificial,"GAY CASAL, JAVIER",A.C.U.D. CAMPORRAPADO,SOCIEDADE DEPORTIVA O PINO,1187173,https://www.futgal.es/pnfg/NPcd/NFG_CmpPartido?cod_primaria=1000120&CodActa=1187173&cod_acta=1187173
20,20005965,22010839,29,04-05-2025,16:30,Campo de Fútbol Municipal As Cancelas,Hierba Artificial,"MIGUENS SANTIAGO, SERGIO",C.D.BELVIS,C.D. SPORT TEAM ESTRADA,1187174,https://www.futgal.es/pnfg/NPcd/NFG_CmpPartido?cod_primaria=1000120&CodActa=1187174&cod_acta=1187174
20,20005965,22010839,30,11-05-2025,19:00,Suso Conde,Hierba Artificial,"PITA REY, JOSE LUIS",S.D. VILLESTRO,TRAZO C.F.,1187175,https://www.futgal.es/pnfg/NPcd/NFG_CmpPartido?cod_primaria=1000120&CodActa=1187175&cod_acta=1187175
20,20005965,22010839,30,11-05-2025,19:00,San Mamed,Hierba Artificial,"GAY CASAL, JAVIER",C.D. SAN MAMED,"S.D. DUBRA ""B""",1187176,https://www.futgal.es/pnfg/NPcd/NFG_CmpPartido?cod_primaria=1000120&CodActa=1187176&cod_acta=1187176
20,20005965,22010839,30,11-05-2025,19:00,Campo Municipal Jesús Carlos Pampin Rua,Hierba Artificial,"GIL CALDELAS, SAMUEL",C.F. CIRE DE MELIDE,S.D. CRUCES,1187177,https://www.futgal.es/pnfg/NPcd/NFG_CmpPartido?cod_primaria=1000120&CodActa=1187177&cod_acta=1187177
20,20005965,22010839,30,09-05-2025,20:45,A Raña - Rodeiro,Hierba Artificial,"LAYA LOLO, XOEL",RODEIRO C.F.,S.D. CACHEIRAS,1187178,https://www.futgal.es/pnfg/NPcd/NFG_CmpPartido?cod_primaria=1000120&CodActa=1187178&cod_acta=1187178
20,20005965,22010839,30,11-05-2025,12:00,A Devesiña - Recesende,Tierra,"LOMBAO GONZALEZ, IAGO",S.D.C. RECESENDE,C.F. SILLEDA,1187179,https://www.futgal.es/pnfg/NPcd/NFG_CmpPartido?cod_primaria=1000120&CodActa=1187179&cod_acta=1187179
20,20005965,22010839,30,11-05-2025,16:00,Reboredo- Arca- O Pino,Hierba Artificial,"HERNANDEZ GIADANS, AGUSTIN",SOCIEDADE DEPORTIVA O PINO,LAMELA C.F.,1187180,https://www.futgal.es/pnfg/NPcd/NFG_CmpPartido?cod_primaria=1000120&CodActa=1187180&cod_acta=1187180
20,20005965,22010839,30,11-05-2025,19:00,Mcpal. Manuel Regueiro - Antiguo Figueroa,Hierba Artificial,"REBOREDO RIADIGOS, JOSE LUIS",C.D. SPORT TEAM ESTRADA,A.C.U.D. CAMPORRAPADO,1187181,https://www.futgal.es/pnfg/NPcd/NFG_CmpPartido?cod_primaria=1000120&CodActa=1187181&cod_acta=1187181
20,20005965,22010839,30,11-05-2025,19:00,O Coto - Val Do Ulla,Hierba Artificial,"SOTO PEREZ, SECUNDINO",U.D. VAL DO ULLA,C.D.BELVIS,1187182,https://www.futgal.es/pnfg/NPcd/NFG_CmpPartido?cod_primaria=1000120&CodActa=1187182&cod_acta=1187182
