jornada,minuto,jugador,tipo_tarjeta,equipo,cod_acta
1,32,"ALVAREZ BOHORQUEZ, ALEJANDRO JOSUE",Amarilla,C.D.BELVIS,1186943
1,90'+2,"BERNAL PENAS, LUCAS",Amarilla,C.D.BELVIS,1186943
1,65,"MÍGUEZ SANMARTÍN, MIGUEL",Amarilla,A.C.U.D. CAMPORRAPADO,1186943
1,20,"GOMEZ CORA, ADRIAN",Amarilla,C.D. SPORT TEAM ESTRADA,1186944
1,22,"MUÑIZ SANMARTIN, EDUARDO",Amarilla,C.D. SPORT TEAM ESTRADA,1186944
1,75,"IGLESIAS PALLAS, FERNANDO",Amarilla,C.D. SPORT TEAM ESTRADA,1186944
1,39,"CASTRO DOMINGUEZ, FRANCISCO",Amarilla,LAMELA C.F.,1186944
1,46,"GARCIA CARRERA, MANUEL",Amarilla,LAMELA C.F.,1186944
1,91,"BLANCO GARCIA, HUGO",Amarilla,SOCIEDADE DEPORTIVA O PINO,1186945
1,51,"ALONSO GIL, GUILLERMO",Amarilla,C.F. SILLEDA,1186945
1,31,"IGLESIAS RODRIGUEZ, CRISTIAN",Amarilla,S.D.C. RECESENDE,1186946
1,38,"NUÑEZ BARRAL, SEBASTIAN",Amarilla,S.D.C. RECESENDE,1186946
1,43,"MARTINEZ RODRIGUEZ, JOSE EMILIO",Amarilla,S.D. CACHEIRAS,1186946
1,88,"HUERTAS PARDO, CRISTOBAL",Amarilla,S.D. CACHEIRAS,1186946
1,30,"PEREZ MARTINEZ, SAMUEL",Amarilla,C.D. SAN MAMED,1186949
1,75,"LOUZAO FERNANDEZ, MANUEL",Amarilla,C.D. SAN MAMED,1186949
1,52,"NOYA BREA, ALVARO",Amarilla,TRAZO C.F.,1186949
1,56,"BERMUDEZ CID, CARLOS",Amarilla,TRAZO C.F.,1186949
1,75,"TORRES TEIXEIRA, ALEXANDRE",Amarilla,U.D. VAL DO ULLA,1186950
1,77,"CANICOBA BERNARDEZ, BRAIS",Amarilla,U.D. VAL DO ULLA,1186950
1,90,"RODRIGUEZ NUÑEZ, XABIER",Amarilla,U.D. VAL DO ULLA,1186950
1,62,"COUSELO GONZALEZ, ADRIAN",Amarilla,S.D. VILLESTRO,1186950
1,75,"NIETO GOMEZ, JAVIER",Amarilla,S.D. VILLESTRO,1186950
1,85,"DE SOUSA OLIVEIRA, THIAGO",Amarilla,S.D. VILLESTRO,1186950
1,90'+5,"DOS SANTOS MARQUES, ALEANDRO",Amarilla,S.D. VILLESTRO,1186950
1,90'+5,"VILLA MARIÑO, SERGIO",Amarilla,S.D. VILLESTRO,1186950
2,13,"DE LA FUENTE SUAREZ, RUBEN",Amarilla,A.C.U.D. CAMPORRAPADO,1186951
2,68,"MÍGUEZ SANMARTÍN, MIGUEL",Amarilla,A.C.U.D. CAMPORRAPADO,1186951
2,9,"NEIRA TORRES, JOSE MANUEL",Amarilla,U.D. VAL DO ULLA,1186951
2,23,"FREIRIA LOPEZ, JORGE",Amarilla,U.D. VAL DO ULLA,1186951
2,33,"CANICOBA BERNARDEZ, BRAIS",Amarilla,U.D. VAL DO ULLA,1186951
2,61,"BESADA REY, NICOLAS",Amarilla,U.D. VAL DO ULLA,1186951
2,65,"CERDEIRA OTERO, ANDRE",Amarilla,U.D. VAL DO ULLA,1186951
2,79,"SANCHEZ CARPINTEIRO, MIGUEL",Amarilla,U.D. VAL DO ULLA,1186951
2,52,"GOMEZ SANTISO, ALEJANDRO",Amarilla,LAMELA C.F.,1186952
2,67,"AGUIAR RODRIGUEZ, JULIAN",Amarilla,LAMELA C.F.,1186952
2,72,"LÓPEZ PÉREZ, ALBERTO",Amarilla,LAMELA C.F.,1186952
2,76,"RIVEIRA MURCIA, HUGO",Amarilla,LAMELA C.F.,1186952
2,82,"LÓPEZ PÉREZ, ALBERTO",Amarilla,LAMELA C.F.,1186952
2,23,"RUZA VAZQUEZ, BRAIS",Amarilla,C.D.BELVIS,1186952
2,41,"BAÑA TOME, ALEJANDRO",Amarilla,C.D.BELVIS,1186952
2,49,"BATISTA RAMOS, WALDIR F",Amarilla,C.D.BELVIS,1186952
2,51,"GUTIERREZ VAZQUEZ, EDUARDO",Amarilla,C.D.BELVIS,1186952
2,80,"BAÑA TOME, ALEJANDRO",Amarilla,C.D.BELVIS,1186952
2,3,"RIVERO MONTOTO, NUNO",Amarilla,C.F. SILLEDA,1186953
2,87,"FERNÁNDEZ GARCÍA, RUBÉN",Amarilla,C.F. SILLEDA,1186953
2,1,"FUENTES CORREA, MANUEL",Amarilla,C.D. SPORT TEAM ESTRADA,1186953
2,17,"DA COSTA MORLAN, BRAIS",Amarilla,C.D. SPORT TEAM ESTRADA,1186953
2,57,"MUÑIZ SANMARTIN, EDUARDO",Amarilla,C.D. SPORT TEAM ESTRADA,1186953
2,71,"MIGUEZ VIDAL, DANIEL",Amarilla,C.D. SPORT TEAM ESTRADA,1186953
2,23,"BENITEZ SANHUEZA, LEONARDO",Amarilla,S.D. CACHEIRAS,1186954
2,35,"SALGUEIRO POMBO, DAVID",Amarilla,S.D. CACHEIRAS,1186954
2,39,"DA CONCEICAO ANTUNES, FELIPE MATHEUS",Amarilla,S.D. CACHEIRAS,1186954
2,73,"SALGUEIRO POMBO, DAVID",Amarilla,S.D. CACHEIRAS,1186954
2,78,"CARBALLAL MONTEAGUDO, SAUL",Amarilla,S.D. CACHEIRAS,1186954
2,34,"LAREO MERA, LUCAS",Amarilla,SOCIEDADE DEPORTIVA O PINO,1186954
2,54,"CANABAL CASTRO, ISMAEL",Amarilla,SOCIEDADE DEPORTIVA O PINO,1186954
2,59,"PORTOS VILLAR, BORJA",Amarilla,SOCIEDADE DEPORTIVA O PINO,1186954
2,67,"VAZQUEZ CORRAL, JORGE",Amarilla,SOCIEDADE DEPORTIVA O PINO,1186954
2,73,"FARIÑAS LOPEZ, ALEJANDRO",Amarilla,SOCIEDADE DEPORTIVA O PINO,1186954
2,75,"FERREIRO RIAL, RUBEN",Amarilla,SOCIEDADE DEPORTIVA O PINO,1186954
2,80,"VAZQUEZ CORRAL, JORGE",Amarilla,SOCIEDADE DEPORTIVA O PINO,1186954
2,44,"FRANCO SANMARTIN, CARLOS L",Amarilla,S.D.C. RECESENDE,1186955
2,69,"MUIÑA BARREIRO, ALEJANDRO",Amarilla,S.D.C. RECESENDE,1186955
2,69,"MOIMENTA MOHAMMED, MIGUEL",Amarilla,S.D.C. RECESENDE,1186955
2,58,"PAZOS MARTINEZ, ROBERTO",Amarilla,S.D. DUBRA B,1186956
2,88,"GARCIA MARROZOS, XABIER",Amarilla,S.D. DUBRA B,1186956
2,90'+3,"GONZALEZ HERMIDA, DAVID",Amarilla,RODEIRO C.F.,1186956
2,12,"CANCELA CONDE, ALEJANDRO",Amarilla,TRAZO C.F.,1186957
2,64,"RODRIGUEZ GONZALEZ, YAGO",Amarilla,S.D. VILLESTRO,1186958
2,17,"PEREZ MARTINEZ, SAMUEL",Amarilla,C.D. SAN MAMED,1186958
3,78,"PARADA CASTIÑEIRAS, OSCAR",Amarilla,A.C.U.D. CAMPORRAPADO,1186959
3,3,"FERNANDEZ PEREZ, JESUS DE BELEN",Amarilla,C.D.BELVIS,1186960
3,5,"VILLAVERDE SIXTO, BRAIS",Amarilla,C.D.BELVIS,1186960
3,54,"BATISTA RAMOS, WALDIR F",Amarilla,C.D.BELVIS,1186960
3,68,"CRESPO ALONSO, JOSE ANTONIO",Amarilla,C.D.BELVIS,1186960
3,82,"RUZA VAZQUEZ, BRAIS",Amarilla,C.D.BELVIS,1186960
3,33,"ESPIÑO RODRIGUEZ, AARON",Amarilla,C.F. SILLEDA,1186960
3,42,"ESPANTOSO LAMAS, RICARDO",Amarilla,C.F. SILLEDA,1186960
3,44,"DEL PUERTO DUARTE, VICTOR MANUEL",Amarilla,C.F. SILLEDA,1186960
3,68,"NUÑEZ GONZALEZ, MIGUEL",Amarilla,C.F. SILLEDA,1186960
3,82,"TARRIO MEJUTO, ANGEL",Amarilla,C.D. SPORT TEAM ESTRADA,1186961
3,45'+1,"MARTINEZ RODRIGUEZ, JOSE EMILIO",Amarilla,S.D. CACHEIRAS,1186961
3,62,"MARTINEZ RODRIGUEZ, ALESSANDRO EDUARDO",Amarilla,S.D. CACHEIRAS,1186961
3,69,"BOUZAS MOSQUERA, MANUEL",Amarilla,S.D. CACHEIRAS,1186961
3,78,"CARBALLAL MONTEAGUDO, SAUL",Amarilla,S.D. CACHEIRAS,1186961
3,90'+2,"FERREIRO RIAL, RUBEN",Amarilla,SOCIEDADE DEPORTIVA O PINO,1186962
3,45,"MUIÑA BARREIRO, ALEJANDRO",Amarilla,S.D.C. RECESENDE,1186963
3,45,"CERNADAS NOYA, LUCAS",Amarilla,S.D. DUBRA B,1186963
3,52,"CALVO DAFONTE, RAÚL",Amarilla,RODEIRO C.F.,1186964
3,62,"IGLESIAS VILARIñO, SANTIAGO",Amarilla,RODEIRO C.F.,1186964
3,999,"PENELA MONTOTO, CRISTIAN",Amarilla,RODEIRO C.F.,1186964
3,33,"BERMUDEZ CID, CARLOS",Amarilla,TRAZO C.F.,1186964
3,33,"CANCELA CONDE, ALEJANDRO",Amarilla,TRAZO C.F.,1186964
3,62,"NOYA BREA, ALVARO",Amarilla,TRAZO C.F.,1186964
3,80,"GARABATO RUIBAL, ANGEL",Amarilla,TRAZO C.F.,1186964
3,84,"BERTOA VIQUEIRA, JOSE J",Amarilla,TRAZO C.F.,1186964
3,86,"VILARES TARRIO, BRAIS",Amarilla,TRAZO C.F.,1186964
3,23,"GARCIA LOPEZ, ALEJANDRO",Amarilla,C.F. CIRE DE MELIDE,1186965
3,61,"PAMPIN NEGRO, JESUS",Amarilla,C.F. CIRE DE MELIDE,1186965
3,83,"MARTINEZ RAMOS, JOSE LUIS",Amarilla,C.F. CIRE DE MELIDE,1186965
3,88,"NOGUEIRA PORTAS, ADRIAN",Amarilla,C.F. CIRE DE MELIDE,1186965
3,58,"DE SOUSA OLIVEIRA, THIAGO",Amarilla,S.D. VILLESTRO,1186965
3,89,"VILLA MARIÑO, SERGIO",Amarilla,S.D. VILLESTRO,1186965
3,38,"CERDEIRA OTERO, ANDRE",Amarilla,U.D. VAL DO ULLA,1186966
3,78,"SANCHEZ CARPINTEIRO, MIGUEL",Amarilla,U.D. VAL DO ULLA,1186966
3,28,"RENDO OUZANDE, XAVIER",Amarilla,C.D. SAN MAMED,1186966
3,73,"RENDO OUZANDE, XAVIER",Amarilla,C.D. SAN MAMED,1186966
3,80,"LOUZAO FERNANDEZ, MANUEL",Amarilla,C.D. SAN MAMED,1186966
3,90'+4,"CHAS BROCOS, IAGO SENEN",Amarilla,C.D. SAN MAMED,1186966
4,90'+4,"GARCIA CARRERA, MANUEL",Amarilla,LAMELA C.F.,1186967
4,90'+5,"SANIN CARBIA, ALBERTO",Amarilla,LAMELA C.F.,1186967
4,90'+2,"AGUIAR RODRIGUEZ, JULIAN",Amarilla,LAMELA C.F.,1186967
4,88,"FREIRIA LOPEZ, IGNACIO",Amarilla,U.D. VAL DO ULLA,1186967
4,68,"GONZALEZ PICHEL, LUIS",Amarilla,C.F. SILLEDA,1186968
4,68,"GONZALEZ CURRAS, LUIS",Amarilla,C.F. SILLEDA,1186968
4,33,"DE LA FUENTE SUAREZ, RUBEN",Amarilla,A.C.U.D. CAMPORRAPADO,1186968
4,46,"PARADA CASTIÑEIRAS, OSCAR",Amarilla,A.C.U.D. CAMPORRAPADO,1186968
4,50,"REY VALLADARES, IAGO",Amarilla,A.C.U.D. CAMPORRAPADO,1186968
4,54,"PEREIRAS PEREIRO, RAFAEL",Amarilla,A.C.U.D. CAMPORRAPADO,1186968
4,78,"SANMARTIN LAREO, MANUEL ANGEL",Amarilla,A.C.U.D. CAMPORRAPADO,1186968
4,81,"LOPEZ CANICOBA, FABIAN",Amarilla,A.C.U.D. CAMPORRAPADO,1186968
4,999,"PEREIRAS PEREIRO, RAFAEL",Amarilla,A.C.U.D. CAMPORRAPADO,1186968
4,28,"ROMERO DURO, SANDRO",Amarilla,S.D. CACHEIRAS,1186969
4,44,"FERREIRO RODRIGUEZ, YAGO",Amarilla,S.D. CACHEIRAS,1186969
4,74,"MARTINEZ RODRIGUEZ, ALESSANDRO EDUARDO",Roja,S.D. CACHEIRAS,1186969
4,77,"CARBALLAL MONTEAGUDO, SAUL",Amarilla,S.D. CACHEIRAS,1186969
4,44,"PROL BREA, DIEGO",Amarilla,C.D.BELVIS,1186969
4,68,"REFOJOS ANDRADE, ANGEL",Amarilla,C.D.BELVIS,1186969
4,72,"PROL BREA, DIEGO",Amarilla,C.D.BELVIS,1186969
4,74,"FERNANDEZ PEREZ, JESUS DE BELEN",Amarilla,C.D.BELVIS,1186969
4,84,"IGLESIAS QUINTEIRO, JOSE RAMON",Amarilla,C.D.BELVIS,1186969
4,999,"VAZQUEZ LAVANDEIRA, JUAN MANUEL",Amarilla,C.D.BELVIS,1186969
4,13,"GRANJA HERMIDA, JESUS ANTONIO",Amarilla,S.D. CRUCES,1186970
4,13,"DOMINGUEZ VAZQUEZ, JOSE ANGEL",Amarilla,S.D. CRUCES,1186970
4,15,"RODRIGUEZ LANDEIRA, SERGIO J",Amarilla,S.D. DUBRA B,1186971
4,39,"PAZOS MARTINEZ, ROBERTO",Amarilla,S.D. DUBRA B,1186971
4,66,"RODRIGUEZ FERNANDEZ, ADRIAN",Amarilla,S.D. DUBRA B,1186971
4,82,"ARNEJO DIAZ, BRAIS",Amarilla,S.D. DUBRA B,1186971
4,54,"GARCIA SENRA, DIEGO",Amarilla,SOCIEDADE DEPORTIVA O PINO,1186971
4,54,"MUIÑA BARREIRO, ALEJANDRO",Roja,S.D.C. RECESENDE,1186972
4,70,"PAMPIN DONO, RUBEN",Amarilla,S.D.C. RECESENDE,1186972
4,78,"NUÑEZ BARRAL, SEBASTIAN",Amarilla,S.D.C. RECESENDE,1186972
4,78,"MOIMENTA MOHAMMED, MIGUEL",Amarilla,S.D.C. RECESENDE,1186972
4,999,"DE SOUSA OLIVEIRA, THIAGO",Amarilla,S.D. VILLESTRO,1186973
4,90'+5,"BARREIRO TURNES, MOISES",Amarilla,RODEIRO C.F.,1186973
4,90'+4,"GARCIA VENCE, JOSE MANUEL",Amarilla,RODEIRO C.F.,1186973
4,90'+4,"AREÁN DIEGUEZ, OVIDIO",Amarilla,RODEIRO C.F.,1186973
4,999,"PENELA MONTOTO, CRISTIAN",Amarilla,RODEIRO C.F.,1186973
4,13,"GARCIA FERNANDEZ, SERGIO",Amarilla,C.D. SAN MAMED,1186974
4,87,"PEREZ MARTINEZ, SAMUEL",Amarilla,C.D. SAN MAMED,1186974
4,52,"MOSTEIRO GOMEZ, ADRIAN",Amarilla,C.F. CIRE DE MELIDE,1186974
4,61,"SEOANE VALIÑO, IVAN",Amarilla,C.F. CIRE DE MELIDE,1186974
5,54,"GARCIA CARRERA, MANUEL",Amarilla,LAMELA C.F.,1186975
5,84,"PEITEADO MOLEDO, SERGIO",Amarilla,LAMELA C.F.,1186975
5,87,"SANIN CARBIA, ALBERTO",Amarilla,LAMELA C.F.,1186975
5,19,"RIELO COUSO, HUGO",Amarilla,C.F. SILLEDA,1186975
5,54,"LOTO , ALAN NICOLAS",Amarilla,C.F. SILLEDA,1186975
5,73,"ESPANTOSO LAMAS, RICARDO",Amarilla,C.F. SILLEDA,1186975
5,39,"MONTERO CEBEIRO, BENJAMIN",Amarilla,A.C.U.D. CAMPORRAPADO,1186976
5,57,"MÍGUEZ SANMARTÍN, MIGUEL",Amarilla,A.C.U.D. CAMPORRAPADO,1186976
5,72,"DOS REIS FERRO, OSCAR",Amarilla,A.C.U.D. CAMPORRAPADO,1186976
5,83,"LOPEZ CANICOBA, FABIAN",Amarilla,A.C.U.D. CAMPORRAPADO,1186976
5,90'+1,"PARADA CASTIÑEIRAS, OSCAR",Amarilla,A.C.U.D. CAMPORRAPADO,1186976
5,57,"GUTIERREZ VAZQUEZ, EDUARDO",Amarilla,C.D.BELVIS,1186977
5,40,"OTERO IGLESIAS, OSCAR",Amarilla,S.D. CRUCES,1186977
5,65,"FUENTES IGLESIAS, CARLOS",Amarilla,S.D. CRUCES,1186977
5,75,"MUÑIZ SANMARTIN, EDUARDO",Amarilla,C.D. SPORT TEAM ESTRADA,1186978
5,12,"VÁZQUEZ FERNÁNDEZ, ROBERTO",Amarilla,S.D. DUBRA B,1186978
5,60,"CERNADAS NOYA, LUCAS",Amarilla,S.D. DUBRA B,1186978
5,79,"RODRIGUEZ LANDEIRA, SERGIO J",Amarilla,S.D. DUBRA B,1186978
5,84,"RIVAS SUAREZ, MARTIN",Amarilla,S.D. DUBRA B,1186978
5,18,"VARELA LODEIRO, GABRIEL",Amarilla,SOCIEDADE DEPORTIVA O PINO,1186979
5,72,"CANABAL CASTRO, ISMAEL",Amarilla,SOCIEDADE DEPORTIVA O PINO,1186979
5,7,"BELENDA GABIN, JORGE",Amarilla,TRAZO C.F.,1186979
5,30,"CASTRO OTERO, SAMUEL",Amarilla,TRAZO C.F.,1186979
5,90,"VARELA CAAMAÑO, DANIEL",Amarilla,TRAZO C.F.,1186979
5,87,"NUÑEZ BARRAL, SEBASTIAN",Amarilla,S.D.C. RECESENDE,1186980
5,24,"LISTE MONTOIRO, FRANCISCO",Amarilla,S.D. VILLESTRO,1186980
5,32,"DE SOUSA OLIVEIRA, THIAGO",Amarilla,S.D. VILLESTRO,1186980
5,90'+4,"REY MILLAN, DAVID",Amarilla,S.D. VILLESTRO,1186980
5,70,"CALVO DAFONTE, RAÚL",Amarilla,RODEIRO C.F.,1186981
5,63,"LOUZAO FERNANDEZ, MANUEL",Amarilla,C.D. SAN MAMED,1186981
5,80,"RENDO OUZANDE, XAVIER",Amarilla,C.D. SAN MAMED,1186981
5,20,"NEIRA CARPINTEIRO, PABLO",Amarilla,U.D. VAL DO ULLA,1186982
5,58,"SANJUAS CASAL, SERGIO",Amarilla,U.D. VAL DO ULLA,1186982
5,37,"PARRADO ROMERO, CARLOS",Amarilla,C.F. CIRE DE MELIDE,1186982
5,45'+3,"PAMPIN NEGRO, JESUS",Amarilla,C.F. CIRE DE MELIDE,1186982
5,50,"MOSTEIRO GOMEZ, ADRIAN",Amarilla,C.F. CIRE DE MELIDE,1186982
5,80,"MARTINEZ RAMOS, JOSE LUIS",Amarilla,C.F. CIRE DE MELIDE,1186982
5,89,"MOSTEIRO GARCIA, SERGIO",Amarilla,C.F. CIRE DE MELIDE,1186982
6,42,"LOTO , ALAN NICOLAS",Amarilla,C.F. SILLEDA,1186983
6,44,"SUAREZ PEON, DIEGO",Amarilla,C.F. SILLEDA,1186983
6,85,"GONZALEZ CURRAS, LUIS",Roja,C.F. SILLEDA,1186983
6,86,"FERREIRO ESPANTOSO, DIEGO",Roja,C.F. SILLEDA,1186983
6,88,"AMBOAGE VILLAR, IVAN",Amarilla,U.D. VAL DO ULLA,1186983
6,34,"FERREIRO RODRIGUEZ, YAGO",Amarilla,S.D. CACHEIRAS,1186984
6,44,"BOUZAS MOSQUERA, MANUEL",Amarilla,S.D. CACHEIRAS,1186984
6,56,"CASTRO DOMINGUEZ, FRANCISCO",Amarilla,LAMELA C.F.,1186984
6,65,"FIGUEIRAS GAGO, ALEJANDRO",Amarilla,LAMELA C.F.,1186984
6,75,"FUENTES GOMEZ, ADRIAN",Amarilla,LAMELA C.F.,1186984
6,79,"GARCIA REY, ALEJANDRO",Amarilla,LAMELA C.F.,1186984
6,84,"RODRIGUEZ FARIÑA, ALEJANDRO",Roja,LAMELA C.F.,1186984
6,47,"GRANJA HERMIDA, JESUS ANTONIO",Amarilla,S.D. CRUCES,1186985
6,77,"JACOME AMARANTE, IVAN",Amarilla,S.D. CRUCES,1186985
6,39,"MÍGUEZ SANMARTÍN, MIGUEL",Amarilla,A.C.U.D. CAMPORRAPADO,1186985
6,90'+3,"ALDREY GONTAD, XIAN",Amarilla,A.C.U.D. CAMPORRAPADO,1186985
6,70,"CERNADAS NOYA, LUCAS",Amarilla,S.D. DUBRA B,1186986
6,87,"RAMAS MUIÑO, MARTIN",Amarilla,S.D. DUBRA B,1186986
6,32,"PROL BREA, DIEGO",Amarilla,C.D.BELVIS,1186986
6,71,"VAZQUEZ LAVANDEIRA, JUAN MANUEL",Amarilla,C.D.BELVIS,1186986
6,90'+2,"FERNANDEZ PEREZ, JESUS DE BELEN",Amarilla,C.D.BELVIS,1186986
6,27,"BELENDA GABIN, JORGE",Amarilla,TRAZO C.F.,1186987
6,40,"GARABATO RUIBAL, ANGEL",Amarilla,TRAZO C.F.,1186987
6,56,"VILARES TARRIO, BRAIS",Amarilla,TRAZO C.F.,1186987
6,79,"BERTOA VIQUEIRA, JOSE J",Amarilla,TRAZO C.F.,1186987
6,86,"BECERRA VARELA, ESTEBAN",Amarilla,TRAZO C.F.,1186987
6,18,"LAHSAN, MESAUD MOHAMED FADEL",Amarilla,C.D. SPORT TEAM ESTRADA,1186987
6,68,"RIVADULLA QUINTAS, LUIS MIGUEL",Amarilla,C.D. SPORT TEAM ESTRADA,1186987
6,73,"MUÑIZ SANMARTIN, EDUARDO",Amarilla,C.D. SPORT TEAM ESTRADA,1186987
6,78,"TOUCEDA GOLDAR, MIGUEL",Amarilla,C.D. SPORT TEAM ESTRADA,1186987
6,78,"GONZALEZ SANMARTIN, SERGIO",Amarilla,C.D. SPORT TEAM ESTRADA,1186987
6,90,"FERNÁNDEZ RIVAS, MARTÍN",Amarilla,C.D. SPORT TEAM ESTRADA,1186987
6,37,"DE SOUSA OLIVEIRA, THIAGO",Amarilla,S.D. VILLESTRO,1186988
6,44,"GONZALEZ CARBALLO, ANXO",Amarilla,S.D. VILLESTRO,1186988
6,52,"PAN PEREZ PUJOL, PABLO",Amarilla,S.D. VILLESTRO,1186988
6,76,"NIETO GOMEZ, JAVIER",Amarilla,S.D. VILLESTRO,1186988
6,90'+1,"REY MILLAN, DAVID",Amarilla,S.D. VILLESTRO,1186988
6,90'+2,"RODRIGUEZ ESPIÑA, ALEJANDRO",Amarilla,S.D. VILLESTRO,1186988
6,90'+2,"SUAREZ CALVIÑO, SANTIAGO",Roja,S.D. VILLESTRO,1186988
6,57,"FUENTES PARRA, DANIEL",Amarilla,SOCIEDADE DEPORTIVA O PINO,1186988
6,63,"TRILLO BUJAN, ISAAC",Roja,SOCIEDADE DEPORTIVA O PINO,1186988
6,90'+1,"FERREIRO RIAL, RUBEN",Amarilla,SOCIEDADE DEPORTIVA O PINO,1186988
6,58,"SENDE MALLO, DIEGO",Amarilla,C.D. SAN MAMED,1186989
6,59,"VILAS CONSTANTINO, ADRIAN",Amarilla,S.D.C. RECESENDE,1186989
6,59,"VILAS CONSTANTINO, BORJA",Amarilla,S.D.C. RECESENDE,1186989
6,76,"MUIÑA BARREIRO, ALEJANDRO",Amarilla,S.D.C. RECESENDE,1186989
6,79,"MUIÑA BARREIRO, ALEJANDRO",Amarilla,S.D.C. RECESENDE,1186989
6,85,"TORRES SUAREZ, SANTIAGO",Amarilla,S.D.C. RECESENDE,1186989
6,90'+1,"ALDREY MÍGUEZ, MANUEL",Amarilla,S.D.C. RECESENDE,1186989
6,88,"GARCIA LOPEZ, ALEJANDRO",Amarilla,C.F. CIRE DE MELIDE,1186990
6,90'+4,"MOSTEIRO GOMEZ, ADRIAN",Roja,C.F. CIRE DE MELIDE,1186990
6,90'+4,"VAZQUEZ RAMOS, OMAR A",Amarilla,C.F. CIRE DE MELIDE,1186990
6,88,"PENELA MONTOTO, CRISTIAN",Amarilla,RODEIRO C.F.,1186990
6,90'+4,"SANMARTIN GONZALEZ, XABIER",Amarilla,RODEIRO C.F.,1186990
7,45'+4,"RIELO COUSO, LUCAS",Amarilla,C.F. SILLEDA,1186991
7,82,"SUAREZ PEON, DIEGO",Amarilla,C.F. SILLEDA,1186991
7,62,"SALGUEIRO POMBO, DAVID",Amarilla,S.D. CACHEIRAS,1186991
7,83,"FERREIRO RODRIGUEZ, YAGO",Amarilla,S.D. CACHEIRAS,1186991
7,54,"CASTRO DOMINGUEZ, FRANCISCO",Amarilla,LAMELA C.F.,1186992
7,58,"LÓPEZ PÉREZ, ALBERTO",Amarilla,LAMELA C.F.,1186992
7,37,"DOMINGUEZ VAZQUEZ, CRISTIAN",Amarilla,S.D. CRUCES,1186992
7,66,"FAILDE FIESTRAS, ALEJANDRO",Amarilla,S.D. CRUCES,1186992
7,72,"PEITEADO SALGUEIRO, IVAN",Amarilla,S.D. CRUCES,1186992
7,999,"DOMINGUEZ VAZQUEZ, JOSE ANGEL",Amarilla,S.D. CRUCES,1186992
7,74,"CARRO MAREQUE, JUAN JOSE",Amarilla,A.C.U.D. CAMPORRAPADO,1186993
7,44,"LIÑARES NOYA, FABIAN",Amarilla,S.D. DUBRA B,1186993
7,84,"DUBRA LORENZO, ALEJANDRO",Amarilla,S.D. DUBRA B,1186993
7,42,"BATISTA RAMOS, WALDIR F",Amarilla,C.D.BELVIS,1186994
7,56,"VAZQUEZ POMAR, MARCOS",Amarilla,C.D.BELVIS,1186994
7,22,"VILARES TARRIO, BRAIS",Amarilla,TRAZO C.F.,1186994
7,59,"ARIAS GARCIA, SERGIO",Amarilla,TRAZO C.F.,1186994
7,71,"NIETO GESTO, CARLOS",Amarilla,TRAZO C.F.,1186994
7,79,"BELENDA GABIN, JORGE",Amarilla,TRAZO C.F.,1186994
7,90,"VILARES TARRIO, BRAIS",Amarilla,TRAZO C.F.,1186994
7,87,"FORTES OTERO, RAFAEL",Amarilla,C.D. SPORT TEAM ESTRADA,1186995
7,29,"LISTE MONTOIRO, FRANCISCO",Amarilla,S.D. VILLESTRO,1186995
7,35,"DOS SANTOS MARQUES, ALEANDRO",Amarilla,S.D. VILLESTRO,1186995
7,77,"VILLA MARIÑO, SERGIO",Amarilla,S.D. VILLESTRO,1186995
7,34,"VAZQUEZ CORRAL, JORGE",Amarilla,SOCIEDADE DEPORTIVA O PINO,1186996
7,76,"LOUZAO FERNANDEZ, MANUEL",Amarilla,C.D. SAN MAMED,1186996
7,88,"SENDE MALLO, DIEGO",Amarilla,C.D. SAN MAMED,1186996
7,70,"VILAS CONSTANTINO, ADRIAN",Amarilla,S.D.C. RECESENDE,1186997
7,70,"GARCIA LOPEZ, ALEJANDRO",Amarilla,C.F. CIRE DE MELIDE,1186997
7,79,"PAMPIN NOGUEROL, DANIEL",Amarilla,C.F. CIRE DE MELIDE,1186997
7,84,"RODRIGUEZ RODRIGUEZ, JACOBO",Amarilla,C.F. CIRE DE MELIDE,1186997
7,6,"SANJUAS CASAL, SERGIO",Amarilla,U.D. VAL DO ULLA,1186998
7,23,"CALVIÑO IGLESIAS, PABLO",Amarilla,U.D. VAL DO ULLA,1186998
7,53,"BESADA REY, NICOLAS",Amarilla,U.D. VAL DO ULLA,1186998
7,81,"MERA SOUTO, ALEJANDRO",Amarilla,U.D. VAL DO ULLA,1186998
7,46,"GARCIA SA, JOSE ANTONIO",Amarilla,RODEIRO C.F.,1186998
7,46,"BARCALA FERNANDEZ, RODRIGO",Amarilla,RODEIRO C.F.,1186998
7,58,"SANMARTIN GONZALEZ, XABIER",Amarilla,RODEIRO C.F.,1186998
7,69,"GARCIA VENCE, JOSE MANUEL",Amarilla,RODEIRO C.F.,1186998
7,82,"IGLESIAS VILARIñO, SANTIAGO",Amarilla,RODEIRO C.F.,1186998
8,90'+2,"CEPEDA MENDOZA, ALEJANDRO",Amarilla,S.D. CACHEIRAS,1186999
8,18,"JACOME AMARANTE, IVAN",Amarilla,S.D. CRUCES,1187000
8,46,"OTERO IGLESIAS, OSCAR",Amarilla,S.D. CRUCES,1187000
8,53,"DOMINGUEZ VAZQUEZ, JOSE ANGEL",Amarilla,S.D. CRUCES,1187000
8,76,"PEITEADO SALGUEIRO, IVAN",Amarilla,S.D. CRUCES,1187000
8,76,"KHALLOUK EL AMRANI, MOHAMED",Amarilla,S.D. CRUCES,1187000
8,86,"GONZALEZ EIRAS, FABIO J",Amarilla,S.D. CRUCES,1187000
8,90'+4,"LIÑARES NOYA, FABIAN",Amarilla,S.D. DUBRA B,1187001
8,72,"AGUIAR RODRIGUEZ, JULIAN",Amarilla,LAMELA C.F.,1187001
8,30,"CANCELA CONDE, ALEJANDRO",Amarilla,TRAZO C.F.,1187002
8,63,"SANCHEZ CASTRO, SAMUEL",Amarilla,TRAZO C.F.,1187002
8,90'+4,"CASTRO OTERO, SAMUEL",Amarilla,TRAZO C.F.,1187002
8,42,"CARRO MAREQUE, JUAN JOSE",Amarilla,A.C.U.D. CAMPORRAPADO,1187002
8,43,"CARRO MAREQUE, JUAN JOSE",Amarilla,A.C.U.D. CAMPORRAPADO,1187002
8,90,"PEREIRAS PEREIRO, RAFAEL",Amarilla,A.C.U.D. CAMPORRAPADO,1187002
8,36,"DOS SANTOS MARQUES, ALEANDRO",Amarilla,S.D. VILLESTRO,1187003
8,67,"ZAGATO PEREIRA, JOAO VITOR",Amarilla,S.D. VILLESTRO,1187003
8,67,"FERNANDEZ PEREZ, JESUS DE BELEN",Amarilla,C.D.BELVIS,1187003
8,73,"VAZQUEZ LAVANDEIRA, JUAN MANUEL",Amarilla,C.D.BELVIS,1187003
8,79,"VAZQUEZ POMAR, MARCOS",Amarilla,C.D.BELVIS,1187003
8,56,"RENDO OUZANDE, XAVIER",Amarilla,C.D. SAN MAMED,1187004
8,64,"CASTRO MONTERO, MARTIN",Amarilla,C.D. SAN MAMED,1187004
8,73,"FERNANDEZ GONZALEZ, IAGO JOSE",Amarilla,C.D. SPORT TEAM ESTRADA,1187004
8,80,"MARQUE PASEIRO, SAMUEL",Amarilla,C.D. SPORT TEAM ESTRADA,1187004
8,90,"TOUCEDA GOLDAR, IAGO",Amarilla,C.D. SPORT TEAM ESTRADA,1187004
8,86,"POLO ABAD, ASIER",Amarilla,C.F. CIRE DE MELIDE,1187005
8,90'+1,"MONTERROSO GOMEZ, SERGIO",Amarilla,C.F. CIRE DE MELIDE,1187005
8,72,"TRILLO BUJAN, ISAAC",Amarilla,SOCIEDADE DEPORTIVA O PINO,1187005
8,80,"PAZO DURO, JAVIER",Amarilla,SOCIEDADE DEPORTIVA O PINO,1187005
8,80,"GOMES TAVARES, RAFAEL ANDRE",Amarilla,SOCIEDADE DEPORTIVA O PINO,1187005
8,21,"IGLESIAS VILARIñO, SANTIAGO",Amarilla,RODEIRO C.F.,1187006
8,21,"PENELA MONTOTO, CRISTIAN",Amarilla,RODEIRO C.F.,1187006
8,21,"GARCIA VENCE, JOSE MANUEL",Amarilla,RODEIRO C.F.,1187006
8,90'+2,"ROMERO MONTOUTO, PABLO",Amarilla,RODEIRO C.F.,1187006
8,28,"DE LA TORRE CUEVAS, FERNANDO",Amarilla,S.D.C. RECESENDE,1187006
8,60,"VILAS CONSTANTINO, ADRIAN",Amarilla,S.D.C. RECESENDE,1187006
8,63,"ROA BECERRA, YAGO",Amarilla,S.D.C. RECESENDE,1187006
8,80,"NOYA GOMEZ, DANIEL",Amarilla,S.D.C. RECESENDE,1187006
9,40,"MARTINEZ RODRIGUEZ, JOSE EMILIO",Amarilla,S.D. CACHEIRAS,1187007
9,48,"CARBALLAL MONTEAGUDO, SAUL",Amarilla,S.D. CACHEIRAS,1187007
9,90'+1,"MARTINEZ RODRIGUEZ, ALESSANDRO EDUARDO",Amarilla,S.D. CACHEIRAS,1187007
9,42,"SUAREZ PEON, DIEGO",Amarilla,C.F. SILLEDA,1187008
9,70,"CURRAS GONZALEZ, DANIEL",Amarilla,C.F. SILLEDA,1187008
9,999,"GONZALEZ CURRAS, LUIS",Amarilla,C.F. SILLEDA,1187008
9,57,"IGLESIAS DOMINGUEZ, OSCAR",Amarilla,S.D. DUBRA B,1187008
9,70,"CERNADAS NOYA, LUCAS",Amarilla,S.D. DUBRA B,1187008
9,32,"GARCIA CARRERA, MANUEL",Amarilla,LAMELA C.F.,1187009
9,44,"FIGUEIRAS GAGO, ALEJANDRO",Amarilla,LAMELA C.F.,1187009
9,87,"RIOS ALCAIDE, JUAN MANUEL",Amarilla,LAMELA C.F.,1187009
9,18,"BELENDA GABIN, JORGE",Amarilla,TRAZO C.F.,1187009
9,22,"BOVEDA TOSAR, ANDRE",Amarilla,TRAZO C.F.,1187009
9,45,"EZERROUGUY, MOHAMED SAID",Amarilla,TRAZO C.F.,1187009
9,57,"ARIAS GARCIA, SERGIO",Amarilla,TRAZO C.F.,1187009
9,85,"BERTOA VIQUEIRA, JOSE J",Amarilla,TRAZO C.F.,1187009
9,90'+1,"BECERRA VARELA, ESTEBAN",Amarilla,TRAZO C.F.,1187009
9,90'+5,"GOMEZ FERNANDEZ, SIMON",Amarilla,TRAZO C.F.,1187009
9,87,"PARADA CASTIÑEIRAS, OSCAR",Amarilla,A.C.U.D. CAMPORRAPADO,1187010
9,29,"BRITO GUZMAN, ALVARO",Amarilla,S.D. VILLESTRO,1187010
9,36,"LISTE MONTOIRO, FRANCISCO",Amarilla,S.D. VILLESTRO,1187010
9,40,"RODRIGUEZ GONZALEZ, YAGO",Amarilla,S.D. VILLESTRO,1187010
9,51,"ZAGATO PEREIRA, JOAO VITOR",Amarilla,S.D. VILLESTRO,1187010
9,73,"ZAGATO PEREIRA, JOAO VITOR",Amarilla,S.D. VILLESTRO,1187010
9,19,"MIGUEZ MEIJOMIL, MIGUEL",Amarilla,C.D.BELVIS,1187011
9,89,"PROL BREA, DIEGO",Amarilla,C.D.BELVIS,1187011
9,90'+1,"VAZQUEZ POMAR, MARCOS",Amarilla,C.D.BELVIS,1187011
9,21,"CASAL ALVAREZ, DAVID",Amarilla,C.D. SAN MAMED,1187011
9,37,"RENDO OUZANDE, XAVIER",Amarilla,C.D. SAN MAMED,1187011
9,72,"VEIGA TARRIO, ADRIAN",Roja,C.D. SAN MAMED,1187011
9,78,"REY CALVO, BRAIS",Amarilla,C.D. SAN MAMED,1187011
9,89,"PEREZ MARTINEZ, SAMUEL",Amarilla,C.D. SAN MAMED,1187011
9,89,"REY CALVO, MARTIN",Amarilla,C.D. SAN MAMED,1187011
9,90'+5,"GRANATA LOPEZ, DANIEL",Amarilla,C.D. SAN MAMED,1187011
9,60,"IGLESIAS PALLAS, FERNANDO",Amarilla,C.D. SPORT TEAM ESTRADA,1187012
9,75,"LAHSAN, MESAUD MOHAMED FADEL",Amarilla,C.D. SPORT TEAM ESTRADA,1187012
9,37,"MONTERROSO GOMEZ, SERGIO",Amarilla,C.F. CIRE DE MELIDE,1187012
9,42,"GARCIA COSTOYA, JORGE",Amarilla,C.F. CIRE DE MELIDE,1187012
9,79,"VAZQUEZ RAMOS, OMAR A",Amarilla,C.F. CIRE DE MELIDE,1187012
9,86,"POLO ABAD, ASIER",Amarilla,C.F. CIRE DE MELIDE,1187012
9,48,"LAREO MERA, LUCAS",Amarilla,SOCIEDADE DEPORTIVA O PINO,1187013
9,50,"FARIÑAS LOPEZ, ALEJANDRO",Amarilla,SOCIEDADE DEPORTIVA O PINO,1187013
9,29,"LAMAZARES CASERO, ALBERTO",Amarilla,RODEIRO C.F.,1187013
9,29,"LAMAZARES CASERO, ALBERTO",Roja,RODEIRO C.F.,1187013
9,33,"BARCALA FERNANDEZ, RODRIGO",Amarilla,RODEIRO C.F.,1187013
9,38,"GONZALEZ HERMIDA, DAVID",Amarilla,RODEIRO C.F.,1187013
9,53,"GONZALEZ HERMIDA, DAVID",Roja,RODEIRO C.F.,1187013
9,70,"CALVO DAFONTE, RAÚL",Amarilla,RODEIRO C.F.,1187013
9,88,"PENELA MONTOTO, CRISTIAN",Amarilla,RODEIRO C.F.,1187013
9,90'+1,"BLANCO MIGUELEZ, ROMAN",Roja,RODEIRO C.F.,1187013
9,42,"SANCHEZ CARPINTEIRO, MIGUEL",Amarilla,U.D. VAL DO ULLA,1187014
9,51,"FREIRIA LOPEZ, IGNACIO",Amarilla,U.D. VAL DO ULLA,1187014
9,88,"DIEGUEZ LOUREIRO, RAMIRO",Amarilla,U.D. VAL DO ULLA,1187014
10,27,"OTERO IGLESIAS, OSCAR",Amarilla,S.D. CRUCES,1187015
10,50,"DOMINGUEZ VAZQUEZ, CRISTIAN",Amarilla,S.D. CRUCES,1187015
10,63,"SANMARTIN GARCIA, MARCOS",Amarilla,S.D. CRUCES,1187015
10,67,"FUENTES IGLESIAS, CARLOS",Amarilla,S.D. CRUCES,1187015
10,90,"FERNANDEZ REBOREDO, JUAN",Amarilla,S.D. CRUCES,1187015
10,75,"BESADA REY, NICOLAS",Amarilla,U.D. VAL DO ULLA,1187015
10,12,"LIÑARES NOYA, FABIAN",Amarilla,S.D. DUBRA B,1187016
10,67,"GARCIA MARROZOS, XABIER",Amarilla,S.D. DUBRA B,1187016
10,75,"BARDANCA REY, GONZALO",Amarilla,S.D. DUBRA B,1187016
10,90'+4,"RIVAS SUAREZ, MARTIN",Amarilla,S.D. DUBRA B,1187016
10,70,"MARTINEZ RODRIGUEZ, ALESSANDRO EDUARDO",Amarilla,S.D. CACHEIRAS,1187016
10,72,"BECERRA VARELA, ESTEBAN",Amarilla,TRAZO C.F.,1187017
10,90'+5,"FERREIRA PARENTE, RAUL",Amarilla,TRAZO C.F.,1187017
10,43,"DE SOUSA OLIVEIRA, THIAGO",Amarilla,S.D. VILLESTRO,1187018
10,45'+1,"LÓPEZ PÉREZ, ALBERTO",Amarilla,LAMELA C.F.,1187018
10,50,"GARCIA CARRERA, MANUEL",Amarilla,LAMELA C.F.,1187018
10,50,"FUENTES GOMEZ, ADRIAN",Amarilla,LAMELA C.F.,1187018
10,85,"FUENTES GOMEZ, ADRIAN",Amarilla,LAMELA C.F.,1187018
10,87,"FIGUEIRAS GAGO, ALEJANDRO",Amarilla,LAMELA C.F.,1187018
10,90'+4,"PEITEADO MOLEDO, SERGIO",Amarilla,LAMELA C.F.,1187018
10,55,"BESTEIRO SAEZ, JAVIER",Amarilla,C.D. SAN MAMED,1187019
10,77,"LOUZAO FERNANDEZ, MANUEL",Amarilla,C.D. SAN MAMED,1187019
10,81,"RENDO GUITIAN, ALEXANDRE",Amarilla,C.D. SAN MAMED,1187019
10,89,"ALDREY GONTAD, XIAN",Amarilla,A.C.U.D. CAMPORRAPADO,1187019
10,23,"BAÑA TOME, ALEJANDRO",Amarilla,C.D.BELVIS,1187020
10,35,"ALDREY RODRIGUEZ, PABLO C",Amarilla,C.D.BELVIS,1187020
10,71,"IGLESIAS QUINTEIRO, JOSE RAMON",Amarilla,C.D.BELVIS,1187020
10,75,"MIGUEZ MEIJOMIL, MIGUEL",Amarilla,C.D.BELVIS,1187020
10,78,"REFOJOS ANDRADE, ANGEL",Amarilla,C.D.BELVIS,1187020
10,60,"BARCALA FERNANDEZ, RODRIGO",Amarilla,RODEIRO C.F.,1187021
10,58,"MOIMENTA MOHAMMED, MIGUEL",Amarilla,S.D.C. RECESENDE,1187022
10,65,"CALVO CUTRIN, RAUL",Amarilla,S.D.C. RECESENDE,1187022
10,90'+1,"NUÑEZ BARRAL, SEBASTIAN",Amarilla,S.D.C. RECESENDE,1187022
10,32,"GOMES TAVARES, RAFAEL ANDRE",Amarilla,SOCIEDADE DEPORTIVA O PINO,1187022
10,65,"VAZQUEZ CORRAL, JORGE",Amarilla,SOCIEDADE DEPORTIVA O PINO,1187022
10,66,"TRILLO BUJAN, ISAAC",Amarilla,SOCIEDADE DEPORTIVA O PINO,1187022
10,82,"PORTOS VILLAR, BORJA",Amarilla,SOCIEDADE DEPORTIVA O PINO,1187022
10,87,"TRILLO BUJAN, ISAAC",Amarilla,SOCIEDADE DEPORTIVA O PINO,1187022
10,90'+3,"ORTIZ MOLINA, JHON ALI",Amarilla,SOCIEDADE DEPORTIVA O PINO,1187022
11,54,"GONZALEZ EIRAS, FABIO J",Amarilla,S.D. CRUCES,1187023
11,58,"DONNICI ABELENDA, MARCOS",Amarilla,S.D. DUBRA B,1187023
11,58,"LIÑARES NOYA, FABIAN",Amarilla,S.D. DUBRA B,1187023
11,58,"BALEATO PEREZ, ROBERTO",Amarilla,S.D. DUBRA B,1187023
11,87,"DA CONCEICAO ANTUNES, FELIPE MATHEUS",Amarilla,S.D. CACHEIRAS,1256272
11,90'+1,"MARTINEZ RODRIGUEZ, JOSE EMILIO",Amarilla,S.D. CACHEIRAS,1256272
11,28,"GARABATO RUIBAL, ANGEL",Amarilla,TRAZO C.F.,1256272
11,40,"CEBEY DE LA TORRE, MANUEL",Amarilla,TRAZO C.F.,1256272
11,56,"BECERRA MALLO, ADRIAN",Amarilla,TRAZO C.F.,1256272
11,32,"SUAREZ PEON, DIEGO",Amarilla,C.F. SILLEDA,1187025
11,90'+2,"DEL PUERTO DUARTE, VICTOR MANUEL",Amarilla,C.F. SILLEDA,1187025
11,42,"PEREZ RIO, VICTOR",Amarilla,S.D. VILLESTRO,1187025
11,54,"LISTE MONTOIRO, FRANCISCO",Amarilla,S.D. VILLESTRO,1187025
11,75,"LORENZO GARRIDO, JORGE",Amarilla,S.D. VILLESTRO,1187025
11,85,"DOS SANTOS MARQUES, ALEANDRO",Amarilla,S.D. VILLESTRO,1187025
11,90'+2,"REY MILLAN, DAVID",Amarilla,S.D. VILLESTRO,1187025
11,999,"DOS SANTOS MARQUES, ALEANDRO",Roja,S.D. VILLESTRO,1187025
11,90'+5,"LUGO PADIN, ESTEBAN",Amarilla,LAMELA C.F.,1187026
11,38,"RENDO OUZANDE, XAVIER",Amarilla,C.D. SAN MAMED,1187026
11,90'+5,"RENDO OUZANDE, XAVIER",Amarilla,C.D. SAN MAMED,1187026
11,79,"GARCÍA CASAL, SANTIAGO",Roja,A.C.U.D. CAMPORRAPADO,1187027
11,82,"MÍGUEZ SANMARTÍN, MIGUEL",Amarilla,A.C.U.D. CAMPORRAPADO,1187027
11,90'+5,"PARADA CASTIÑEIRAS, OSCAR",Amarilla,A.C.U.D. CAMPORRAPADO,1187027
11,56,"CASTRELO FERNANDEZ, MIGUEL",Amarilla,C.F. CIRE DE MELIDE,1187027
11,13,"BARCALA FERNANDEZ, RODRIGO",Amarilla,RODEIRO C.F.,1187028
11,75,"CANGADO VILLAMARIN, CARLOS",Amarilla,RODEIRO C.F.,1187028
11,58,"MIGUEZ VIDAL, DANIEL",Amarilla,C.D. SPORT TEAM ESTRADA,1187029
11,62,"LAHSAN, MESAUD MOHAMED FADEL",Amarilla,C.D. SPORT TEAM ESTRADA,1187029
11,84,"LAHSAN, MESAUD MOHAMED FADEL",Amarilla,C.D. SPORT TEAM ESTRADA,1187029
11,39,"MUIÑA BARREIRO, ALEJANDRO",Amarilla,S.D.C. RECESENDE,1187029
11,58,"MARTINS TERRON, WAGNER RONALDO",Amarilla,S.D.C. RECESENDE,1187029
11,63,"ALDREY MÍGUEZ, MANUEL",Amarilla,S.D.C. RECESENDE,1187029
11,83,"FRANCO SANMARTIN, CARLOS L",Amarilla,S.D.C. RECESENDE,1187029
11,89,"GARCIA DURAN, RUBEN",Amarilla,S.D.C. RECESENDE,1187029
11,41,"CALVIÑO IGLESIAS, PABLO",Amarilla,U.D. VAL DO ULLA,1187030
11,41,"GARCIA SENRA, DIEGO",Amarilla,SOCIEDADE DEPORTIVA O PINO,1187030
11,78,"SAINZ TRESGUERRAS, JESUS FERNANDO",Amarilla,SOCIEDADE DEPORTIVA O PINO,1187030
11,88,"LAREO MERA, LUCAS",Amarilla,SOCIEDADE DEPORTIVA O PINO,1187030
11,89,"FERREIRO RIAL, RUBEN",Amarilla,SOCIEDADE DEPORTIVA O PINO,1187030
11,999,"PORTOS VILLAR, BORJA",Roja,SOCIEDADE DEPORTIVA O PINO,1187030
12,84,"BARDANCA REY, GONZALO",Amarilla,S.D. DUBRA B,1187031
12,85,"GARCIA MARROZOS, XABIER",Amarilla,S.D. DUBRA B,1187031
12,82,"AMBOAGE VILLAR, IVAN",Amarilla,U.D. VAL DO ULLA,1187031
12,86,"AMBOAGE VILLAR, IVAN",Amarilla,U.D. VAL DO ULLA,1187031
12,43,"FERREIRA PARENTE, RAUL",Amarilla,TRAZO C.F.,1187032
12,77,"VILARES TARRIO, BRAIS",Amarilla,TRAZO C.F.,1187032
12,57,"DOMINGUEZ VAZQUEZ, CRISTIAN",Amarilla,S.D. CRUCES,1187032
12,57,"DOMINGUEZ VAZQUEZ, JOSE ANGEL",Amarilla,S.D. CRUCES,1187032
12,77,"GRANJA HERMIDA, JESUS ANTONIO",Amarilla,S.D. CRUCES,1187032
12,19,"BRITO GUZMAN, ALVARO",Amarilla,S.D. VILLESTRO,1187033
12,63,"REY MILLAN, DAVID",Amarilla,S.D. VILLESTRO,1187033
12,67,"GONZALEZ CARBALLO, ANXO",Amarilla,S.D. VILLESTRO,1187033
12,27,"BOUZAS MOSQUERA, MANUEL",Amarilla,S.D. CACHEIRAS,1187033
12,31,"MARTINEZ RODRIGUEZ, ALESSANDRO EDUARDO",Amarilla,S.D. CACHEIRAS,1187033
12,35,"VAZQUEZ PEÑA, JOSE L",Amarilla,C.D. SAN MAMED,1187034
12,90'+3,"PEREZ MARTINEZ, SAMUEL",Amarilla,C.D. SAN MAMED,1187034
12,20,"GONZALEZ CURRAS, LUIS",Amarilla,C.F. SILLEDA,1187034
12,89,"ESPIÑO RODRIGUEZ, AARON",Amarilla,C.F. SILLEDA,1187034
12,90'+4,"FERNÁNDEZ GARCÍA, RUBÉN",Amarilla,C.F. SILLEDA,1187034
12,90'+2,"ESPANTOSO LAMAS, JORGE",Amarilla,C.F. SILLEDA,1187034
12,90'+2,"RIELO COUSO, LUCAS",Amarilla,C.F. SILLEDA,1187034
12,90'+3,"RIVERO MONTOTO, NUNO",Amarilla,C.F. SILLEDA,1187034
12,72,"VAZQUEZ RAMOS, OMAR A",Amarilla,C.F. CIRE DE MELIDE,1187035
12,37,"GARCIA CARRERA, MANUEL",Amarilla,LAMELA C.F.,1187035
12,61,"GONZALEZ HERMIDA, DAVID",Amarilla,RODEIRO C.F.,1187036
12,53,"ALDREY GONTAD, XIAN",Amarilla,A.C.U.D. CAMPORRAPADO,1187036
12,68,"DE LA FUENTE SUAREZ, RUBEN",Amarilla,A.C.U.D. CAMPORRAPADO,1187036
12,80,"ESPADA PAZOS, JORGE",Amarilla,A.C.U.D. CAMPORRAPADO,1187036
12,82,"MEIJOME QUINTANA, RODRIGO",Amarilla,S.D.C. RECESENDE,1187037
12,86,"NUÑEZ BARRAL, SEBASTIAN",Amarilla,S.D.C. RECESENDE,1187037
12,89,"VILAS CONSTANTINO, BORJA",Amarilla,S.D.C. RECESENDE,1187037
12,12,"RUZA VAZQUEZ, BRAIS",Amarilla,C.D.BELVIS,1187037
12,49,"FRANCOS CREGO, JULIAN",Amarilla,C.D.BELVIS,1187037
12,56,"ALDREY RODRIGUEZ, PABLO C",Amarilla,C.D.BELVIS,1187037
12,59,"CARRIL CARREIRA, RAFAEL",Amarilla,SOCIEDADE DEPORTIVA O PINO,1187038
12,86,"SAINZ TRESGUERRAS, JESUS FERNANDO",Amarilla,SOCIEDADE DEPORTIVA O PINO,1187038
12,88,"MAESTRE CALVO, DAVID RAFAEL",Amarilla,SOCIEDADE DEPORTIVA O PINO,1187038
12,36,"FORTES OTERO, RAFAEL",Amarilla,C.D. SPORT TEAM ESTRADA,1187038
12,83,"IGLESIAS PALLAS, FERNANDO",Amarilla,C.D. SPORT TEAM ESTRADA,1187038
13,52,"RIVAS SUAREZ, MARTIN",Amarilla,S.D. DUBRA B,1187039
13,75,"PAZOS MARTINEZ, ROBERTO",Amarilla,S.D. DUBRA B,1187039
13,77,"PUMAR SÁNCHEZ, BRAIS",Amarilla,S.D. DUBRA B,1187039
13,90'+4,"DUBRA LORENZO, ALEJANDRO",Amarilla,S.D. DUBRA B,1187039
13,54,"FERREIRA PARENTE, RAUL",Amarilla,TRAZO C.F.,1187039
13,34,"FERNANDEZ REBOREDO, JUAN",Amarilla,S.D. CRUCES,1187040
13,74,"LOPEZ REY, LEO",Amarilla,S.D. CRUCES,1187040
13,90'+1,"SANMARTIN GARCIA, MARCOS",Amarilla,S.D. CRUCES,1187040
13,90'+3,"DOMINGUEZ VAZQUEZ, JOSE ANGEL",Amarilla,S.D. CRUCES,1187040
13,55,"GONZALEZ CARBALLO, ANXO",Amarilla,S.D. VILLESTRO,1187040
13,68,"LORENZO GARRIDO, JORGE",Amarilla,S.D. VILLESTRO,1187040
13,90'+5,"REY MILLAN, DAVID",Amarilla,S.D. VILLESTRO,1187040
13,11,"MARTINEZ RODRIGUEZ, ALESSANDRO EDUARDO",Amarilla,S.D. CACHEIRAS,1187041
13,11,"CASAL ALVAREZ, DAVID",Amarilla,C.D. SAN MAMED,1187041
13,22,"VAZQUEZ PEÑA, JOSE L",Amarilla,C.D. SAN MAMED,1187041
13,85,"CHAS BROCOS, IAGO SENEN",Amarilla,C.D. SAN MAMED,1187041
13,28,"LOPEZ DE LA FUENTE, ELOI",Amarilla,C.F. SILLEDA,1187042
13,31,"SUAREZ PEON, DIEGO",Amarilla,C.F. SILLEDA,1187042
13,80,"NUÑEZ GONZALEZ, MIGUEL",Amarilla,C.F. SILLEDA,1187042
13,48,"MONTERROSO GOMEZ, SERGIO",Amarilla,C.F. CIRE DE MELIDE,1187042
13,73,"PARRADO ROMERO, CARLOS",Amarilla,C.F. CIRE DE MELIDE,1187042
13,81,"VAZQUEZ RAMOS, OMAR A",Amarilla,C.F. CIRE DE MELIDE,1187042
13,83,"PAMPIN NEGRO, JESUS",Amarilla,C.F. CIRE DE MELIDE,1187042
13,62,"RIOS ALCAIDE, JUAN MANUEL",Amarilla,LAMELA C.F.,1187043
13,75,"CASTRO DOMINGUEZ, FRANCISCO",Amarilla,LAMELA C.F.,1187043
13,85,"LUGO PADIN, ESTEBAN",Amarilla,LAMELA C.F.,1187043
13,87,"DOVAL GARCIA, ION",Amarilla,LAMELA C.F.,1187043
13,67,"PENELA MONTOTO, CRISTIAN",Amarilla,RODEIRO C.F.,1187043
13,70,"FERREIRO CAMBA, MANUEL",Amarilla,RODEIRO C.F.,1187043
13,70,"CALVO DAFONTE, RAÚL",Amarilla,RODEIRO C.F.,1187043
13,28,"ALDREY GONTAD, XIAN",Amarilla,A.C.U.D. CAMPORRAPADO,1187044
13,79,"REY VALLADARES, IAGO",Amarilla,A.C.U.D. CAMPORRAPADO,1187044
13,18,"VILAS CONSTANTINO, ADRIAN",Amarilla,S.D.C. RECESENDE,1187044
13,68,"GARCIA DURAN, RUBEN",Amarilla,S.D.C. RECESENDE,1187044
13,79,"ROSENDE MARTINEZ, ALEJANDRO",Amarilla,S.D.C. RECESENDE,1187044
13,90'+3,"VILAS CONSTANTINO, BORJA",Amarilla,S.D.C. RECESENDE,1187044
13,2,"CRESPO ALONSO, JOSE ANTONIO",Roja,C.D.BELVIS,1187045
13,56,"SEIJO CASTRO, YAGO",Amarilla,C.D.BELVIS,1187045
13,58,"RUZA VAZQUEZ, BRAIS",Amarilla,C.D.BELVIS,1187045
13,75,"BAÑA TOME, ALEJANDRO",Amarilla,C.D.BELVIS,1187045
13,83,"BERNAL PENAS, LUCAS",Amarilla,C.D.BELVIS,1187045
13,84,"GUTIERREZ VAZQUEZ, EDUARDO",Amarilla,C.D.BELVIS,1187045
13,2,"FERREIRO RIAL, RUBEN",Roja,SOCIEDADE DEPORTIVA O PINO,1187045
13,42,"VAZQUEZ CORRAL, JORGE",Amarilla,SOCIEDADE DEPORTIVA O PINO,1187045
13,88,"FARIÑAS LOPEZ, ALEJANDRO",Amarilla,SOCIEDADE DEPORTIVA O PINO,1187045
13,88,"CEREIJO IGLESIAS, ALBERTO L",Amarilla,SOCIEDADE DEPORTIVA O PINO,1187045
13,88,"RIAL CHICO, DANIEL",Amarilla,SOCIEDADE DEPORTIVA O PINO,1187045
13,999,"PORTOS VILLAR, BORJA",Amarilla,SOCIEDADE DEPORTIVA O PINO,1187045
13,49,"ROMARÍS CAMPAÑA, ALBERTO",Amarilla,U.D. VAL DO ULLA,1187046
13,55,"NEIRA CARPINTEIRO, PABLO",Amarilla,U.D. VAL DO ULLA,1187046
13,90'+1,"DIEGUEZ LOUREIRO, RAMIRO",Amarilla,U.D. VAL DO ULLA,1187046
13,11,"GOMEZ CORA, ADRIAN",Amarilla,C.D. SPORT TEAM ESTRADA,1187046
13,42,"BARRUSO ARIAS, HUGO",Amarilla,C.D. SPORT TEAM ESTRADA,1187046
13,59,"IGLESIAS PALLAS, FERNANDO",Amarilla,C.D. SPORT TEAM ESTRADA,1187046
13,71,"VARELA MIRANDA, MATEO",Amarilla,C.D. SPORT TEAM ESTRADA,1187046
14,44,"FREIRIA LOPEZ, JORGE",Amarilla,U.D. VAL DO ULLA,1187047
14,45'+4,"RAMOS CERNADAS, FRANCISCO J",Amarilla,U.D. VAL DO ULLA,1187047
14,79,"SANJUAS CASAL, SERGIO",Amarilla,U.D. VAL DO ULLA,1187047
14,90'+3,"CANICOBA BERNARDEZ, BRAIS",Amarilla,U.D. VAL DO ULLA,1187047
14,90'+2,"TORRES TEIXEIRA, ALEXANDRE",Amarilla,U.D. VAL DO ULLA,1187047
14,999,"TAIBO MERA, FRANCISCO",Amarilla,U.D. VAL DO ULLA,1187047
14,999,"CANICOBA BERNARDEZ, BRAIS",Amarilla,U.D. VAL DO ULLA,1187047
14,24,"GARABATO RUIBAL, ANGEL",Amarilla,TRAZO C.F.,1187047
14,38,"BOVEDA TOSAR, ANDRE",Amarilla,TRAZO C.F.,1187047
14,53,"BECERRA MALLO, ADRIAN",Amarilla,TRAZO C.F.,1187047
14,60,"ARIAS GARCIA, SERGIO",Amarilla,TRAZO C.F.,1187047
14,83,"CASTRO OTERO, SAMUEL",Amarilla,TRAZO C.F.,1187047
14,999,"BECERRA VARELA, ESTEBAN",Amarilla,TRAZO C.F.,1187047
14,31,"GONZALEZ CARBALLO, ANXO",Amarilla,S.D. VILLESTRO,1187048
14,45'+1,"GARCIA CASTRO, CESAR",Roja,S.D. VILLESTRO,1187048
14,57,"LORENZO GARRIDO, JORGE",Amarilla,S.D. VILLESTRO,1187048
14,38,"CERNADAS NOYA, LUCAS",Amarilla,S.D. DUBRA B,1187048
14,87,"RIVAS SUAREZ, MARTIN",Amarilla,S.D. DUBRA B,1187048
14,90'+2,"PAZOS MARTINEZ, ROBERTO",Amarilla,S.D. DUBRA B,1187048
14,15,"REY CALVO, MARTIN",Amarilla,C.D. SAN MAMED,1187049
14,80,"BESTEIRO SAEZ, JAVIER",Amarilla,C.D. SAN MAMED,1187049
14,82,"RENDO GUITIAN, ALEXANDRE",Roja,C.D. SAN MAMED,1187049
14,16,"FUENTES IGLESIAS, CARLOS",Amarilla,S.D. CRUCES,1187049
14,82,"JACOME AMARANTE, IVAN",Roja,S.D. CRUCES,1187049
14,90'+4,"MOSTEIRO GOMEZ, ADRIAN",Amarilla,C.F. CIRE DE MELIDE,1187050
14,39,"FERREIRO RODRIGUEZ, YAGO",Amarilla,S.D. CACHEIRAS,1187050
14,44,"FERREIRO RODRIGUEZ, YAGO",Amarilla,S.D. CACHEIRAS,1187050
14,61,"MARTINEZ RODRIGUEZ, JOSE EMILIO",Amarilla,S.D. CACHEIRAS,1187050
14,61,"CARBALLAL MONTEAGUDO, SAUL",Amarilla,S.D. CACHEIRAS,1187050
14,70,"CALVO CUTRIN, RAUL",Amarilla,S.D.C. RECESENDE,1187052
14,44,"FIGUEIRAS GAGO, ALEJANDRO",Amarilla,LAMELA C.F.,1187052
14,66,"GARCIA CARRERA, MANUEL",Amarilla,LAMELA C.F.,1187052
14,77,"FUENTES GOMEZ, ADRIAN",Amarilla,LAMELA C.F.,1187052
14,82,"PORTELA RIVAS, XIAO",Amarilla,LAMELA C.F.,1187052
14,87,"SANIN CARBIA, ALBERTO",Amarilla,LAMELA C.F.,1187052
14,90,"FUENTES GOMEZ, ADRIAN",Amarilla,LAMELA C.F.,1187052
14,54,"CANABAL CASTRO, ISMAEL",Amarilla,SOCIEDADE DEPORTIVA O PINO,1187053
14,80,"VARELA LODEIRO, GABRIEL",Amarilla,SOCIEDADE DEPORTIVA O PINO,1187053
14,87,"GOMES TAVARES, RAFAEL ANDRE",Amarilla,SOCIEDADE DEPORTIVA O PINO,1187053
14,66,"CERVIÑO CARRACEDO, ANDRES",Amarilla,C.D. SPORT TEAM ESTRADA,1187054
14,89,"LAHSAN, MESAUD MOHAMED FADEL",Amarilla,C.D. SPORT TEAM ESTRADA,1187054
14,30,"SANTIAGO RIVAS, MARIO",Amarilla,C.D.BELVIS,1187054
14,89,"GUTIERREZ VAZQUEZ, EDUARDO",Amarilla,C.D.BELVIS,1187054
15,42,"POSE ANTELO, ALVARO",Amarilla,TRAZO C.F.,1187055
15,47,"BELENDA GABIN, JORGE",Amarilla,TRAZO C.F.,1187055
15,57,"BECERRA VARELA, ESTEBAN",Amarilla,TRAZO C.F.,1187055
15,34,"CASTRO MOAR, ADRIAN",Amarilla,S.D. VILLESTRO,1187055
15,83,"PAN PEREZ PUJOL, PABLO",Amarilla,S.D. VILLESTRO,1187055
15,29,"RIVAS SUAREZ, MARTIN",Amarilla,S.D. DUBRA B,1187056
15,38,"BALEATO DOMINGUEZ, MARCO",Amarilla,S.D. DUBRA B,1187056
15,61,"PAZOS MARTINEZ, ROBERTO",Amarilla,S.D. DUBRA B,1187056
15,89,"FORJAN GARCIA, ADRIAN",Amarilla,S.D. DUBRA B,1187056
15,51,"REY CALVO, MARTIN",Amarilla,C.D. SAN MAMED,1187056
15,57,"BESTEIRO SAEZ, JAVIER",Amarilla,C.D. SAN MAMED,1187056
15,60,"LOUZAO FERNANDEZ, MANUEL",Amarilla,C.D. SAN MAMED,1187056
15,85,"LOUZAO FERNANDEZ, MANUEL",Roja,C.D. SAN MAMED,1187056
15,42,"DOMINGUEZ VAZQUEZ, JOSE ANGEL",Amarilla,S.D. CRUCES,1187057
15,83,"DOMINGUEZ VAZQUEZ, CRISTIAN",Amarilla,S.D. CRUCES,1187057
15,61,"PAMPIN NEGRO, JESUS",Amarilla,C.F. CIRE DE MELIDE,1187057
15,90'+6,"CEPEDA MENDOZA, ALEJANDRO",Amarilla,S.D. CACHEIRAS,1187058
15,90'+7,"SALGUEIRO POMBO, DAVID",Amarilla,S.D. CACHEIRAS,1187058
15,999,"DA CONCEICAO ANTUNES, FELIPE MATHEUS",Roja,S.D. CACHEIRAS,1187058
15,40,"BARCALA FERNANDEZ, RODRIGO",Amarilla,RODEIRO C.F.,1187058
15,68,"GONZALEZ HERMIDA, DAVID",Amarilla,RODEIRO C.F.,1187058
15,86,"LAMAZARES CASERO, ALBERTO",Amarilla,RODEIRO C.F.,1187058
15,16,"FERREIRO ESPANTOSO, DIEGO",Amarilla,C.F. SILLEDA,1187059
15,87,"JAR PENIDO, ALVARO",Amarilla,C.F. SILLEDA,1187059
15,24,"ALDREY MÍGUEZ, MANUEL",Amarilla,S.D.C. RECESENDE,1187059
15,58,"VILAS CONSTANTINO, BORJA",Amarilla,S.D.C. RECESENDE,1187059
15,65,"PAMPIN DONO, RUBEN",Amarilla,S.D.C. RECESENDE,1187059
15,73,"FERREIRO DIEZ, BREIXO",Roja,S.D.C. RECESENDE,1187059
15,87,"MOIMENTA MOHAMMED, MIGUEL",Amarilla,S.D.C. RECESENDE,1187059
15,55,"DOVAL GARCIA, ION",Amarilla,LAMELA C.F.,1187060
15,85,"CANABAL DE LA FUENTE, CRISTIAN",Amarilla,LAMELA C.F.,1187060
15,88,"CANABAL DE LA FUENTE, CRISTIAN",Amarilla,LAMELA C.F.,1187060
15,90'+2,"CENDON GONZALEZ, JOSE",Amarilla,SOCIEDADE DEPORTIVA O PINO,1187060
15,64,"DE LA FUENTE SUAREZ, RUBEN",Amarilla,A.C.U.D. CAMPORRAPADO,1187061
15,66,"PARADA CASTIÑEIRAS, OSCAR",Amarilla,A.C.U.D. CAMPORRAPADO,1187061
15,75,"PAJARO BARRAN, DANIEL",Amarilla,A.C.U.D. CAMPORRAPADO,1187061
15,77,"RAMOS REY, NOEL",Amarilla,A.C.U.D. CAMPORRAPADO,1187061
15,89,"PEREIRAS PEREIRO, RAFAEL",Amarilla,A.C.U.D. CAMPORRAPADO,1187061
15,77,"MUÑIZ SANMARTIN, EDUARDO",Amarilla,C.D. SPORT TEAM ESTRADA,1187061
15,86,"FERNANDEZ GONZALEZ, IAGO JOSE",Amarilla,C.D. SPORT TEAM ESTRADA,1187061
15,89,"FERNÁNDEZ RIVAS, MARTÍN",Amarilla,C.D. SPORT TEAM ESTRADA,1187061
15,4,"BAÑA TOME, ALEJANDRO",Amarilla,C.D.BELVIS,1187062
15,65,"FRANCOS CREGO, JULIAN",Amarilla,C.D.BELVIS,1187062
15,81,"BATISTA RAMOS, WALDIR F",Amarilla,C.D.BELVIS,1187062
15,89,"IGLESIAS QUINTEIRO, JOSE RAMON",Amarilla,C.D.BELVIS,1187062
15,89,"FARIÑAS FREIRE, OSCAR",Amarilla,C.D.BELVIS,1187062
15,23,"SANCHEZ CARPINTEIRO, MIGUEL",Amarilla,U.D. VAL DO ULLA,1187062
15,73,"TAIBO MERA, FRANCISCO",Amarilla,U.D. VAL DO ULLA,1187062
16,24,"PARADA CASTIÑEIRAS, OSCAR",Amarilla,A.C.U.D. CAMPORRAPADO,1187063
16,44,"GUTIERREZ VAZQUEZ, EDUARDO",Amarilla,C.D.BELVIS,1187063
16,55,"BATISTA RAMOS, WALDIR F",Amarilla,C.D.BELVIS,1187063
16,70,"FRANCOS CREGO, JULIAN",Amarilla,C.D.BELVIS,1187063
16,12,"RODRIGUEZ FARIÑA, ALEJANDRO",Amarilla,LAMELA C.F.,1187064
16,32,"GARCIA CARRERA, MANUEL",Amarilla,LAMELA C.F.,1187064
16,33,"GARCIA CARRERA, MANUEL",Roja,LAMELA C.F.,1187064
16,60,"AGUIAR RODRIGUEZ, JULIAN",Amarilla,LAMELA C.F.,1187064
16,77,"FIGUEIRAS GAGO, ALEJANDRO",Amarilla,LAMELA C.F.,1187064
16,32,"FUENTES CORREA, MANUEL",Amarilla,C.D. SPORT TEAM ESTRADA,1187064
16,62,"FIGUEIRAS GARCIA, PAULO",Amarilla,C.D. SPORT TEAM ESTRADA,1187064
16,13,"ESPIÑO RODRIGUEZ, AARON",Amarilla,C.F. SILLEDA,1187065
16,23,"RIOS CRESPO, ESTEBAN",Amarilla,C.F. SILLEDA,1187065
16,999,"TABOADA QUINTANA, MARCOS",Amarilla,C.F. SILLEDA,1187065
16,20,"CEREIJO IGLESIAS, ALBERTO L",Amarilla,SOCIEDADE DEPORTIVA O PINO,1187065
16,81,"PAZO DURO, JAVIER",Amarilla,SOCIEDADE DEPORTIVA O PINO,1187065
16,85,"PORTOS VILLAR, BORJA",Amarilla,SOCIEDADE DEPORTIVA O PINO,1187065
16,63,"MARTINEZ RODRIGUEZ, JOSE EMILIO",Amarilla,S.D. CACHEIRAS,1187066
16,56,"NUÑEZ BARRAL, SEBASTIAN",Roja,S.D.C. RECESENDE,1187066
16,90'+1,"MOSQUERA GARRIDO, DIEGO",Amarilla,S.D.C. RECESENDE,1187066
16,90'+3,"CALVO CUTRIN, RAUL",Amarilla,S.D.C. RECESENDE,1187066
16,93,"FERREIRO DIEZ, BREIXO",Amarilla,S.D.C. RECESENDE,1187066
16,43,"IGLESIAS VILARIñO, SANTIAGO",Amarilla,RODEIRO C.F.,1187067
16,66,"CALVO DAFONTE, RAÚL",Amarilla,RODEIRO C.F.,1187067
16,76,"CALVO DAFONTE, RAÚL",Amarilla,RODEIRO C.F.,1187067
16,13,"DUBRA LORENZO, ALEJANDRO",Amarilla,S.D. DUBRA B,1187068
16,58,"GARCIA MARROZOS, XABIER",Amarilla,S.D. DUBRA B,1187068
16,73,"GARCIA MARROZOS, XABIER",Amarilla,S.D. DUBRA B,1187068
16,18,"GARABATO RUIBAL, ANGEL",Amarilla,TRAZO C.F.,1187069
16,85,"BECERRA MALLO, ADRIAN",Amarilla,TRAZO C.F.,1187069
16,86,"VEIGA TARRIO, ADRIAN",Amarilla,C.D. SAN MAMED,1187069
16,39,"RODRIGUEZ GONZALEZ, YAGO",Amarilla,S.D. VILLESTRO,1187070
16,56,"LORENZO GARRIDO, JORGE",Amarilla,S.D. VILLESTRO,1187070
16,61,"PEREZ RIO, VICTOR",Amarilla,S.D. VILLESTRO,1187070
16,70,"DOS SANTOS MARQUES, ALEANDRO",Amarilla,S.D. VILLESTRO,1187070
16,23,"BESADA REY, NICOLAS",Amarilla,U.D. VAL DO ULLA,1187070
16,37,"CALVIÑO IGLESIAS, PABLO",Amarilla,U.D. VAL DO ULLA,1187070
16,51,"TAIBO MERA, FRANCISCO",Amarilla,U.D. VAL DO ULLA,1187070
17,45,"BESADA REY, NICOLAS",Amarilla,U.D. VAL DO ULLA,1272370
17,60,"DIEGUEZ LOUREIRO, RAMIRO",Amarilla,U.D. VAL DO ULLA,1272370
17,65,"NEIRA CARPINTEIRO, PABLO",Amarilla,U.D. VAL DO ULLA,1272370
17,73,"DIEGUEZ LOUREIRO, RAMIRO",Amarilla,U.D. VAL DO ULLA,1272370
17,89,"ALDREY GONTAD, XIAN",Amarilla,A.C.U.D. CAMPORRAPADO,1272370
17,32,"VILLAVERDE SIXTO, BRAIS",Amarilla,C.D.BELVIS,1272366
17,90'+2,"VAZQUEZ POMAR, MARCOS",Amarilla,C.D.BELVIS,1272366
17,14,"GARCIA CARRERA, MANUEL",Amarilla,LAMELA C.F.,1272366
17,90'+4,"CANABAL DE LA FUENTE, CRISTIAN",Amarilla,LAMELA C.F.,1272366
17,88,"FUENTES CORREA, MANUEL",Amarilla,C.D. SPORT TEAM ESTRADA,1272369
17,88,"DA COSTA MORLAN, BRAIS",Amarilla,C.D. SPORT TEAM ESTRADA,1272369
17,11,"FERNÁNDEZ GARCÍA, RUBÉN",Amarilla,C.F. SILLEDA,1272369
17,35,"LOPEZ DE LA FUENTE, ELOI",Amarilla,C.F. SILLEDA,1272369
17,65,"FUENTES PARRA, DANIEL",Amarilla,SOCIEDADE DEPORTIVA O PINO,1272373
17,76,"DA CONCEICAO ANTUNES, FELIPE MATHEUS",Amarilla,S.D. CACHEIRAS,1272373
17,26,"MOIMENTA MOHAMMED, MIGUEL",Amarilla,S.D.C. RECESENDE,1272372
17,44,"NUÑEZ BARRAL, SEBASTIAN",Amarilla,S.D.C. RECESENDE,1272372
17,90'+3,"IGLESIAS DURO, LUIS",Amarilla,S.D.C. RECESENDE,1272372
17,80,"LYAGOUBI, MOHAMED AMINE",Amarilla,S.D. CRUCES,1272372
17,86,"DOMINGUEZ VAZQUEZ, CRISTIAN",Amarilla,S.D. CRUCES,1272372
17,89,"JACOME AMARANTE, IVAN",Amarilla,S.D. CRUCES,1272372
17,8,"CALVO DAFONTE, RAÚL",Amarilla,RODEIRO C.F.,1272367
17,82,"PENELA MONTOTO, CRISTIAN",Amarilla,RODEIRO C.F.,1272367
17,82,"MUIÑO BELLO, FERNANDO",Amarilla,S.D. DUBRA B,1272367
17,90'+5,"PAZOS MARTINEZ, ROBERTO",Amarilla,S.D. DUBRA B,1272367
17,999,"MUIÑO BELLO, FERNANDO",Amarilla,S.D. DUBRA B,1272367
17,45,"VAZQUEZ RAMOS, OMAR A",Amarilla,C.F. CIRE DE MELIDE,1272371
17,42,"CASTIÑEIRAS PICHEL, ALBERTO",Amarilla,TRAZO C.F.,1272371
17,61,"NOYA BREA, ALVARO",Amarilla,TRAZO C.F.,1272371
17,73,"CANCELA CONDE, ALEJANDRO",Amarilla,TRAZO C.F.,1272371
17,42,"RENDO GUITIAN, ALEXANDRE",Amarilla,C.D. SAN MAMED,1272368
17,70,"GARCIA FERNANDEZ, SERGIO",Amarilla,C.D. SAN MAMED,1272368
17,93,"SOUTO RIAL, JOSE",Amarilla,C.D. SAN MAMED,1272368
17,65,"DOS SANTOS MARQUES, ALEANDRO",Amarilla,S.D. VILLESTRO,1272368
17,70,"LORENZO GARRIDO, JORGE",Amarilla,S.D. VILLESTRO,1272368
17,87,"LLOVO MATO, ALVARO",Amarilla,S.D. VILLESTRO,1272368
17,90'+3,"GONZALEZ CARBALLO, ANXO",Amarilla,S.D. VILLESTRO,1272368
17,90'+1,"VIDAL LOSA, ROBERTO",Amarilla,S.D. VILLESTRO,1272368
18,52,"ESPIÑO CUIÑA, LOIS",Amarilla,LAMELA C.F.,1187079
18,64,"CANABAL DE LA FUENTE, CRISTIAN",Amarilla,LAMELA C.F.,1187079
18,44,"RIVERO MONTOTO, NUNO",Amarilla,C.F. SILLEDA,1187080
18,63,"LOPEZ DE LA FUENTE, ELOI",Amarilla,C.F. SILLEDA,1187080
18,72,"ESPIÑO RODRIGUEZ, AARON",Amarilla,C.F. SILLEDA,1187080
18,51,"VILLAVERDE SIXTO, BRAIS",Amarilla,C.D.BELVIS,1187080
18,55,"MIGUEZ MEIJOMIL, MIGUEL",Amarilla,C.D.BELVIS,1187080
18,71,"FERNANDEZ PEREZ, JESUS DE BELEN",Amarilla,C.D.BELVIS,1187080
18,88,"ALDREY RODRIGUEZ, PABLO C",Amarilla,C.D.BELVIS,1187080
18,12,"MARTINEZ RODRIGUEZ, JOSE EMILIO",Amarilla,S.D. CACHEIRAS,1187081
18,88,"SALGUEIRO POMBO, DAVID",Amarilla,S.D. CACHEIRAS,1187081
18,90'+8,"FERNANDEZ NOGUEIRA, MANUEL",Roja,S.D. CACHEIRAS,1187081
18,55,"MARQUE PASEIRO, SAMUEL",Amarilla,C.D. SPORT TEAM ESTRADA,1187081
18,65,"CHEDAS DURAN, ALFONSO",Amarilla,C.D. SPORT TEAM ESTRADA,1187081
18,70,"FUENTES CORREA, MANUEL",Amarilla,C.D. SPORT TEAM ESTRADA,1187081
18,88,"IGLESIAS PALLAS, FERNANDO",Amarilla,C.D. SPORT TEAM ESTRADA,1187081
18,90'+8,"IGLESIAS PALLAS, FERNANDO",Roja,C.D. SPORT TEAM ESTRADA,1187081
18,22,"OTERO IGLESIAS, OSCAR",Amarilla,S.D. CRUCES,1187082
18,44,"LOPEZ REY, LEO",Amarilla,S.D. CRUCES,1187082
18,44,"DOMINGUEZ VAZQUEZ, JOSE ANGEL",Amarilla,S.D. CRUCES,1187082
18,76,"KHALLOUK EL AMRANI, MOHAMED",Amarilla,S.D. CRUCES,1187082
18,87,"SANTISO TORREIRO, RICARDO",Amarilla,S.D. CRUCES,1187082
18,60,"CARRIL CARREIRA, RAFAEL",Amarilla,SOCIEDADE DEPORTIVA O PINO,1187082
18,79,"VAZQUEZ CORRAL, JORGE",Amarilla,SOCIEDADE DEPORTIVA O PINO,1187082
18,90'+3,"LAREO MERA, LUCAS",Amarilla,SOCIEDADE DEPORTIVA O PINO,1187082
18,90'+3,"RIAL CHICO, DANIEL",Amarilla,SOCIEDADE DEPORTIVA O PINO,1187082
18,62,"DUBRA LORENZO, ALEJANDRO",Amarilla,S.D. DUBRA B,1187083
18,90'+7,"RODRIGUEZ LANDEIRA, SERGIO J",Amarilla,S.D. DUBRA B,1187083
18,90'+5,"BARDANCA REY, GONZALO",Amarilla,S.D. DUBRA B,1187083
18,30,"CALVO CUTRIN, RAUL",Amarilla,S.D.C. RECESENDE,1187083
18,52,"JIMÉNEZ ALBARRAN, SERGIO",Amarilla,S.D.C. RECESENDE,1187083
18,24,"GOMEZ FERNANDEZ, SIMON",Amarilla,TRAZO C.F.,1187084
18,79,"BECERRA VARELA, ESTEBAN",Amarilla,TRAZO C.F.,1187084
18,53,"BERNARDEZ VILAR, ALEJANDRO",Amarilla,RODEIRO C.F.,1187084
18,90'+5,"CUÑARRO FERNÁNDEZ, PABLO",Amarilla,RODEIRO C.F.,1187084
18,43,"CASAL ALVAREZ, DAVID",Amarilla,C.D. SAN MAMED,1187086
18,48,"LOUZAO FERNANDEZ, MANUEL",Amarilla,C.D. SAN MAMED,1187086
18,33,"CASAL REBOLO, PEDRO J",Amarilla,U.D. VAL DO ULLA,1187086
18,52,"NEIRA CARPINTEIRO, PABLO",Amarilla,U.D. VAL DO ULLA,1187086
18,52,"BESADA REY, NICOLAS",Amarilla,U.D. VAL DO ULLA,1187086
18,73,"ROMARÍS CAMPAÑA, ALBERTO",Amarilla,U.D. VAL DO ULLA,1187086
19,16,"TAIBO MERA, FRANCISCO",Amarilla,U.D. VAL DO ULLA,1187087
19,58,"CASAL REBOLO, PEDRO J",Amarilla,U.D. VAL DO ULLA,1187087
19,59,"ROMARÍS CAMPAÑA, ALBERTO",Amarilla,U.D. VAL DO ULLA,1187087
19,70,"PAZ CARRACEDO, ANXO",Amarilla,U.D. VAL DO ULLA,1187087
19,71,"NEIRA CARPINTEIRO, PABLO",Amarilla,U.D. VAL DO ULLA,1187087
19,84,"TAIBO MERA, FRANCISCO",Amarilla,U.D. VAL DO ULLA,1187087
19,90'+1,"AMBOAGE VILLAR, IVAN",Amarilla,U.D. VAL DO ULLA,1187087
19,60,"ABONJO BOUZAS, ALEJANDRO",Amarilla,LAMELA C.F.,1187087
19,86,"RODRIGUEZ FARIÑA, ALEJANDRO",Amarilla,LAMELA C.F.,1187087
19,90'+3,"PEREIRAS PEREIRO, RAFAEL",Amarilla,A.C.U.D. CAMPORRAPADO,1187088
19,70,"RIELO COUSO, HUGO",Amarilla,C.F. SILLEDA,1187088
19,90,"RIVERO MONTOTO, NUNO",Amarilla,C.F. SILLEDA,1187088
19,67,"RUZA VAZQUEZ, BRAIS",Amarilla,C.D.BELVIS,1187089
19,70,"CRESPO ALONSO, JOSE ANTONIO",Amarilla,C.D.BELVIS,1187089
19,79,"SANTIAGO RIVAS, MARIO",Amarilla,C.D.BELVIS,1187089
19,90'+2,"PROL BREA, DIEGO",Amarilla,C.D.BELVIS,1187089
19,11,"MARTINEZ RODRIGUEZ, JOSE EMILIO",Amarilla,S.D. CACHEIRAS,1187089
19,49,"FERREIRO RODRIGUEZ, YAGO",Amarilla,S.D. CACHEIRAS,1187089
19,80,"SALGUEIRO POMBO, DAVID",Amarilla,S.D. CACHEIRAS,1187089
19,2,"GONZALEZ SANCHEZ, ALEJANDRO",Amarilla,S.D. CRUCES,1187090
19,33,"TRILLO BUJAN, ISAAC",Amarilla,SOCIEDADE DEPORTIVA O PINO,1187091
19,63,"PAZO DURO, JAVIER",Amarilla,SOCIEDADE DEPORTIVA O PINO,1187091
19,999,"LAREO MERA, LUCAS",Amarilla,SOCIEDADE DEPORTIVA O PINO,1187091
19,999,"CANABAL CASTRO, ISMAEL",Amarilla,SOCIEDADE DEPORTIVA O PINO,1187091
19,15,"GARCIA MARROZOS, XABIER",Amarilla,S.D. DUBRA B,1187091
19,22,"CERNADAS NOYA, LUCAS",Amarilla,S.D. DUBRA B,1187091
19,33,"CERNADAS NOYA, LUCAS",Amarilla,S.D. DUBRA B,1187091
19,34,"DUBRA LORENZO, ALEJANDRO",Amarilla,S.D. DUBRA B,1187091
19,58,"IGLESIAS DOMINGUEZ, OSCAR",Amarilla,S.D. DUBRA B,1187091
19,85,"RODRIGUEZ LANDEIRA, SERGIO J",Amarilla,S.D. DUBRA B,1187091
19,88,"LIÑARES NOYA, FABIAN",Amarilla,S.D. DUBRA B,1187091
19,90'+8,"PAZOS MARTINEZ, ROBERTO",Amarilla,S.D. DUBRA B,1187091
19,90'+6,"BALEATO IGLESIAS, GONZALO",Amarilla,S.D. DUBRA B,1187091
19,50,"VILAS CONSTANTINO, ADRIAN",Amarilla,S.D.C. RECESENDE,1187092
19,74,"FRANCO SANMARTIN, CARLOS L",Amarilla,S.D.C. RECESENDE,1187092
19,90'+6,"IGLESIAS DURO, LUIS",Amarilla,S.D.C. RECESENDE,1187092
19,50,"CEBEY DE LA TORRE, MANUEL",Amarilla,TRAZO C.F.,1187092
19,66,"CANCELA CONDE, ALEJANDRO",Amarilla,TRAZO C.F.,1187092
19,69,"FERREIRA PARENTE, RAUL",Amarilla,TRAZO C.F.,1187092
19,72,"BELENDA GABIN, JORGE",Amarilla,TRAZO C.F.,1187092
19,8,"BERNARDEZ VILAR, ALEJANDRO",Amarilla,RODEIRO C.F.,1187093
19,45,"PENELA MONTOTO, CRISTIAN",Amarilla,RODEIRO C.F.,1187093
19,75,"CUÑARRO FERNÁNDEZ, PABLO",Amarilla,RODEIRO C.F.,1187093
19,81,"GARCIA VENCE, JOSE MANUEL",Amarilla,RODEIRO C.F.,1187093
19,26,"ZAGATO PEREIRA, JOAO VITOR",Amarilla,S.D. VILLESTRO,1187093
19,33,"PEREZ MARCOS, VICTOR",Amarilla,S.D. VILLESTRO,1187093
19,44,"GONZALEZ CARBALLO, ANXO",Amarilla,S.D. VILLESTRO,1187093
19,68,"DOS SANTOS MARQUES, ALEANDRO",Amarilla,S.D. VILLESTRO,1187093
19,68,"PEROL SEOANE, MICHAEL",Roja,S.D. VILLESTRO,1187093
19,75,"FIGUEIRAS PORTELA, FERNANDO",Amarilla,S.D. VILLESTRO,1187093
19,28,"MOSTEIRO GARCIA, SERGIO",Amarilla,C.F. CIRE DE MELIDE,1187094
19,32,"RENDO OUZANDE, XAVIER",Amarilla,C.D. SAN MAMED,1187094
19,37,"LOPEZ REY, JOSE LUIS",Amarilla,C.D. SAN MAMED,1187094
19,64,"MACEIRA MATO, ALFONSO",Amarilla,C.D. SAN MAMED,1187094
20,33,"SUAREZ PEON, DIEGO",Amarilla,C.F. SILLEDA,1187095
20,52,"RIELO COUSO, HUGO",Amarilla,C.F. SILLEDA,1187095
20,72,"NUÑEZ GONZALEZ, MIGUEL",Amarilla,C.F. SILLEDA,1187095
20,26,"PEITEADO MOLEDO, SERGIO",Amarilla,LAMELA C.F.,1187095
20,44,"DOVAL GARCIA, ION",Amarilla,LAMELA C.F.,1187095
20,63,"FIGUEIRAS GAGO, ALEJANDRO",Amarilla,LAMELA C.F.,1187095
20,90'+2,"BOUZAS MOSQUERA, MANUEL",Amarilla,S.D. CACHEIRAS,1187096
20,42,"GARCIA CASAL, IVAN",Amarilla,A.C.U.D. CAMPORRAPADO,1187096
20,89,"MONTERO CEBEIRO, BENJAMIN",Amarilla,A.C.U.D. CAMPORRAPADO,1187096
20,23,"DOMINGUEZ VAZQUEZ, CRISTIAN",Amarilla,S.D. CRUCES,1187097
20,75,"DOMINGUEZ VAZQUEZ, JOSE ANGEL",Amarilla,S.D. CRUCES,1187097
20,76,"JACOME AMARANTE, IVAN",Amarilla,S.D. CRUCES,1187097
20,84,"SANMARTIN GARCIA, MARCOS",Amarilla,S.D. CRUCES,1187097
20,75,"BAÑA TOME, ALEJANDRO",Amarilla,C.D.BELVIS,1187097
20,85,"FERNANDEZ PEREZ, JESUS DE BELEN",Amarilla,C.D.BELVIS,1187097
20,37,"LIÑARES NOYA, FABIAN",Amarilla,S.D. DUBRA B,1187098
20,77,"LIÑARES NOYA, FABIAN",Amarilla,S.D. DUBRA B,1187098
20,30,"CASTIÑEIRAS PICHEL, ALBERTO",Amarilla,TRAZO C.F.,1187099
20,58,"FARIÑAS LOPEZ, ALEJANDRO",Amarilla,SOCIEDADE DEPORTIVA O PINO,1187099
20,62,"VAZQUEZ CORRAL, JORGE",Amarilla,SOCIEDADE DEPORTIVA O PINO,1187099
20,88,"PORTOS VILLAR, BORJA",Amarilla,SOCIEDADE DEPORTIVA O PINO,1187099
20,66,"PAN PEREZ PUJOL, PABLO",Amarilla,S.D. VILLESTRO,1187100
20,87,"RODRIGUEZ GONZALEZ, YAGO",Amarilla,S.D. VILLESTRO,1187100
20,89,"LLOVO MATO, ALVARO",Amarilla,S.D. VILLESTRO,1187100
20,57,"NUÑEZ BARRAL, SEBASTIAN",Amarilla,S.D.C. RECESENDE,1187100
20,64,"TEMBRA SOUTO, SANTIAGO",Amarilla,S.D.C. RECESENDE,1187100
20,25,"GARCIA SA, JOSE ANTONIO",Amarilla,RODEIRO C.F.,1187101
20,36,"GARCIA COSTOYA, JORGE",Amarilla,C.F. CIRE DE MELIDE,1187102
20,89,"PRADO VAZQUEZ, XIAN",Amarilla,C.F. CIRE DE MELIDE,1187102
20,16,"FREIRIA LOPEZ, JORGE",Amarilla,U.D. VAL DO ULLA,1187102
21,74,"PICANS REY, HUGO",Amarilla,C.F. SILLEDA,1187103
21,17,"SANIN CARBIA, ALBERTO",Amarilla,LAMELA C.F.,1187104
21,25,"FIGUEIRAS GAGO, ALEJANDRO",Amarilla,LAMELA C.F.,1187104
21,77,"CANABAL DE LA FUENTE, CRISTIAN",Amarilla,LAMELA C.F.,1187104
21,77,"ESPIÑO CUIÑA, LOIS",Amarilla,LAMELA C.F.,1187104
21,41,"FARIÑA BRAVO, ADRIAN",Amarilla,S.D. CACHEIRAS,1187104
21,89,"BOUZAS MOSQUERA, MANUEL",Amarilla,S.D. CACHEIRAS,1187104
21,33,"SANMARTIN LAREO, MANUEL ANGEL",Amarilla,A.C.U.D. CAMPORRAPADO,1187105
21,87,"MILLAN OCAMPO, JOSE ANTONIO",Roja,A.C.U.D. CAMPORRAPADO,1187105
21,90'+1,"PEREIRAS PEREIRO, RAFAEL",Amarilla,A.C.U.D. CAMPORRAPADO,1187105
21,28,"FERNANDEZ REBOREDO, JUAN",Amarilla,S.D. CRUCES,1187105
21,52,"LYAGOUBI, MOHAMED AMINE",Amarilla,S.D. CRUCES,1187105
21,53,"OTERO IGLESIAS, OSCAR",Amarilla,S.D. CRUCES,1187105
21,62,"GONZALEZ SANCHEZ, ALEJANDRO",Amarilla,S.D. CRUCES,1187105
21,70,"ROIBAS MOURIÑO, DANIEL",Amarilla,S.D. CRUCES,1187105
21,75,"CANGAS COSTA, DIEGO",Amarilla,S.D. CRUCES,1187105
21,35,"GUTIERREZ VAZQUEZ, EDUARDO",Amarilla,C.D.BELVIS,1187106
21,38,"PROL BREA, DIEGO",Amarilla,C.D.BELVIS,1187106
21,51,"RUZA VAZQUEZ, BRAIS",Amarilla,C.D.BELVIS,1187106
21,80,"FRANCOS CREGO, JULIAN",Amarilla,C.D.BELVIS,1187106
21,59,"RIVAS SUAREZ, MARTIN",Amarilla,S.D. DUBRA B,1187106
21,70,"BARDANCA REY, GONZALO",Amarilla,S.D. DUBRA B,1187106
21,74,"CERNADAS NOYA, LUCAS",Amarilla,S.D. DUBRA B,1187106
21,82,"GARCIA MARROZOS, XABIER",Amarilla,S.D. DUBRA B,1187106
21,76,"LOPEZ PEDREIRA, SERGIO",Amarilla,C.D. SPORT TEAM ESTRADA,1187107
21,11,"VILARES TARRIO, BRAIS",Roja,TRAZO C.F.,1187107
21,11,"DOMÍNGUEZ COSTA, ALEJANDRO",Amarilla,TRAZO C.F.,1187107
21,14,"DOMÍNGUEZ COSTA, ALEJANDRO",Amarilla,TRAZO C.F.,1187107
21,70,"CASTIÑEIRAS PICHEL, ALBERTO",Amarilla,TRAZO C.F.,1187107
21,76,"GOMEZ FERNANDEZ, SIMON",Amarilla,TRAZO C.F.,1187107
21,30,"FUENTES PARRA, DANIEL",Amarilla,SOCIEDADE DEPORTIVA O PINO,1187108
21,78,"LAREO MERA, LUCAS",Amarilla,SOCIEDADE DEPORTIVA O PINO,1187108
21,17,"DOS SANTOS MARQUES, ALEANDRO",Amarilla,S.D. VILLESTRO,1187108
21,20,"DE SOUSA OLIVEIRA, THIAGO",Amarilla,S.D. VILLESTRO,1187108
21,38,"RODRIGUEZ GONZALEZ, YAGO",Amarilla,S.D. VILLESTRO,1187108
21,45'+2,"IGLESIAS DURO, LUIS",Amarilla,S.D.C. RECESENDE,1187109
21,75,"VILAS CONSTANTINO, BORJA",Amarilla,S.D.C. RECESENDE,1187109
21,8,"CHAS BROCOS, IAGO SENEN",Amarilla,C.D. SAN MAMED,1187109
21,29,"VILA IGLESIAS, JORDAN",Amarilla,C.D. SAN MAMED,1187109
21,43,"RENDO OUZANDE, XAVIER",Amarilla,C.D. SAN MAMED,1187109
21,50,"PENELA MONTOTO, CRISTIAN",Amarilla,RODEIRO C.F.,1187110
21,65,"BARCALA FERNANDEZ, RODRIGO",Amarilla,RODEIRO C.F.,1187110
21,88,"RODRIGUEZ RODRIGUEZ, JACOBO",Amarilla,C.F. CIRE DE MELIDE,1187110
22,74,"FUENTES IGLESIAS, CARLOS",Amarilla,S.D. CRUCES,1187112
22,67,"CANABAL DE LA FUENTE, CRISTIAN",Amarilla,LAMELA C.F.,1187112
22,72,"DOVAL GARCIA, ION",Amarilla,LAMELA C.F.,1187112
22,49,"RIVAS SUAREZ, MARTIN",Amarilla,S.D. DUBRA B,1187113
22,85,"RODRIGUEZ LANDEIRA, SERGIO J",Amarilla,S.D. DUBRA B,1187113
22,64,"PEREIRAS PEREIRO, RAFAEL",Amarilla,A.C.U.D. CAMPORRAPADO,1187113
22,90'+2,"VIEITES BOUZON, MARTIN",Amarilla,A.C.U.D. CAMPORRAPADO,1187113
22,11,"ARIAS GARCIA, SERGIO",Amarilla,TRAZO C.F.,1187114
22,28,"BELENDA GABIN, JORGE",Amarilla,TRAZO C.F.,1187114
22,60,"NOYA BREA, ALVARO",Amarilla,TRAZO C.F.,1187114
22,61,"CASTIÑEIRAS PICHEL, ALBERTO",Amarilla,TRAZO C.F.,1187114
22,67,"POSE ANTELO, ALVARO",Amarilla,TRAZO C.F.,1187114
22,81,"RIAL GARCIA, SEBASTIAN",Amarilla,TRAZO C.F.,1187114
22,82,"CEBEY DE LA TORRE, MANUEL",Amarilla,TRAZO C.F.,1187114
22,88,"GARABATO RUIBAL, ANGEL",Amarilla,TRAZO C.F.,1187114
22,60,"VILLAVERDE SIXTO, BRAIS",Amarilla,C.D.BELVIS,1187114
22,81,"IGLESIAS QUINTEIRO, JOSE RAMON",Amarilla,C.D.BELVIS,1187114
22,30,"GONZALEZ CARBALLO, ANXO",Amarilla,S.D. VILLESTRO,1187115
22,59,"GONZALEZ CALVELO, LEO",Amarilla,S.D. VILLESTRO,1187115
22,78,"PEREZ MARCOS, VICTOR",Amarilla,S.D. VILLESTRO,1187115
22,73,"FUENTES CORREA, MANUEL",Amarilla,C.D. SPORT TEAM ESTRADA,1187115
22,36,"CANABAL PARADA, RUBEN",Amarilla,C.D. SAN MAMED,1187116
22,57,"SOUTO RIAL, JOSE",Amarilla,C.D. SAN MAMED,1187116
22,69,"MACEIRA MATO, ALFONSO",Amarilla,C.D. SAN MAMED,1187116
22,70,"VAZQUEZ PEÑA, JOSE L",Amarilla,C.D. SAN MAMED,1187116
22,75,"PEREZ MARTINEZ, SAMUEL",Amarilla,C.D. SAN MAMED,1187116
22,20,"VILLAR VILLAR, IVAN",Amarilla,SOCIEDADE DEPORTIVA O PINO,1187116
22,69,"PORTOS VILLAR, BORJA",Amarilla,SOCIEDADE DEPORTIVA O PINO,1187116
22,90'+4,"CARRIL CARREIRA, RAFAEL",Amarilla,SOCIEDADE DEPORTIVA O PINO,1187116
22,71,"POLO ABAD, ASIER",Amarilla,C.F. CIRE DE MELIDE,1187117
22,0,"OTERO UZAL, DANIEL",Amarilla,S.D.C. RECESENDE,1187117
22,8,"VILAS CONSTANTINO, ADRIAN",Amarilla,S.D.C. RECESENDE,1187117
22,82,"GARCIA DURAN, RUBEN",Amarilla,S.D.C. RECESENDE,1187117
22,40,"LAMAZARES CASERO, ALBERTO",Amarilla,RODEIRO C.F.,1187118
22,45,"GARCIA VENCE, JOSE MANUEL",Amarilla,RODEIRO C.F.,1187118
22,70,"LÓPEZ MÉNDEZ, MARCOS",Amarilla,RODEIRO C.F.,1187118
22,80,"CANGADO VILLAMARIN, CARLOS",Amarilla,RODEIRO C.F.,1187118
22,999,"GONZALEZ HERMIDA, DAVID",Amarilla,RODEIRO C.F.,1187118
22,999,"PENELA MONTOTO, CRISTIAN",Amarilla,RODEIRO C.F.,1187118
22,999,"TAIBO MERA, FRANCISCO",Amarilla,U.D. VAL DO ULLA,1187118
22,999,"CANICOBA BERNARDEZ, BRAIS",Amarilla,U.D. VAL DO ULLA,1187118
22,999,"TORRES TEIXEIRA, ALEXANDRE",Amarilla,U.D. VAL DO ULLA,1187118
23,34,"SANJUAS CASAL, SERGIO",Amarilla,U.D. VAL DO ULLA,1187119
23,54,"NEIRA TORRES, JOSE MANUEL",Amarilla,U.D. VAL DO ULLA,1187119
23,54,"FARIÑA BRAVO, ADRIAN",Amarilla,S.D. CACHEIRAS,1187119
23,61,"LOPEZ DE LA FUENTE, ELOI",Amarilla,C.F. SILLEDA,1187120
23,77,"JAR PENIDO, ALVARO",Amarilla,C.F. SILLEDA,1187120
23,87,"FERREIRO ESPANTOSO, DIEGO",Amarilla,C.F. SILLEDA,1187120
23,90'+1,"CURINI RODRÍGUEZ, ROBERTO",Amarilla,C.F. SILLEDA,1187120
23,58,"DOMINGUEZ VAZQUEZ, JOSE ANGEL",Amarilla,S.D. CRUCES,1187120
23,60,"GOMEZ LOPEZ, GONZALO",Amarilla,S.D. CRUCES,1187120
23,42,"CASTRO DOMINGUEZ, FRANCISCO",Amarilla,LAMELA C.F.,1187121
23,42,"FUENTES GOMEZ, ADRIAN",Amarilla,LAMELA C.F.,1187121
23,60,"GARCIA CARRERA, MANUEL",Amarilla,LAMELA C.F.,1187121
23,66,"ESPIÑO CUIÑA, LOIS",Amarilla,LAMELA C.F.,1187121
23,12,"RODRIGUEZ BLANCO, BRAIS",Amarilla,S.D. DUBRA B,1187121
23,40,"CERNADAS NOYA, LUCAS",Amarilla,S.D. DUBRA B,1187121
23,88,"LIÑARES NOYA, FABIAN",Amarilla,S.D. DUBRA B,1187121
23,30,"VILARES TARRIO, BRAIS",Amarilla,TRAZO C.F.,1187122
23,39,"NOYA BREA, ALVARO",Amarilla,TRAZO C.F.,1187122
23,39,"NOYA GARCIA, OSCAR",Roja,TRAZO C.F.,1187122
23,60,"BELENDA GABIN, JORGE",Amarilla,TRAZO C.F.,1187122
23,82,"NOYA BREA, ALVARO",Amarilla,TRAZO C.F.,1187122
23,45,"FERNANDEZ PEREZ, JESUS DE BELEN",Amarilla,C.D.BELVIS,1187123
23,60,"SANTIAGO RIVAS, MARIO",Amarilla,C.D.BELVIS,1187123
23,16,"VILLA MARIÑO, SERGIO",Amarilla,S.D. VILLESTRO,1187123
23,45,"PAN PEREZ PUJOL, PABLO",Amarilla,S.D. VILLESTRO,1187123
23,85,"LORENZO GARRIDO, JORGE",Amarilla,S.D. VILLESTRO,1187123
23,83,"MUÑIZ SANMARTIN, EDUARDO",Roja,C.D. SPORT TEAM ESTRADA,1187124
23,85,"GOMEZ CORA, ADRIAN",Amarilla,C.D. SPORT TEAM ESTRADA,1187124
23,85,"MARQUE PASEIRO, SAMUEL",Amarilla,C.D. SPORT TEAM ESTRADA,1187124
23,89,"PEREZ MARTINEZ, SAMUEL",Amarilla,C.D. SAN MAMED,1187124
23,78,"CENDON GONZALEZ, JOSE",Amarilla,SOCIEDADE DEPORTIVA O PINO,1187125
23,34,"VAZQUEZ RAMOS, OMAR A",Amarilla,C.F. CIRE DE MELIDE,1187125
23,73,"MONTERROSO GOMEZ, SERGIO",Amarilla,C.F. CIRE DE MELIDE,1187125
23,63,"OTERO ARIAS, JOSE L",Amarilla,RODEIRO C.F.,1187126
23,86,"BARCALA FERNANDEZ, RODRIGO",Amarilla,RODEIRO C.F.,1187126
23,90,"LAMAZARES CASERO, ALBERTO",Amarilla,RODEIRO C.F.,1187126
24,30,"JACOME AMARANTE, IVAN",Amarilla,S.D. CRUCES,1187127
24,65,"DOMINGUEZ VAZQUEZ, CRISTIAN",Amarilla,S.D. CRUCES,1187127
24,14,"SALGUEIRO POMBO, DAVID",Amarilla,S.D. CACHEIRAS,1187127
24,20,"ROMERO DURO, SANDRO",Amarilla,S.D. CACHEIRAS,1187127
24,51,"VAAMONDE CALVIÑO, MANUEL",Amarilla,S.D. CACHEIRAS,1187127
24,61,"MARTINEZ RODRIGUEZ, JOSE EMILIO",Amarilla,S.D. CACHEIRAS,1187127
24,60,"PARAFITA BOQUETE, ANGEL",Amarilla,S.D. DUBRA B,1187128
24,65,"RODRIGUEZ LANDEIRA, SERGIO J",Amarilla,S.D. DUBRA B,1187128
24,78,"VÁZQUEZ FERNÁNDEZ, ROBERTO",Amarilla,S.D. DUBRA B,1187128
24,89,"PARAFITA BOQUETE, ANGEL",Amarilla,S.D. DUBRA B,1187128
24,45'+2,"NUÑEZ GONZALEZ, MIGUEL",Amarilla,C.F. SILLEDA,1187128
24,70,"PEREZ FERNANDEZ, NUNO",Amarilla,C.F. SILLEDA,1187128
24,6,"CASTIÑEIRAS PICHEL, ALBERTO",Amarilla,TRAZO C.F.,1187129
24,44,"BECERRA MALLO, ADRIAN",Amarilla,TRAZO C.F.,1187129
24,82,"CANCELA CONDE, ALEJANDRO",Amarilla,TRAZO C.F.,1187129
24,87,"CASTIÑEIRAS PICHEL, ALBERTO",Roja,TRAZO C.F.,1187129
24,89,"VILARES TARRIO, BRAIS",Amarilla,TRAZO C.F.,1187129
24,30,"COUSELO GONZALEZ, ADRIAN",Amarilla,S.D. VILLESTRO,1187130
24,40,"LORENZO GARRIDO, JORGE",Amarilla,S.D. VILLESTRO,1187130
24,57,"GONZALEZ CALVELO, LEO",Amarilla,S.D. VILLESTRO,1187130
24,76,"VILLA MARIÑO, SERGIO",Amarilla,S.D. VILLESTRO,1187130
24,40,"DE LA FUENTE SUAREZ, RUBEN",Amarilla,A.C.U.D. CAMPORRAPADO,1187130
24,42,"ALDREY GONTAD, XIAN",Amarilla,A.C.U.D. CAMPORRAPADO,1187130
24,55,"RAMOS REY, NOEL",Amarilla,A.C.U.D. CAMPORRAPADO,1187130
24,83,"SANMARTIN LAREO, MANUEL ANGEL",Amarilla,A.C.U.D. CAMPORRAPADO,1187130
24,67,"SOUTO RIAL, JOSE",Amarilla,C.D. SAN MAMED,1187131
24,84,"REY CALVO, BRAIS",Amarilla,C.D. SAN MAMED,1187131
24,90'+2,"RENDO GUITIAN, ALEXANDRE",Amarilla,C.D. SAN MAMED,1187131
24,17,"GUTIERREZ VAZQUEZ, EDUARDO",Amarilla,C.D.BELVIS,1187131
24,63,"RUZA VAZQUEZ, BRAIS",Amarilla,C.D.BELVIS,1187131
24,51,"MOSTEIRO GOMEZ, ADRIAN",Amarilla,C.F. CIRE DE MELIDE,1187132
24,55,"GARCIA COSTOYA, JORGE",Roja,C.F. CIRE DE MELIDE,1187132
24,86,"MONTERROSO GOMEZ, SERGIO",Amarilla,C.F. CIRE DE MELIDE,1187132
24,45'+1,"FUENTES CORREA, MANUEL",Amarilla,C.D. SPORT TEAM ESTRADA,1187132
24,88,"FORTES OTERO, RAFAEL",Amarilla,C.D. SPORT TEAM ESTRADA,1187132
24,67,"GONZALEZ HERMIDA, DAVID",Amarilla,RODEIRO C.F.,1187133
24,90'+5,"PENELA MONTOTO, CRISTIAN",Amarilla,RODEIRO C.F.,1187133
24,90'+5,"VAZQUEZ CORRAL, JORGE",Amarilla,SOCIEDADE DEPORTIVA O PINO,1187133
24,90,"CANABAL CASTRO, ISMAEL",Amarilla,SOCIEDADE DEPORTIVA O PINO,1187133
24,35,"VILAS CONSTANTINO, BORJA",Amarilla,S.D.C. RECESENDE,1187134
24,52,"ROSENDE MARTINEZ, ALEJANDRO",Amarilla,S.D.C. RECESENDE,1187134
24,60,"TEMBRA SOUTO, SANTIAGO",Amarilla,S.D.C. RECESENDE,1187134
24,63,"NUÑEZ BARRAL, SEBASTIAN",Amarilla,S.D.C. RECESENDE,1187134
24,71,"ALDREY MÍGUEZ, MANUEL",Amarilla,S.D.C. RECESENDE,1187134
24,79,"NUÑEZ BARRAL, SEBASTIAN",Amarilla,S.D.C. RECESENDE,1187134
24,79,"JIMÉNEZ ALBARRAN, SERGIO",Roja,S.D.C. RECESENDE,1187134
24,81,"MIGUEZ REY, MICHAEL",Amarilla,S.D.C. RECESENDE,1187134
24,30,"CALVIÑO IGLESIAS, PABLO",Amarilla,U.D. VAL DO ULLA,1187134
24,32,"NEIRA TORRES, JOSE MANUEL",Amarilla,U.D. VAL DO ULLA,1187134
24,70,"CERDEIRA OTERO, ANDRE",Amarilla,U.D. VAL DO ULLA,1187134
24,71,"NEIRA CARPINTEIRO, PABLO",Amarilla,U.D. VAL DO ULLA,1187134
24,79,"NEIRA CARPINTEIRO, PABLO",Amarilla,U.D. VAL DO ULLA,1187134
24,86,"TORRES TEIXEIRA, ALEXANDRE",Amarilla,U.D. VAL DO ULLA,1187134
25,56,"CANICOBA BERNARDEZ, BRAIS",Amarilla,U.D. VAL DO ULLA,1187135
25,52,"FUENTES IGLESIAS, CARLOS",Amarilla,S.D. CRUCES,1187135
25,90'+2,"GONZALEZ EIRAS, FABIO J",Amarilla,S.D. CRUCES,1187135
25,90,"LYAGOUBI, MOHAMED AMINE",Amarilla,S.D. CRUCES,1187135
25,61,"CARBALLAL MONTEAGUDO, SAUL",Amarilla,S.D. CACHEIRAS,1187136
25,90'+1,"FERREIRO RODRIGUEZ, YAGO",Amarilla,S.D. CACHEIRAS,1187136
25,36,"RODRIGUEZ LANDEIRA, SERGIO J",Amarilla,S.D. DUBRA B,1187136
25,48,"BALEATO DOMINGUEZ, MARCO",Amarilla,S.D. DUBRA B,1187136
25,61,"PARAMA SUAREZ, DAVID RAFAEL",Amarilla,S.D. DUBRA B,1187136
25,82,"CERNADAS NOYA, LUCAS",Amarilla,S.D. DUBRA B,1187136
25,46,"GONZALEZ CURRAS, LUIS",Amarilla,C.F. SILLEDA,1187137
25,69,"GONZALEZ PICHEL, LUIS",Amarilla,C.F. SILLEDA,1187137
25,78,"NUÑEZ GONZALEZ, MIGUEL",Amarilla,C.F. SILLEDA,1187137
25,86,"FERREIRO ESPANTOSO, DIEGO",Amarilla,C.F. SILLEDA,1187137
25,40,"BELENDA GABIN, JORGE",Amarilla,TRAZO C.F.,1187137
25,49,"ARIAS GARCIA, SERGIO",Amarilla,TRAZO C.F.,1187137
25,52,"BECERRA MALLO, ADRIAN",Amarilla,TRAZO C.F.,1187137
25,87,"FERREIRA PARENTE, RAUL",Amarilla,TRAZO C.F.,1187137
25,89,"GARABATO RUIBAL, ANGEL",Amarilla,TRAZO C.F.,1187137
25,90'+4,"CEBEY DE LA TORRE, MANUEL",Amarilla,TRAZO C.F.,1187137
25,90'+2,"CASTRO OTERO, SAMUEL",Amarilla,TRAZO C.F.,1187137
25,69,"GARCIA CARRERA, MANUEL",Amarilla,LAMELA C.F.,1187138
25,51,"PEREZ MARCOS, VICTOR",Amarilla,S.D. VILLESTRO,1187138
25,61,"ALDREY GONTAD, XIAN",Amarilla,A.C.U.D. CAMPORRAPADO,1187139
25,14,"GUTIERREZ VAZQUEZ, EDUARDO",Amarilla,C.D.BELVIS,1187140
25,29,"RODRIGUEZ VILAS, BRAIS",Amarilla,C.D.BELVIS,1187140
25,20,"VAZQUEZ NOVAS, MANUEL",Amarilla,C.F. CIRE DE MELIDE,1187140
25,90'+3,"MOSTEIRO GOMEZ, ADRIAN",Amarilla,C.F. CIRE DE MELIDE,1187140
25,40,"FUENTES CORREA, MANUEL",Amarilla,C.D. SPORT TEAM ESTRADA,1187141
25,49,"CUÑARRO FERNÁNDEZ, PABLO",Amarilla,RODEIRO C.F.,1187141
25,999,"PENELA MONTOTO, CRISTIAN",Roja,RODEIRO C.F.,1187141
25,60,"CEREIJO IGLESIAS, ALBERTO L",Amarilla,SOCIEDADE DEPORTIVA O PINO,1187142
25,62,"CARRIL CARREIRA, RAFAEL",Amarilla,SOCIEDADE DEPORTIVA O PINO,1187142
25,60,"VILAS CONSTANTINO, ADRIAN",Amarilla,S.D.C. RECESENDE,1187142
25,64,"ROSENDE MARTINEZ, ALEJANDRO",Amarilla,S.D.C. RECESENDE,1187142
25,89,"VILAS CONSTANTINO, BORJA",Roja,S.D.C. RECESENDE,1187142
25,90'+1,"VILAS CONSTANTINO, ADRIAN",Roja,S.D.C. RECESENDE,1187142
25,90,"GARCIA DURAN, RUBEN",Amarilla,S.D.C. RECESENDE,1187142
25,90,"ALDREY MÍGUEZ, MANUEL",Amarilla,S.D.C. RECESENDE,1187142
25,90,"CALVO CUTRIN, RAUL",Amarilla,S.D.C. RECESENDE,1187142
26,32,"VAZQUEZ BALBOA, XURXO",Amarilla,S.D. CRUCES,1187143
26,44,"DOMINGUEZ VAZQUEZ, JOSE ANGEL",Amarilla,S.D. CRUCES,1187143
26,90,"DOMINGUEZ VAZQUEZ, CRISTIAN",Amarilla,S.D. CRUCES,1187143
26,28,"POSE ANTELO, ALVARO",Amarilla,TRAZO C.F.,1187144
26,34,"BELENDA GABIN, JORGE",Amarilla,TRAZO C.F.,1187144
26,64,"GARABATO RUIBAL, ANGEL",Amarilla,TRAZO C.F.,1187144
26,67,"VILARES TARRIO, BRAIS",Amarilla,TRAZO C.F.,1187144
26,82,"NOYA BREA, ALVARO",Amarilla,TRAZO C.F.,1187144
26,85,"MARTINEZ RODRIGUEZ, JOSE EMILIO",Amarilla,S.D. CACHEIRAS,1187144
26,55,"SUAREZ PEON, DIEGO",Amarilla,C.F. SILLEDA,1187145
26,34,"RENDO GUITIAN, ALEXANDRE",Amarilla,C.D. SAN MAMED,1187146
26,32,"GOMEZ SANTISO, ALEJANDRO",Amarilla,LAMELA C.F.,1187146
26,78,"GARCIA CARRERA, MANUEL",Amarilla,LAMELA C.F.,1187146
26,89,"FIGUEIRAS GAGO, ALEJANDRO",Amarilla,LAMELA C.F.,1187146
26,89,"ABONJO BOUZAS, ALEJANDRO",Amarilla,LAMELA C.F.,1187146
26,28,"LOPEZ CANICOBA, FABIAN",Amarilla,A.C.U.D. CAMPORRAPADO,1187147
26,37,"BARCALA FERNANDEZ, RODRIGO",Amarilla,RODEIRO C.F.,1187148
26,82,"QUINTÁ GARCÍA, DAVID",Amarilla,RODEIRO C.F.,1187148
26,60,"SANTIAGO RIVAS, MARIO",Amarilla,C.D.BELVIS,1187148
26,70,"RUZA VAZQUEZ, BRAIS",Amarilla,C.D.BELVIS,1187148
26,90'+4,"RUZA VAZQUEZ, BRAIS",Amarilla,C.D.BELVIS,1187148
26,73,"MARTINS TERRON, WAGNER RONALDO",Amarilla,S.D.C. RECESENDE,1187149
26,65,"MUÑIZ SANMARTIN, EDUARDO",Amarilla,C.D. SPORT TEAM ESTRADA,1187149
26,76,"CARRIL CARREIRA, RAFAEL",Amarilla,SOCIEDADE DEPORTIVA O PINO,1187150
26,88,"GOMES TAVARES, RAFAEL ANDRE",Amarilla,SOCIEDADE DEPORTIVA O PINO,1187150
26,48,"TORRES TEIXEIRA, ALEXANDRE",Amarilla,U.D. VAL DO ULLA,1187150
27,68,"BESADA REY, NICOLAS",Amarilla,U.D. VAL DO ULLA,1187151
27,72,"CASAL REBOLO, PEDRO J",Amarilla,U.D. VAL DO ULLA,1187151
27,90'+3,"RODRIGUEZ NUÑEZ, XABIER",Amarilla,U.D. VAL DO ULLA,1187151
27,90,"RODRIGUEZ FERNANDEZ, ADRIAN",Amarilla,S.D. DUBRA B,1187151
27,79,"DOMINGUEZ VAZQUEZ, CRISTIAN",Amarilla,S.D. CRUCES,1187152
27,84,"OTERO IGLESIAS, OSCAR",Amarilla,S.D. CRUCES,1187152
27,33,"CASTIÑEIRAS PICHEL, ALBERTO",Amarilla,TRAZO C.F.,1187152
27,59,"CASTIÑEIRAS PICHEL, ALBERTO",Amarilla,TRAZO C.F.,1187152
27,60,"BERMUDEZ CID, CARLOS",Amarilla,TRAZO C.F.,1187152
27,75,"VILARES TARRIO, BRAIS",Amarilla,TRAZO C.F.,1187152
27,88,"NIETO GESTO, CARLOS",Amarilla,TRAZO C.F.,1187152
27,43,"SALGUEIRO POMBO, DAVID",Amarilla,S.D. CACHEIRAS,1187153
27,76,"BALSA VARELA, ALBERTO",Amarilla,S.D. CACHEIRAS,1187153
27,37,"PEREZ MARCOS, VICTOR",Amarilla,S.D. VILLESTRO,1187153
27,38,"ZAGATO PEREIRA, JOAO VITOR",Amarilla,S.D. VILLESTRO,1187153
27,43,"VILLA MARIÑO, SERGIO",Amarilla,S.D. VILLESTRO,1187153
27,45,"COUSELO GONZALEZ, ADRIAN",Amarilla,S.D. VILLESTRO,1187153
27,45,"DE SOUSA OLIVEIRA, THIAGO",Amarilla,S.D. VILLESTRO,1187153
27,60,"LLOVO MATO, ALVARO",Amarilla,S.D. VILLESTRO,1187153
27,62,"FERNANDEZ TABOADA, XOSE MANUEL",Amarilla,C.F. SILLEDA,1187154
27,73,"SUAREZ PEON, DIEGO",Amarilla,C.F. SILLEDA,1187154
27,71,"VILA IGLESIAS, JORDAN",Amarilla,C.D. SAN MAMED,1187154
27,12,"DOVAL GARCIA, ION",Roja,LAMELA C.F.,1187155
27,63,"ESPIÑO CUIÑA, LOIS",Amarilla,LAMELA C.F.,1187155
27,68,"FUENTES GOMEZ, ADRIAN",Amarilla,LAMELA C.F.,1187155
27,76,"CUIÑA IGLESIAS, DANIEL",Amarilla,LAMELA C.F.,1187155
27,87,"FIGUEIRAS GAGO, ALEJANDRO",Roja,LAMELA C.F.,1187155
27,90'+4,"MOSTEIRO GOMEZ, ADRIAN",Amarilla,C.F. CIRE DE MELIDE,1187155
27,76,"VILLAR MELLA, ROI",Amarilla,A.C.U.D. CAMPORRAPADO,1187156
27,67,"QUINTÁ GARCÍA, DAVID",Amarilla,RODEIRO C.F.,1187156
27,68,"PENELA MONTOTO, CRISTIAN",Roja,RODEIRO C.F.,1187156
27,34,"GUTIERREZ VAZQUEZ, EDUARDO",Amarilla,C.D.BELVIS,1187157
27,50,"GUTIERREZ VAZQUEZ, EDUARDO",Amarilla,C.D.BELVIS,1187157
27,53,"FERNANDEZ PEREZ, JESUS DE BELEN",Amarilla,C.D.BELVIS,1187157
27,84,"VILLAVERDE SIXTO, BRAIS",Amarilla,C.D.BELVIS,1187157
27,90,"MIGUEZ MEIJOMIL, MIGUEL",Amarilla,C.D.BELVIS,1187157
27,35,"VINSEIRO VILLAR, JOSE MANUEL",Amarilla,S.D.C. RECESENDE,1187157
27,40,"NUÑEZ BARRAL, SEBASTIAN",Amarilla,S.D.C. RECESENDE,1187157
27,40,"CALVO CUTRIN, RAUL",Amarilla,S.D.C. RECESENDE,1187157
27,57,"CEPEDA MENDOZA, ALEJANDRO",Amarilla,S.D.C. RECESENDE,1187157
27,79,"MOIMENTA MOHAMMED, MIGUEL",Amarilla,S.D.C. RECESENDE,1187157
27,13,"LOPEZ PEDREIRA, SERGIO",Amarilla,C.D. SPORT TEAM ESTRADA,1187158
27,81,"BARRUSO ARIAS, HUGO",Amarilla,C.D. SPORT TEAM ESTRADA,1187158
27,32,"CANABAL CASTRO, ISMAEL",Amarilla,SOCIEDADE DEPORTIVA O PINO,1187158
27,34,"MAESTRE CALVO, DAVID RAFAEL",Amarilla,SOCIEDADE DEPORTIVA O PINO,1187158
27,87,"GOMES TAVARES, RAFAEL ANDRE",Amarilla,SOCIEDADE DEPORTIVA O PINO,1187158
27,90'+6,"CENDON GONZALEZ, JOSE",Amarilla,SOCIEDADE DEPORTIVA O PINO,1187158
27,90'+1,"GARCIA SENRA, DIEGO",Amarilla,SOCIEDADE DEPORTIVA O PINO,1187158
28,88,"ARES BRENLLA, ALVARO",Amarilla,TRAZO C.F.,1187159
28,33,"RODRIGUEZ LANDEIRA, SERGIO J",Amarilla,S.D. DUBRA B,1187159
28,28,"VILLA MARIÑO, SERGIO",Amarilla,S.D. VILLESTRO,1187160
28,41,"VILLA MARTÍNEZ, JORGE",Amarilla,S.D. VILLESTRO,1187160
28,66,"PEREIRO MARTINEZ, PABLO",Amarilla,S.D. VILLESTRO,1187160
28,86,"VIDAL VALES, BORJA",Amarilla,S.D. VILLESTRO,1187160
28,87,"GONZALEZ CALVELO, LEO",Amarilla,S.D. VILLESTRO,1187160
28,13,"FUENTES IGLESIAS, CARLOS",Amarilla,S.D. CRUCES,1187160
28,19,"JACOME AMARANTE, IVAN",Amarilla,S.D. CRUCES,1187160
28,71,"DOMINGUEZ VAZQUEZ, CRISTIAN",Amarilla,S.D. CRUCES,1187160
28,71,"GONZALEZ SANCHEZ, ALEJANDRO",Amarilla,S.D. CRUCES,1187160
28,90'+2,"FERNANDEZ FERNANDEZ, CESAR",Amarilla,C.D. SAN MAMED,1187161
28,75,"DEL RIO SEBE, DAVID",Amarilla,S.D. CACHEIRAS,1187161
28,78,"CARBALLAL MONTEAGUDO, SAUL",Amarilla,S.D. CACHEIRAS,1187161
28,83,"MARTINEZ RODRIGUEZ, ALESSANDRO EDUARDO",Roja,S.D. CACHEIRAS,1187161
28,80,"MOSTEIRO GOMEZ, ADRIAN",Amarilla,C.F. CIRE DE MELIDE,1187162
28,84,"POLO ABAD, ASIER",Amarilla,C.F. CIRE DE MELIDE,1187162
28,80,"FERREIRO ESPANTOSO, DIEGO",Amarilla,C.F. SILLEDA,1187162
28,75,"BLANCO MIGUELEZ, ROMAN",Amarilla,RODEIRO C.F.,1187163
28,75,"CUÑARRO FERNÁNDEZ, PABLO",Amarilla,RODEIRO C.F.,1187163
28,81,"BARCALA FERNANDEZ, RODRIGO",Amarilla,RODEIRO C.F.,1187163
28,51,"CASTRO DOMINGUEZ, FRANCISCO",Amarilla,LAMELA C.F.,1187163
28,63,"GARCIA REY, ALEJANDRO",Amarilla,LAMELA C.F.,1187163
28,87,"FUENTES GOMEZ, ADRIAN",Amarilla,LAMELA C.F.,1187163
28,71,"NUÑEZ BARRAL, SEBASTIAN",Amarilla,S.D.C. RECESENDE,1187164
28,90'+1,"NOYA GOMEZ, DANIEL",Amarilla,S.D.C. RECESENDE,1187164
28,69,"SANMARTIN LAREO, MANUEL ANGEL",Amarilla,A.C.U.D. CAMPORRAPADO,1187164
28,73,"GOMEZ CORA, ADRIAN",Amarilla,C.D. SPORT TEAM ESTRADA,1187166
28,89,"CHEDAS DURAN, ALFONSO",Amarilla,C.D. SPORT TEAM ESTRADA,1187166
28,26,"NEIRA CARPINTEIRO, PABLO",Amarilla,U.D. VAL DO ULLA,1187166
28,73,"SANJUAS CASAL, SERGIO",Amarilla,U.D. VAL DO ULLA,1187166
28,88,"RAMOS CERNADAS, FRANCISCO J",Amarilla,U.D. VAL DO ULLA,1187166
29,16,"BECERRA MALLO, ADRIAN",Amarilla,TRAZO C.F.,1187167
29,36,"BELENDA GABIN, JORGE",Amarilla,TRAZO C.F.,1187167
29,43,"BECERRA MALLO, ADRIAN",Roja,TRAZO C.F.,1187167
29,43,"SANCHEZ CASTRO, SAMUEL",Amarilla,TRAZO C.F.,1187167
29,43,"NOYA GARCIA, OSCAR",Amarilla,TRAZO C.F.,1187167
29,43,"NOYA GARCIA, OSCAR",Roja,TRAZO C.F.,1187167
29,80,"CASTIÑEIRAS PICHEL, ALBERTO",Amarilla,TRAZO C.F.,1187167
29,81,"CANCELA CONDE, ALEJANDRO",Amarilla,TRAZO C.F.,1187167
29,999,"SANCHEZ CASTRO, SAMUEL",Amarilla,TRAZO C.F.,1187167
29,31,"LIÑARES NOYA, FABIAN",Amarilla,S.D. DUBRA B,1187168
29,61,"DUBRA LORENZO, ALEJANDRO",Amarilla,S.D. DUBRA B,1187168
29,63,"CERNADAS NOYA, LUCAS",Amarilla,S.D. DUBRA B,1187168
29,75,"PUGA QUINTANS, ALEJANDRO",Roja,S.D. DUBRA B,1187168
29,69,"ZAGATO PEREIRA, JOAO VITOR",Amarilla,S.D. VILLESTRO,1187168
29,70,"GONZALEZ CARBALLO, ANXO",Amarilla,S.D. VILLESTRO,1187168
29,49,"OTERO IGLESIAS, OSCAR",Amarilla,S.D. CRUCES,1187169
29,70,"JACOME AMARANTE, IVAN",Amarilla,S.D. CRUCES,1187169
29,34,"DA CONCEICAO ANTUNES, FELIPE MATHEUS",Amarilla,S.D. CACHEIRAS,1187170
29,45'+2,"BENITEZ SANHUEZA, LEONARDO",Amarilla,S.D. CACHEIRAS,1187170
29,50,"SALGUEIRO POMBO, DAVID",Amarilla,S.D. CACHEIRAS,1187170
29,78,"SOUTO BUJAN, JULIO",Amarilla,S.D. CACHEIRAS,1187170
29,84,"BERTUA FONTENLA, ALBERTO",Amarilla,S.D. CACHEIRAS,1187170
29,84,"VILASECO GARAZO, MARCOS",Amarilla,S.D. CACHEIRAS,1187170
29,84,"VILASECO GARAZO, MARCOS",Roja,S.D. CACHEIRAS,1187170
29,17,"MELLID MONTERROSO, MARTIN",Amarilla,C.F. CIRE DE MELIDE,1187170
29,65,"POLO ABAD, ASIER",Amarilla,C.F. CIRE DE MELIDE,1187170
29,90'+5,"PAMPIN NOGUEROL, DANIEL",Amarilla,C.F. CIRE DE MELIDE,1187170
29,79,"PENELA MONTOTO, CRISTIAN",Amarilla,RODEIRO C.F.,1187171
29,90'+1,"LAMAZARES CASERO, ALBERTO",Amarilla,RODEIRO C.F.,1187171
29,63,"FIGUEIRAS GAGO, ALEJANDRO",Amarilla,LAMELA C.F.,1187172
29,86,"LUGO PADIN, ESTEBAN",Amarilla,LAMELA C.F.,1187172
29,45,"NUÑEZ BARRAL, SEBASTIAN",Amarilla,S.D.C. RECESENDE,1187172
29,73,"MIGUEZ REY, MICHAEL",Amarilla,S.D.C. RECESENDE,1187172
29,73,"MOIMENTA MOHAMMED, MIGUEL",Amarilla,S.D.C. RECESENDE,1187172
29,84,"JIMÉNEZ ALBARRAN, SERGIO",Amarilla,S.D.C. RECESENDE,1187172
29,90'+6,"MIGUEZ REY, MICHAEL",Roja,S.D.C. RECESENDE,1187172
29,90'+2,"ROSENDE MARTINEZ, ALEJANDRO",Amarilla,S.D.C. RECESENDE,1187172
29,90'+6,"ROSENDE MARTINEZ, ALEJANDRO",Amarilla,S.D.C. RECESENDE,1187172
29,77,"VAZQUEZ CORRAL, JORGE",Amarilla,SOCIEDADE DEPORTIVA O PINO,1187173
29,13,"BAÑA TOME, ALEJANDRO",Amarilla,C.D.BELVIS,1187174
29,14,"VAZQUEZ POMAR, MARCOS",Amarilla,C.D.BELVIS,1187174
29,31,"GUTIERREZ VAZQUEZ, EDUARDO",Amarilla,C.D.BELVIS,1187174
29,34,"FERNANDEZ PEREZ, JESUS DE BELEN",Amarilla,C.D.BELVIS,1187174
29,37,"FARIÑAS FREIRE, OSCAR",Amarilla,C.D.BELVIS,1187174
29,45'+4,"GUTIERREZ VAZQUEZ, EDUARDO",Amarilla,C.D.BELVIS,1187174
29,79,"IGLESIAS QUINTEIRO, JOSE RAMON",Amarilla,C.D.BELVIS,1187174
29,44,"FORTES OTERO, RAFAEL",Amarilla,C.D. SPORT TEAM ESTRADA,1187174
29,81,"FIGUEIRAS GARCIA, PAULO",Amarilla,C.D. SPORT TEAM ESTRADA,1187174
30,27,"PEREIRO MARTINEZ, PABLO",Amarilla,S.D. VILLESTRO,1187175
30,36,"LLOVO MATO, ALVARO",Amarilla,S.D. VILLESTRO,1187175
30,36,"VIDAL VALES, BORJA",Amarilla,S.D. VILLESTRO,1187175
30,68,"LLOVO MATO, ALVARO",Amarilla,S.D. VILLESTRO,1187175
30,36,"VILARES TARRIO, BRAIS",Amarilla,TRAZO C.F.,1187175
30,55,"BELENDA GABIN, JORGE",Amarilla,TRAZO C.F.,1187175
30,77,"GOMEZ FERNANDEZ, SIMON",Amarilla,TRAZO C.F.,1187175
30,82,"FERNANDEZ FERNANDEZ, CESAR",Amarilla,C.D. SAN MAMED,1187176
30,999,"FERNANDEZ FERNANDEZ, CESAR",Amarilla,C.D. SAN MAMED,1187176
30,90'+6,"DUBRA LORENZO, ALEJANDRO",Amarilla,S.D. DUBRA B,1187176
30,30,"GARCIA SA, JOSE ANTONIO",Amarilla,RODEIRO C.F.,1187178
30,83,"PENELA MONTOTO, CRISTIAN",Amarilla,RODEIRO C.F.,1187178
30,88,"GARCIA SA, JOSE ANTONIO",Amarilla,RODEIRO C.F.,1187178
30,90'+2,"PENELA MONTOTO, CRISTIAN",Amarilla,RODEIRO C.F.,1187178
30,67,"FERNANDEZ NOGUEIRA, MANUEL",Amarilla,S.D. CACHEIRAS,1187178
30,88,"FERNANDEZ NOGUEIRA, MANUEL",Amarilla,S.D. CACHEIRAS,1187178
30,34,"CEPEDA MENDOZA, ALEJANDRO",Amarilla,S.D.C. RECESENDE,1187179
30,40,"ALDREY MÍGUEZ, MANUEL",Amarilla,S.D.C. RECESENDE,1187179
30,75,"CALVIÑO PEREZ, ANXO",Amarilla,C.F. SILLEDA,1187179
30,84,"FONTAO SANTORUM, ADRIAN",Amarilla,C.F. SILLEDA,1187179
30,86,"LOTO , ALAN NICOLAS",Amarilla,C.F. SILLEDA,1187179
30,90'+3,"FERNANDEZ TABOADA, XOSE MANUEL",Amarilla,C.F. SILLEDA,1187179
30,82,"DOVAL GARCIA, ION",Amarilla,LAMELA C.F.,1187180
30,2,"PARADA CASTIÑEIRAS, OSCAR",Amarilla,A.C.U.D. CAMPORRAPADO,1187181
30,57,"LOPEZ CANICOBA, FABIAN",Amarilla,A.C.U.D. CAMPORRAPADO,1187181
30,24,"DIEGUEZ LOUREIRO, RAMIRO",Amarilla,U.D. VAL DO ULLA,1187182
