categoria,competicion,grupo,jornada,fecha,hora,estadio,superficie,árbitro,equipo_local,equipo_visitante,goles_local,goles_visitante,resultado,link_acta
SENIOR,SEGUNDA FUTGAL,SANTIAGO | GRUPO 2,1,15-09-2024,17:00,Campo de Fútbol Municipal As Cancelas,Hierba Artificial,"MIGUENS SANTIAGO, SERGIO",C.D.BELVIS,A.C.U.D. CAMPORRAPADO,2,0,2-0,https://www.futgal.es/pnfg/NPcd/NFG_CmpPartido?cod_primaria=1000120&CodActa=1186943&cod_acta=1186943
SENIOR,SEGUNDA FUTGAL,SANTIAGO | GRUPO 2,1,15-09-2024,18:00,Mcpal. Manuel Regueiro - Antiguo Figueroa,Hierba Artificial,"NIETO ABELENDA, RODRIGO",C.D. SPORT TEAM ESTRADA,LAMELA C.F.,5,1,5-1,https://www.futgal.es/pnfg/NPcd/NFG_CmpPartido?cod_primaria=1000120&CodActa=1186944&cod_acta=1186944
SENIOR,SEGUNDA FUTGAL,SANTIAGO | GRUPO 2,1,15-09-2024,17:00,Reboredo- Arca- O Pino,Hierba Artificial,"ALCALA REY, ALFONSO",SOCIEDADE DEPORTIVA O PINO,C.F. SILLEDA,1,4,1-4,https://www.futgal.es/pnfg/NPcd/NFG_CmpPartido?cod_primaria=1000120&CodActa=1186945&cod_acta=1186945
SENIOR,SEGUNDA FUTGAL,SANTIAGO | GRUPO 2,1,15-09-2024,18:15,A Devesiña - Recesende,Tierra,"PONTE APONTE, ADRIAN",S.D.C. RECESENDE,S.D. CACHEIRAS,0,5,0-5,https://www.futgal.es/pnfg/NPcd/NFG_CmpPartido?cod_primaria=1000120&CodActa=1186946&cod_acta=1186946
SENIOR,SEGUNDA FUTGAL,SANTIAGO | GRUPO 2,1,15-09-2024,18:30,A Raña - Rodeiro,Hierba Artificial,"VARELA IGLESIAS, FERNANDO",RODEIRO C.F.,S.D. CRUCES,3,1,3-1,https://www.futgal.es/pnfg/NPcd/NFG_CmpPartido?cod_primaria=1000120&CodActa=1186947&cod_acta=1186947
SENIOR,SEGUNDA FUTGAL,SANTIAGO | GRUPO 2,1,15-09-2024,18:00,Campo Municipal Jesús Carlos Pampin Rua,Hierba Artificial,"RODRIGUEZ MUNIN, DANIEL",C.F. CIRE DE MELIDE,S.D. DUBRA B,4,0,4-0,https://www.futgal.es/pnfg/NPcd/NFG_CmpPartido?cod_primaria=1000120&CodActa=1186948&cod_acta=1186948
SENIOR,SEGUNDA FUTGAL,SANTIAGO | GRUPO 2,1,15-09-2024,18:00,San Mamed,Hierba Artificial,"SOTO PEREZ, SECUNDINO",C.D. SAN MAMED,TRAZO C.F.,5,0,5-0,https://www.futgal.es/pnfg/NPcd/NFG_CmpPartido?cod_primaria=1000120&CodActa=1186949&cod_acta=1186949
SENIOR,SEGUNDA FUTGAL,SANTIAGO | GRUPO 2,1,15-09-2024,18:00,O Coto - Val Do Ulla,Hierba Artificial,"COUTO MENDOZA, OSCAR",U.D. VAL DO ULLA,S.D. VILLESTRO,2,2,2-2,https://www.futgal.es/pnfg/NPcd/NFG_CmpPartido?cod_primaria=1000120&CodActa=1186950&cod_acta=1186950
SENIOR,SEGUNDA FUTGAL,SANTIAGO | GRUPO 2,2,22-09-2024,17:00,O Forte-Boqueixón,Hierba Artificial,"GOMEZ GUTIERREZ, ADRIAN JOSE",A.C.U.D. CAMPORRAPADO,U.D. VAL DO ULLA,1,2,1-2,https://www.futgal.es/pnfg/NPcd/NFG_CmpPartido?cod_primaria=1000120&CodActa=1186951&cod_acta=1186951
SENIOR,SEGUNDA FUTGAL,SANTIAGO | GRUPO 2,2,22-09-2024,18:00,Mularedos,Hierba Natural,"SOTO PEREZ, SECUNDINO",LAMELA C.F.,C.D.BELVIS,5,1,5-1,https://www.futgal.es/pnfg/NPcd/NFG_CmpPartido?cod_primaria=1000120&CodActa=1186952&cod_acta=1186952
SENIOR,SEGUNDA FUTGAL,SANTIAGO | GRUPO 2,2,22-09-2024,18:30,Outeiriño,Hierba Artificial,"PAZ HERMIDA, MANUEL",C.F. SILLEDA,C.D. SPORT TEAM ESTRADA,1,2,1-2,https://www.futgal.es/pnfg/NPcd/NFG_CmpPartido?cod_primaria=1000120&CodActa=1186953&cod_acta=1186953
SENIOR,SEGUNDA FUTGAL,SANTIAGO | GRUPO 2,2,22-09-2024,18:00,A Cañoteira - Cacheiras-Antigo Ignacio,Hierba Artificial,"FERNANDEZ LODEIRO, ABEL",S.D. CACHEIRAS,SOCIEDADE DEPORTIVA O PINO,1,0,1-0,https://www.futgal.es/pnfg/NPcd/NFG_CmpPartido?cod_primaria=1000120&CodActa=1186954&cod_acta=1186954
SENIOR,SEGUNDA FUTGAL,SANTIAGO | GRUPO 2,2,22-09-2024,20:00,Mpal Do Camballón,Hierba Artificial,"FERNANDEZ MONTOUTO, RUBEN",S.D. CRUCES,S.D.C. RECESENDE,5,0,5-0,https://www.futgal.es/pnfg/NPcd/NFG_CmpPartido?cod_primaria=1000120&CodActa=1186955&cod_acta=1186955
SENIOR,SEGUNDA FUTGAL,SANTIAGO | GRUPO 2,2,22-09-2024,16:30,A Tilleira - Dubra,Hierba Artificial,"REBOREDO RIADIGOS, JOSE LUIS",S.D. DUBRA B,RODEIRO C.F.,1,0,1-0,https://www.futgal.es/pnfg/NPcd/NFG_CmpPartido?cod_primaria=1000120&CodActa=1186956&cod_acta=1186956
SENIOR,SEGUNDA FUTGAL,SANTIAGO | GRUPO 2,2,22-09-2024,18:30,O Xeixo - Trazo,Hierba Natural,"QUINTANA PEREIRO, SERGIO",TRAZO C.F.,C.F. CIRE DE MELIDE,0,11,0-11,https://www.futgal.es/pnfg/NPcd/NFG_CmpPartido?cod_primaria=1000120&CodActa=1186957&cod_acta=1186957
SENIOR,SEGUNDA FUTGAL,SANTIAGO | GRUPO 2,2,22-09-2024,17:00,Suso Conde,Hierba Artificial,"GIL CALDELAS, SAMUEL",S.D. VILLESTRO,C.D. SAN MAMED,2,2,2-2,https://www.futgal.es/pnfg/NPcd/NFG_CmpPartido?cod_primaria=1000120&CodActa=1186958&cod_acta=1186958
SENIOR,SEGUNDA FUTGAL,SANTIAGO | GRUPO 2,3,29-09-2024,18:30,O Forte-Boqueixón,Hierba Artificial,"GAY CASAL, JAVIER",A.C.U.D. CAMPORRAPADO,LAMELA C.F.,1,4,1-4,https://www.futgal.es/pnfg/NPcd/NFG_CmpPartido?cod_primaria=1000120&CodActa=1186959&cod_acta=1186959
SENIOR,SEGUNDA FUTGAL,SANTIAGO | GRUPO 2,3,29-09-2024,16:00,Campo de Fútbol Municipal As Cancelas,Hierba Artificial,"MARTINEZ LAREO , MARCOS",C.D.BELVIS,C.F. SILLEDA,2,2,2-2,https://www.futgal.es/pnfg/NPcd/NFG_CmpPartido?cod_primaria=1000120&CodActa=1186960&cod_acta=1186960
SENIOR,SEGUNDA FUTGAL,SANTIAGO | GRUPO 2,3,29-09-2024,17:00,Mcpal. Manuel Regueiro - Antiguo Figueroa,Hierba Artificial,"ENRIQUEZ PEREIRO, OSCAR",C.D. SPORT TEAM ESTRADA,S.D. CACHEIRAS,1,0,1-0,https://www.futgal.es/pnfg/NPcd/NFG_CmpPartido?cod_primaria=1000120&CodActa=1186961&cod_acta=1186961
SENIOR,SEGUNDA FUTGAL,SANTIAGO | GRUPO 2,3,29-09-2024,17:00,Reboredo- Arca- O Pino,Hierba Artificial,"GARCIA IGLESIAS, BRAIS",SOCIEDADE DEPORTIVA O PINO,S.D. CRUCES,3,1,3-1,https://www.futgal.es/pnfg/NPcd/NFG_CmpPartido?cod_primaria=1000120&CodActa=1186962&cod_acta=1186962
SENIOR,SEGUNDA FUTGAL,SANTIAGO | GRUPO 2,3,29-09-2024,17:00,A Devesiña - Recesende,Tierra,"ALAOUI SOULIMANI, AMINE",S.D.C. RECESENDE,S.D. DUBRA B,1,4,1-4,https://www.futgal.es/pnfg/NPcd/NFG_CmpPartido?cod_primaria=1000120&CodActa=1186963&cod_acta=1186963
SENIOR,SEGUNDA FUTGAL,SANTIAGO | GRUPO 2,3,29-09-2024,18:30,A Raña - Rodeiro,Hierba Artificial,"FERNANDEZ MONTOUTO, RUBEN",RODEIRO C.F.,TRAZO C.F.,2,2,2-2,https://www.futgal.es/pnfg/NPcd/NFG_CmpPartido?cod_primaria=1000120&CodActa=1186964&cod_acta=1186964
SENIOR,SEGUNDA FUTGAL,SANTIAGO | GRUPO 2,3,29-09-2024,17:30,Campo Municipal Jesús Carlos Pampin Rua,Hierba Artificial,"VIDAL FONSECA, GUSTAVO",C.F. CIRE DE MELIDE,S.D. VILLESTRO,2,1,2-1,https://www.futgal.es/pnfg/NPcd/NFG_CmpPartido?cod_primaria=1000120&CodActa=1186965&cod_acta=1186965
SENIOR,SEGUNDA FUTGAL,SANTIAGO | GRUPO 2,3,29-09-2024,18:00,O Coto - Val Do Ulla,Hierba Artificial,"GARCIA VEIRAS, RAUL",U.D. VAL DO ULLA,C.D. SAN MAMED,1,0,1-0,https://www.futgal.es/pnfg/NPcd/NFG_CmpPartido?cod_primaria=1000120&CodActa=1186966&cod_acta=1186966
SENIOR,SEGUNDA FUTGAL,SANTIAGO | GRUPO 2,4,06-10-2024,18:00,Mularedos,Hierba Natural,"PAZ HERMIDA, MANUEL",LAMELA C.F.,U.D. VAL DO ULLA,3,1,3-1,https://www.futgal.es/pnfg/NPcd/NFG_CmpPartido?cod_primaria=1000120&CodActa=1186967&cod_acta=1186967
SENIOR,SEGUNDA FUTGAL,SANTIAGO | GRUPO 2,4,06-10-2024,17:00,Outeiriño,Hierba Artificial,"CASTRO SANMARTIN, SEBASTIAN",C.F. SILLEDA,A.C.U.D. CAMPORRAPADO,5,1,5-1,https://www.futgal.es/pnfg/NPcd/NFG_CmpPartido?cod_primaria=1000120&CodActa=1186968&cod_acta=1186968
SENIOR,SEGUNDA FUTGAL,SANTIAGO | GRUPO 2,4,06-10-2024,17:00,A Cañoteira - Cacheiras-Antigo Ignacio,Hierba Artificial,"FONTES MOSQUEIRA, XESUS",S.D. CACHEIRAS,C.D.BELVIS,3,1,3-1,https://www.futgal.es/pnfg/NPcd/NFG_CmpPartido?cod_primaria=1000120&CodActa=1186969&cod_acta=1186969
SENIOR,SEGUNDA FUTGAL,SANTIAGO | GRUPO 2,4,06-10-2024,17:00,Mpal Do Camballón,Hierba Artificial,"LAYA LOLO, XOEL",S.D. CRUCES,C.D. SPORT TEAM ESTRADA,0,5,0-5,https://www.futgal.es/pnfg/NPcd/NFG_CmpPartido?cod_primaria=1000120&CodActa=1186970&cod_acta=1186970
SENIOR,SEGUNDA FUTGAL,SANTIAGO | GRUPO 2,4,06-10-2024,18:30,A Tilleira - Dubra,Hierba Artificial,"VIDAL FONSECA, GUSTAVO",S.D. DUBRA B,SOCIEDADE DEPORTIVA O PINO,2,0,2-0,https://www.futgal.es/pnfg/NPcd/NFG_CmpPartido?cod_primaria=1000120&CodActa=1186971&cod_acta=1186971
SENIOR,SEGUNDA FUTGAL,SANTIAGO | GRUPO 2,4,06-10-2024,18:00,O Xeixo - Trazo,Hierba Natural,"MIGUENS SANTIAGO, SERGIO",TRAZO C.F.,S.D.C. RECESENDE,3,0,3-0,https://www.futgal.es/pnfg/NPcd/NFG_CmpPartido?cod_primaria=1000120&CodActa=1186972&cod_acta=1186972
SENIOR,SEGUNDA FUTGAL,SANTIAGO | GRUPO 2,4,06-10-2024,16:45,Suso Conde,Hierba Artificial,"COSTA CAROU, OSCAR",S.D. VILLESTRO,RODEIRO C.F.,2,2,2-2,https://www.futgal.es/pnfg/NPcd/NFG_CmpPartido?cod_primaria=1000120&CodActa=1186973&cod_acta=1186973
SENIOR,SEGUNDA FUTGAL,SANTIAGO | GRUPO 2,4,06-10-2024,18:00,San Mamed,Hierba Artificial,"ALCALA REY, ALFONSO",C.D. SAN MAMED,C.F. CIRE DE MELIDE,1,2,1-2,https://www.futgal.es/pnfg/NPcd/NFG_CmpPartido?cod_primaria=1000120&CodActa=1186974&cod_acta=1186974
SENIOR,SEGUNDA FUTGAL,SANTIAGO | GRUPO 2,5,13-10-2024,17:30,Mularedos,Hierba Natural,"ENRIQUEZ PEREIRO, OSCAR",LAMELA C.F.,C.F. SILLEDA,1,3,1-3,https://www.futgal.es/pnfg/NPcd/NFG_CmpPartido?cod_primaria=1000120&CodActa=1186975&cod_acta=1186975
SENIOR,SEGUNDA FUTGAL,SANTIAGO | GRUPO 2,5,13-10-2024,16:30,O Forte-Boqueixón,Hierba Artificial,"PAZ HERMIDA, MANUEL",A.C.U.D. CAMPORRAPADO,S.D. CACHEIRAS,0,1,0-1,https://www.futgal.es/pnfg/NPcd/NFG_CmpPartido?cod_primaria=1000120&CodActa=1186976&cod_acta=1186976
SENIOR,SEGUNDA FUTGAL,SANTIAGO | GRUPO 2,5,13-10-2024,16:00,Campo de Fútbol Municipal As Cancelas,Hierba Artificial,"BUJAN VIDAL, BORJA",C.D.BELVIS,S.D. CRUCES,3,1,3-1,https://www.futgal.es/pnfg/NPcd/NFG_CmpPartido?cod_primaria=1000120&CodActa=1186977&cod_acta=1186977
SENIOR,SEGUNDA FUTGAL,SANTIAGO | GRUPO 2,5,13-10-2024,17:30,Mcpal. Manuel Regueiro - Antiguo Figueroa,Hierba Artificial,"TORRES CORRAL, BEATRIZ MARIA",C.D. SPORT TEAM ESTRADA,S.D. DUBRA B,1,0,1-0,https://www.futgal.es/pnfg/NPcd/NFG_CmpPartido?cod_primaria=1000120&CodActa=1186978&cod_acta=1186978
SENIOR,SEGUNDA FUTGAL,SANTIAGO | GRUPO 2,5,13-10-2024,17:00,Reboredo- Arca- O Pino,Hierba Artificial,"PONTE APONTE, ADRIAN",SOCIEDADE DEPORTIVA O PINO,TRAZO C.F.,2,0,2-0,https://www.futgal.es/pnfg/NPcd/NFG_CmpPartido?cod_primaria=1000120&CodActa=1186979&cod_acta=1186979
SENIOR,SEGUNDA FUTGAL,SANTIAGO | GRUPO 2,5,13-10-2024,16:30,A Devesiña - Recesende,Tierra,"FERNANDEZ LODEIRO, ABEL",S.D.C. RECESENDE,S.D. VILLESTRO,2,1,2-1,https://www.futgal.es/pnfg/NPcd/NFG_CmpPartido?cod_primaria=1000120&CodActa=1186980&cod_acta=1186980
SENIOR,SEGUNDA FUTGAL,SANTIAGO | GRUPO 2,5,13-10-2024,18:30,A Raña - Rodeiro,Hierba Artificial,"GAY CASAL, JAVIER",RODEIRO C.F.,C.D. SAN MAMED,2,1,2-1,https://www.futgal.es/pnfg/NPcd/NFG_CmpPartido?cod_primaria=1000120&CodActa=1186981&cod_acta=1186981
SENIOR,SEGUNDA FUTGAL,SANTIAGO | GRUPO 2,5,13-10-2024,17:00,O Coto - Val Do Ulla,Hierba Artificial,"GARCIA IGLESIAS, BRAIS",U.D. VAL DO ULLA,C.F. CIRE DE MELIDE,1,4,1-4,https://www.futgal.es/pnfg/NPcd/NFG_CmpPartido?cod_primaria=1000120&CodActa=1186982&cod_acta=1186982
SENIOR,SEGUNDA FUTGAL,SANTIAGO | GRUPO 2,6,20-10-2024,17:30,Outeiriño,Hierba Artificial,"GIL CALDELAS, SAMUEL",C.F. SILLEDA,U.D. VAL DO ULLA,2,5,2-5,https://www.futgal.es/pnfg/NPcd/NFG_CmpPartido?cod_primaria=1000120&CodActa=1186983&cod_acta=1186983
SENIOR,SEGUNDA FUTGAL,SANTIAGO | GRUPO 2,6,20-10-2024,18:00,A Cañoteira - Cacheiras-Antigo Ignacio,Hierba Artificial,"ALCALA REY, ALFONSO",S.D. CACHEIRAS,LAMELA C.F.,4,2,4-2,https://www.futgal.es/pnfg/NPcd/NFG_CmpPartido?cod_primaria=1000120&CodActa=1186984&cod_acta=1186984
SENIOR,SEGUNDA FUTGAL,SANTIAGO | GRUPO 2,6,20-10-2024,20:00,Mpal Do Camballón,Hierba Artificial,"ENRIQUEZ PEREIRO, OSCAR",S.D. CRUCES,A.C.U.D. CAMPORRAPADO,1,0,1-0,https://www.futgal.es/pnfg/NPcd/NFG_CmpPartido?cod_primaria=1000120&CodActa=1186985&cod_acta=1186985
SENIOR,SEGUNDA FUTGAL,SANTIAGO | GRUPO 2,6,20-10-2024,16:00,A Tilleira - Dubra,Hierba Artificial,"ANTELO ROMERO, XAIRO",S.D. DUBRA B,C.D.BELVIS,4,2,4-2,https://www.futgal.es/pnfg/NPcd/NFG_CmpPartido?cod_primaria=1000120&CodActa=1186986&cod_acta=1186986
SENIOR,SEGUNDA FUTGAL,SANTIAGO | GRUPO 2,6,19-10-2024,16:30,O Xeixo - Trazo,Hierba Natural,"FONTES MOSQUEIRA, XESUS",TRAZO C.F.,C.D. SPORT TEAM ESTRADA,0,4,0-4,https://www.futgal.es/pnfg/NPcd/NFG_CmpPartido?cod_primaria=1000120&CodActa=1186987&cod_acta=1186987
SENIOR,SEGUNDA FUTGAL,SANTIAGO | GRUPO 2,6,20-10-2024,16:30,Suso Conde,Hierba Artificial,"CASAL BARREIRO, ADRIAN",S.D. VILLESTRO,SOCIEDADE DEPORTIVA O PINO,0,1,0-1,https://www.futgal.es/pnfg/NPcd/NFG_CmpPartido?cod_primaria=1000120&CodActa=1186988&cod_acta=1186988
SENIOR,SEGUNDA FUTGAL,SANTIAGO | GRUPO 2,6,20-10-2024,18:00,San Mamed,Hierba Artificial,"HERNANDEZ GIADANS, AGUSTIN",C.D. SAN MAMED,S.D.C. RECESENDE,3,1,3-1,https://www.futgal.es/pnfg/NPcd/NFG_CmpPartido?cod_primaria=1000120&CodActa=1186989&cod_acta=1186989
SENIOR,SEGUNDA FUTGAL,SANTIAGO | GRUPO 2,6,20-10-2024,12:00,Campo Municipal Jesús Carlos Pampin Rua,Hierba Artificial,"MARTINEZ SANTOS, OSCAR",C.F. CIRE DE MELIDE,RODEIRO C.F.,1,0,1-0,https://www.futgal.es/pnfg/NPcd/NFG_CmpPartido?cod_primaria=1000120&CodActa=1186990&cod_acta=1186990
SENIOR,SEGUNDA FUTGAL,SANTIAGO | GRUPO 2,7,27-10-2024,16:30,Outeiriño,Hierba Artificial,"ANTELO ROMERO, XAIRO",C.F. SILLEDA,S.D. CACHEIRAS,1,4,1-4,https://www.futgal.es/pnfg/NPcd/NFG_CmpPartido?cod_primaria=1000120&CodActa=1186991&cod_acta=1186991
SENIOR,SEGUNDA FUTGAL,SANTIAGO | GRUPO 2,7,27-10-2024,17:00,Mularedos,Hierba Natural,"GAY CASAL, JAVIER",LAMELA C.F.,S.D. CRUCES,2,1,2-1,https://www.futgal.es/pnfg/NPcd/NFG_CmpPartido?cod_primaria=1000120&CodActa=1186992&cod_acta=1186992
SENIOR,SEGUNDA FUTGAL,SANTIAGO | GRUPO 2,7,27-10-2024,17:00,O Forte-Boqueixón,Hierba Artificial,"LAYA LOLO, XOEL",A.C.U.D. CAMPORRAPADO,S.D. DUBRA B,1,3,1-3,https://www.futgal.es/pnfg/NPcd/NFG_CmpPartido?cod_primaria=1000120&CodActa=1186993&cod_acta=1186993
SENIOR,SEGUNDA FUTGAL,SANTIAGO | GRUPO 2,7,27-10-2024,16:30,Campo de Fútbol Municipal As Cancelas,Hierba Artificial,"GOMEZ GUTIERREZ, ADRIAN JOSE",C.D.BELVIS,TRAZO C.F.,4,3,4-3,https://www.futgal.es/pnfg/NPcd/NFG_CmpPartido?cod_primaria=1000120&CodActa=1186994&cod_acta=1186994
SENIOR,SEGUNDA FUTGAL,SANTIAGO | GRUPO 2,7,27-10-2024,17:00,Mcpal. Manuel Regueiro - Antiguo Figueroa,Hierba Artificial,"CASTRO SANMARTIN, SEBASTIAN",C.D. SPORT TEAM ESTRADA,S.D. VILLESTRO,4,0,4-0,https://www.futgal.es/pnfg/NPcd/NFG_CmpPartido?cod_primaria=1000120&CodActa=1186995&cod_acta=1186995
SENIOR,SEGUNDA FUTGAL,SANTIAGO | GRUPO 2,7,27-10-2024,17:00,Reboredo- Arca- O Pino,Hierba Artificial,"VILAS LORENZO, MIGUEL ANGEL",SOCIEDADE DEPORTIVA O PINO,C.D. SAN MAMED,4,0,4-0,https://www.futgal.es/pnfg/NPcd/NFG_CmpPartido?cod_primaria=1000120&CodActa=1186996&cod_acta=1186996
SENIOR,SEGUNDA FUTGAL,SANTIAGO | GRUPO 2,7,27-10-2024,16:00,A Devesiña - Recesende,Tierra,"REGO RODRIGUEZ, JOSE LUIS",S.D.C. RECESENDE,C.F. CIRE DE MELIDE,0,2,0-2,https://www.futgal.es/pnfg/NPcd/NFG_CmpPartido?cod_primaria=1000120&CodActa=1186997&cod_acta=1186997
SENIOR,SEGUNDA FUTGAL,SANTIAGO | GRUPO 2,7,27-10-2024,17:30,O Coto - Val Do Ulla,Hierba Artificial,"FERNANDEZ LODEIRO, ABEL",U.D. VAL DO ULLA,RODEIRO C.F.,0,1,0-1,https://www.futgal.es/pnfg/NPcd/NFG_CmpPartido?cod_primaria=1000120&CodActa=1186998&cod_acta=1186998
SENIOR,SEGUNDA FUTGAL,SANTIAGO | GRUPO 2,8,03-11-2024,17:00,A Cañoteira - Cacheiras-Antigo Ignacio,Hierba Artificial,"REBOREDO RIADIGOS, JOSE LUIS",S.D. CACHEIRAS,U.D. VAL DO ULLA,3,1,3-1,https://www.futgal.es/pnfg/NPcd/NFG_CmpPartido?cod_primaria=1000120&CodActa=1186999&cod_acta=1186999
SENIOR,SEGUNDA FUTGAL,SANTIAGO | GRUPO 2,8,03-11-2024,19:00,Mpal Do Camballón,Hierba Artificial,"CASTRO SANMARTIN, SEBASTIAN",S.D. CRUCES,C.F. SILLEDA,2,4,2-4,https://www.futgal.es/pnfg/NPcd/NFG_CmpPartido?cod_primaria=1000120&CodActa=1187000&cod_acta=1187000
SENIOR,SEGUNDA FUTGAL,SANTIAGO | GRUPO 2,8,03-11-2024,16:30,A Tilleira - Dubra,Hierba Artificial,"MARTINEZ SANTOS, OSCAR",S.D. DUBRA B,LAMELA C.F.,3,1,3-1,https://www.futgal.es/pnfg/NPcd/NFG_CmpPartido?cod_primaria=1000120&CodActa=1187001&cod_acta=1187001
SENIOR,SEGUNDA FUTGAL,SANTIAGO | GRUPO 2,8,03-11-2024,12:30,O Xeixo - Trazo,Hierba Natural,"HERNANDEZ GIADANS, AGUSTIN",TRAZO C.F.,A.C.U.D. CAMPORRAPADO,2,1,2-1,https://www.futgal.es/pnfg/NPcd/NFG_CmpPartido?cod_primaria=1000120&CodActa=1187002&cod_acta=1187002
SENIOR,SEGUNDA FUTGAL,SANTIAGO | GRUPO 2,8,03-11-2024,16:30,Suso Conde,Hierba Artificial,"TORRES CORRAL, BEATRIZ MARIA",S.D. VILLESTRO,C.D.BELVIS,0,2,0-2,https://www.futgal.es/pnfg/NPcd/NFG_CmpPartido?cod_primaria=1000120&CodActa=1187003&cod_acta=1187003
SENIOR,SEGUNDA FUTGAL,SANTIAGO | GRUPO 2,8,03-11-2024,17:00,San Mamed,Hierba Artificial,"SOTO PEREZ, SECUNDINO",C.D. SAN MAMED,C.D. SPORT TEAM ESTRADA,0,2,0-2,https://www.futgal.es/pnfg/NPcd/NFG_CmpPartido?cod_primaria=1000120&CodActa=1187004&cod_acta=1187004
SENIOR,SEGUNDA FUTGAL,SANTIAGO | GRUPO 2,8,03-11-2024,17:00,Campo Municipal Jesús Carlos Pampin Rua,Hierba Artificial,"ELESPE TIREUX, NICOLAS",C.F. CIRE DE MELIDE,SOCIEDADE DEPORTIVA O PINO,3,0,3-0,https://www.futgal.es/pnfg/NPcd/NFG_CmpPartido?cod_primaria=1000120&CodActa=1187005&cod_acta=1187005
SENIOR,SEGUNDA FUTGAL,SANTIAGO | GRUPO 2,8,03-11-2024,16:15,A Raña - Rodeiro,Hierba Artificial,"ENRIQUEZ PEREIRO, OSCAR",RODEIRO C.F.,S.D.C. RECESENDE,1,0,1-0,https://www.futgal.es/pnfg/NPcd/NFG_CmpPartido?cod_primaria=1000120&CodActa=1187006&cod_acta=1187006
SENIOR,SEGUNDA FUTGAL,SANTIAGO | GRUPO 2,9,10-11-2024,17:00,A Cañoteira - Cacheiras-Antigo Ignacio,Hierba Artificial,"CASTRO CASTRO, MIGUEL ANGEL",S.D. CACHEIRAS,S.D. CRUCES,2,0,2-0,https://www.futgal.es/pnfg/NPcd/NFG_CmpPartido?cod_primaria=1000120&CodActa=1187007&cod_acta=1187007
SENIOR,SEGUNDA FUTGAL,SANTIAGO | GRUPO 2,9,10-11-2024,16:30,Outeiriño,Hierba Artificial,"FERNANDEZ MONTOUTO, RUBEN",C.F. SILLEDA,S.D. DUBRA B,1,1,1-1,https://www.futgal.es/pnfg/NPcd/NFG_CmpPartido?cod_primaria=1000120&CodActa=1187008&cod_acta=1187008
SENIOR,SEGUNDA FUTGAL,SANTIAGO | GRUPO 2,9,10-11-2024,16:45,Mularedos,Hierba Natural,"ENRIQUEZ PEREIRO, OSCAR",LAMELA C.F.,TRAZO C.F.,4,3,4-3,https://www.futgal.es/pnfg/NPcd/NFG_CmpPartido?cod_primaria=1000120&CodActa=1187009&cod_acta=1187009
SENIOR,SEGUNDA FUTGAL,SANTIAGO | GRUPO 2,9,10-11-2024,16:15,Da Silveira- Camporrapado,Hierba Natural,"SOTO PEREZ, SECUNDINO",A.C.U.D. CAMPORRAPADO,S.D. VILLESTRO,0,2,0-2,https://www.futgal.es/pnfg/NPcd/NFG_CmpPartido?cod_primaria=1000120&CodActa=1187010&cod_acta=1187010
SENIOR,SEGUNDA FUTGAL,SANTIAGO | GRUPO 2,9,10-11-2024,16:00,Suso Conde,Hierba Artificial,"MIRAZO INSUA, PEDRO",C.D.BELVIS,C.D. SAN MAMED,1,0,1-0,https://www.futgal.es/pnfg/NPcd/NFG_CmpPartido?cod_primaria=1000120&CodActa=1187011&cod_acta=1187011
SENIOR,SEGUNDA FUTGAL,SANTIAGO | GRUPO 2,9,10-11-2024,17:30,Mcpal. Manuel Regueiro - Antiguo Figueroa,Hierba Artificial,"RODRIGUEZ MUNIN, DANIEL",C.D. SPORT TEAM ESTRADA,C.F. CIRE DE MELIDE,0,0,0-0,https://www.futgal.es/pnfg/NPcd/NFG_CmpPartido?cod_primaria=1000120&CodActa=1187012&cod_acta=1187012
SENIOR,SEGUNDA FUTGAL,SANTIAGO | GRUPO 2,9,10-11-2024,17:00,Reboredo- Arca- O Pino,Hierba Artificial,"QUINTANA PEREIRO, SERGIO",SOCIEDADE DEPORTIVA O PINO,RODEIRO C.F.,2,0,2-0,https://www.futgal.es/pnfg/NPcd/NFG_CmpPartido?cod_primaria=1000120&CodActa=1187013&cod_acta=1187013
SENIOR,SEGUNDA FUTGAL,SANTIAGO | GRUPO 2,9,10-11-2024,17:00,O Coto - Val Do Ulla,Hierba Artificial,"GAY CASAL, JAVIER",U.D. VAL DO ULLA,S.D.C. RECESENDE,2,0,2-0,https://www.futgal.es/pnfg/NPcd/NFG_CmpPartido?cod_primaria=1000120&CodActa=1187014&cod_acta=1187014
SENIOR,SEGUNDA FUTGAL,SANTIAGO | GRUPO 2,10,17-11-2024,20:00,Mpal Do Camballón,Hierba Artificial,"COUTO MENDOZA, OSCAR",S.D. CRUCES,U.D. VAL DO ULLA,0,1,0-1,https://www.futgal.es/pnfg/NPcd/NFG_CmpPartido?cod_primaria=1000120&CodActa=1187015&cod_acta=1187015
SENIOR,SEGUNDA FUTGAL,SANTIAGO | GRUPO 2,10,17-11-2024,16:00,A Tilleira - Dubra,Hierba Artificial,"GOMEZ GUTIERREZ, ADRIAN JOSE",S.D. DUBRA B,S.D. CACHEIRAS,2,1,2-1,https://www.futgal.es/pnfg/NPcd/NFG_CmpPartido?cod_primaria=1000120&CodActa=1187016&cod_acta=1187016
SENIOR,SEGUNDA FUTGAL,SANTIAGO | GRUPO 2,10,17-11-2024,16:00,O Xeixo - Trazo,Hierba Natural,"CANAY FERNANDEZ, BRAIS",TRAZO C.F.,C.F. SILLEDA,0,2,0-2,https://www.futgal.es/pnfg/NPcd/NFG_CmpPartido?cod_primaria=1000120&CodActa=1187017&cod_acta=1187017
SENIOR,SEGUNDA FUTGAL,SANTIAGO | GRUPO 2,10,17-11-2024,16:00,Suso Conde,Hierba Artificial,"RODRIGUEZ VAAMONDE, RUBEN",S.D. VILLESTRO,LAMELA C.F.,0,2,0-2,https://www.futgal.es/pnfg/NPcd/NFG_CmpPartido?cod_primaria=1000120&CodActa=1187018&cod_acta=1187018
SENIOR,SEGUNDA FUTGAL,SANTIAGO | GRUPO 2,10,17-11-2024,17:00,San Mamed,Hierba Artificial,"FERNANDEZ MONTOUTO, RUBEN",C.D. SAN MAMED,A.C.U.D. CAMPORRAPADO,3,2,3-2,https://www.futgal.es/pnfg/NPcd/NFG_CmpPartido?cod_primaria=1000120&CodActa=1187019&cod_acta=1187019
SENIOR,SEGUNDA FUTGAL,SANTIAGO | GRUPO 2,10,17-11-2024,17:30,Campo Municipal Jesús Carlos Pampin Rua,Hierba Artificial,"FUENTES GARCIA, IAGO",C.F. CIRE DE MELIDE,C.D.BELVIS,3,0,3-0,https://www.futgal.es/pnfg/NPcd/NFG_CmpPartido?cod_primaria=1000120&CodActa=1187020&cod_acta=1187020
SENIOR,SEGUNDA FUTGAL,SANTIAGO | GRUPO 2,10,17-11-2024,17:00,A Raña - Rodeiro,Hierba Artificial,"GAY CASAL, JAVIER",RODEIRO C.F.,C.D. SPORT TEAM ESTRADA,0,3,0-3,https://www.futgal.es/pnfg/NPcd/NFG_CmpPartido?cod_primaria=1000120&CodActa=1187021&cod_acta=1187021
SENIOR,SEGUNDA FUTGAL,SANTIAGO | GRUPO 2,10,17-11-2024,16:15,A Devesiña - Recesende,Tierra,"FONTES MOSQUEIRA, XESUS",S.D.C. RECESENDE,SOCIEDADE DEPORTIVA O PINO,1,3,1-3,https://www.futgal.es/pnfg/NPcd/NFG_CmpPartido?cod_primaria=1000120&CodActa=1187022&cod_acta=1187022
SENIOR,SEGUNDA FUTGAL,SANTIAGO | GRUPO 2,11,24-11-2024,17:00,Mpal Do Camballón,Hierba Artificial,"GAY CASAL, JAVIER",S.D. CRUCES,S.D. DUBRA B,1,2,1-2,https://www.futgal.es/pnfg/NPcd/NFG_CmpPartido?cod_primaria=1000120&CodActa=1187023&cod_acta=1187023
SENIOR,SEGUNDA FUTGAL,SANTIAGO | GRUPO 2,11,08-12-2024,17:00,A Cañoteira - Cacheiras-Antigo Ignacio,Hierba Artificial,"GARCIA VEIRAS, RAUL",S.D. CACHEIRAS,TRAZO C.F.,0,0,0-0,https://www.futgal.es/pnfg/NPcd/NFG_CmpPartido?cod_primaria=1000120&CodActa=1256272&cod_acta=1256272
SENIOR,SEGUNDA FUTGAL,SANTIAGO | GRUPO 2,11,24-11-2024,17:15,Outeiriño,Hierba Artificial,"VILLANUEVA ANSEDES, CARMEN",C.F. SILLEDA,S.D. VILLESTRO,1,0,1-0,https://www.futgal.es/pnfg/NPcd/NFG_CmpPartido?cod_primaria=1000120&CodActa=1187025&cod_acta=1187025
SENIOR,SEGUNDA FUTGAL,SANTIAGO | GRUPO 2,11,24-11-2024,16:30,Mularedos,Hierba Natural,"CASTRO SANMARTIN, SEBASTIAN",LAMELA C.F.,C.D. SAN MAMED,0,1,0-1,https://www.futgal.es/pnfg/NPcd/NFG_CmpPartido?cod_primaria=1000120&CodActa=1187026&cod_acta=1187026
SENIOR,SEGUNDA FUTGAL,SANTIAGO | GRUPO 2,11,24-11-2024,16:15,Da Silveira- Camporrapado,Hierba Natural,"GOMEZ GUTIERREZ, ADRIAN JOSE",A.C.U.D. CAMPORRAPADO,C.F. CIRE DE MELIDE,1,1,1-1,https://www.futgal.es/pnfg/NPcd/NFG_CmpPartido?cod_primaria=1000120&CodActa=1187027&cod_acta=1187027
SENIOR,SEGUNDA FUTGAL,SANTIAGO | GRUPO 2,11,24-11-2024,16:00,Campo de Fútbol Municipal As Cancelas,Hierba Artificial,"MARTINEZ LAREO , MARCOS",C.D.BELVIS,RODEIRO C.F.,3,0,3-0,https://www.futgal.es/pnfg/NPcd/NFG_CmpPartido?cod_primaria=1000120&CodActa=1187028&cod_acta=1187028
SENIOR,SEGUNDA FUTGAL,SANTIAGO | GRUPO 2,11,24-11-2024,17:00,Mcpal. Manuel Regueiro - Antiguo Figueroa,Hierba Artificial,"FERNANDEZ MONTOUTO, RUBEN",C.D. SPORT TEAM ESTRADA,S.D.C. RECESENDE,9,0,9-0,https://www.futgal.es/pnfg/NPcd/NFG_CmpPartido?cod_primaria=1000120&CodActa=1187029&cod_acta=1187029
SENIOR,SEGUNDA FUTGAL,SANTIAGO | GRUPO 2,11,24-11-2024,17:00,O Coto - Val Do Ulla,Hierba Artificial,"SOTO PEREZ, SECUNDINO",U.D. VAL DO ULLA,SOCIEDADE DEPORTIVA O PINO,2,0,2-0,https://www.futgal.es/pnfg/NPcd/NFG_CmpPartido?cod_primaria=1000120&CodActa=1187030&cod_acta=1187030
SENIOR,SEGUNDA FUTGAL,SANTIAGO | GRUPO 2,12,01-12-2024,16:30,A Tilleira - Dubra,Hierba Artificial,"PIÑEIRO LUGO, JESUS",S.D. DUBRA B,U.D. VAL DO ULLA,0,2,0-2,https://www.futgal.es/pnfg/NPcd/NFG_CmpPartido?cod_primaria=1000120&CodActa=1187031&cod_acta=1187031
SENIOR,SEGUNDA FUTGAL,SANTIAGO | GRUPO 2,12,01-12-2024,16:00,O Xeixo - Trazo,Hierba Natural,"VILAS LORENZO, MIGUEL ANGEL",TRAZO C.F.,S.D. CRUCES,0,1,0-1,https://www.futgal.es/pnfg/NPcd/NFG_CmpPartido?cod_primaria=1000120&CodActa=1187032&cod_acta=1187032
SENIOR,SEGUNDA FUTGAL,SANTIAGO | GRUPO 2,12,01-12-2024,16:00,Suso Conde,Hierba Artificial,"VILLAMOR RIAL, NOEL",S.D. VILLESTRO,S.D. CACHEIRAS,1,2,1-2,https://www.futgal.es/pnfg/NPcd/NFG_CmpPartido?cod_primaria=1000120&CodActa=1187033&cod_acta=1187033
SENIOR,SEGUNDA FUTGAL,SANTIAGO | GRUPO 2,12,01-12-2024,18:00,San Mamed,Hierba Artificial,"LAYA LOLO, XOEL",C.D. SAN MAMED,C.F. SILLEDA,1,2,1-2,https://www.futgal.es/pnfg/NPcd/NFG_CmpPartido?cod_primaria=1000120&CodActa=1187034&cod_acta=1187034
SENIOR,SEGUNDA FUTGAL,SANTIAGO | GRUPO 2,12,01-12-2024,17:00,Campo Municipal Jesús Carlos Pampin Rua,Hierba Artificial,"ALAOUI SOULIMANI, AMINE",C.F. CIRE DE MELIDE,LAMELA C.F.,5,1,5-1,https://www.futgal.es/pnfg/NPcd/NFG_CmpPartido?cod_primaria=1000120&CodActa=1187035&cod_acta=1187035
SENIOR,SEGUNDA FUTGAL,SANTIAGO | GRUPO 2,12,01-12-2024,16:00,A Raña - Rodeiro,Hierba Artificial,"VILLANUEVA ANSEDES, CARMEN",RODEIRO C.F.,A.C.U.D. CAMPORRAPADO,4,0,4-0,https://www.futgal.es/pnfg/NPcd/NFG_CmpPartido?cod_primaria=1000120&CodActa=1187036&cod_acta=1187036
SENIOR,SEGUNDA FUTGAL,SANTIAGO | GRUPO 2,12,01-12-2024,16:00,A Devesiña - Recesende,Tierra,"FERNANDEZ LODEIRO, ABEL",S.D.C. RECESENDE,C.D.BELVIS,0,0,0-0,https://www.futgal.es/pnfg/NPcd/NFG_CmpPartido?cod_primaria=1000120&CodActa=1187037&cod_acta=1187037
SENIOR,SEGUNDA FUTGAL,SANTIAGO | GRUPO 2,12,01-12-2024,17:00,Reboredo- Arca- O Pino,Hierba Artificial,"MARTINEZ SANTOS, OSCAR",SOCIEDADE DEPORTIVA O PINO,C.D. SPORT TEAM ESTRADA,2,1,2-1,https://www.futgal.es/pnfg/NPcd/NFG_CmpPartido?cod_primaria=1000120&CodActa=1187038&cod_acta=1187038
SENIOR,SEGUNDA FUTGAL,SANTIAGO | GRUPO 2,13,14-12-2024,16:15,Juan Baleato,Hierba Natural,"FERRO BENITO, ANDRES",S.D. DUBRA B,TRAZO C.F.,2,2,2-2,https://www.futgal.es/pnfg/NPcd/NFG_CmpPartido?cod_primaria=1000120&CodActa=1187039&cod_acta=1187039
SENIOR,SEGUNDA FUTGAL,SANTIAGO | GRUPO 2,13,15-12-2024,20:00,Mpal Do Camballón,Hierba Artificial,"FERNANDEZ MONTOUTO, RUBEN",S.D. CRUCES,S.D. VILLESTRO,3,2,3-2,https://www.futgal.es/pnfg/NPcd/NFG_CmpPartido?cod_primaria=1000120&CodActa=1187040&cod_acta=1187040
SENIOR,SEGUNDA FUTGAL,SANTIAGO | GRUPO 2,13,15-12-2024,16:30,A Cañoteira - Cacheiras-Antigo Ignacio,Hierba Artificial,"REGO RODRIGUEZ, JOSE LUIS",S.D. CACHEIRAS,C.D. SAN MAMED,3,1,3-1,https://www.futgal.es/pnfg/NPcd/NFG_CmpPartido?cod_primaria=1000120&CodActa=1187041&cod_acta=1187041
SENIOR,SEGUNDA FUTGAL,SANTIAGO | GRUPO 2,13,15-12-2024,17:00,Outeiriño,Hierba Artificial,"CASTRO LIÑARES, MARCO ALEJANDRO",C.F. SILLEDA,C.F. CIRE DE MELIDE,1,4,1-4,https://www.futgal.es/pnfg/NPcd/NFG_CmpPartido?cod_primaria=1000120&CodActa=1187042&cod_acta=1187042
SENIOR,SEGUNDA FUTGAL,SANTIAGO | GRUPO 2,13,15-12-2024,16:30,Mularedos,Hierba Natural,"LAYA LOLO, XOEL",LAMELA C.F.,RODEIRO C.F.,1,5,1-5,https://www.futgal.es/pnfg/NPcd/NFG_CmpPartido?cod_primaria=1000120&CodActa=1187043&cod_acta=1187043
SENIOR,SEGUNDA FUTGAL,SANTIAGO | GRUPO 2,13,15-12-2024,16:00,Da Silveira- Camporrapado,Hierba Natural,"GAY CASAL, JAVIER",A.C.U.D. CAMPORRAPADO,S.D.C. RECESENDE,1,2,1-2,https://www.futgal.es/pnfg/NPcd/NFG_CmpPartido?cod_primaria=1000120&CodActa=1187044&cod_acta=1187044
SENIOR,SEGUNDA FUTGAL,SANTIAGO | GRUPO 2,13,15-12-2024,16:09,Campo de Fútbol Municipal As Cancelas,Hierba Artificial,"ENRIQUEZ PEREIRO, OSCAR",C.D.BELVIS,SOCIEDADE DEPORTIVA O PINO,2,0,2-0,https://www.futgal.es/pnfg/NPcd/NFG_CmpPartido?cod_primaria=1000120&CodActa=1187045&cod_acta=1187045
SENIOR,SEGUNDA FUTGAL,SANTIAGO | GRUPO 2,13,15-12-2024,17:00,O Coto - Val Do Ulla,Hierba Artificial,"CASTRO SANMARTIN, SEBASTIAN",U.D. VAL DO ULLA,C.D. SPORT TEAM ESTRADA,3,6,3-6,https://www.futgal.es/pnfg/NPcd/NFG_CmpPartido?cod_primaria=1000120&CodActa=1187046&cod_acta=1187046
SENIOR,SEGUNDA FUTGAL,SANTIAGO | GRUPO 2,14,22-12-2024,17:00,O Coto - Val Do Ulla,Hierba Artificial,"FERNANDEZ MONTOUTO, RUBEN",U.D. VAL DO ULLA,TRAZO C.F.,1,0,1-0,https://www.futgal.es/pnfg/NPcd/NFG_CmpPartido?cod_primaria=1000120&CodActa=1187047&cod_acta=1187047
SENIOR,SEGUNDA FUTGAL,SANTIAGO | GRUPO 2,14,22-12-2024,16:00,Suso Conde,Hierba Artificial,"QUINTANA PEREIRO, SERGIO",S.D. VILLESTRO,S.D. DUBRA B,1,1,1-1,https://www.futgal.es/pnfg/NPcd/NFG_CmpPartido?cod_primaria=1000120&CodActa=1187048&cod_acta=1187048
SENIOR,SEGUNDA FUTGAL,SANTIAGO | GRUPO 2,14,22-12-2024,12:00,San Mamed,Hierba Artificial,"GAY CASAL, JAVIER",C.D. SAN MAMED,S.D. CRUCES,1,2,1-2,https://www.futgal.es/pnfg/NPcd/NFG_CmpPartido?cod_primaria=1000120&CodActa=1187049&cod_acta=1187049
SENIOR,SEGUNDA FUTGAL,SANTIAGO | GRUPO 2,14,21-12-2024,17:30,Campo Municipal Jesús Carlos Pampin Rua,Hierba Artificial,"VIDAL FONSECA, GUSTAVO",C.F. CIRE DE MELIDE,S.D. CACHEIRAS,1,2,1-2,https://www.futgal.es/pnfg/NPcd/NFG_CmpPartido?cod_primaria=1000120&CodActa=1187050&cod_acta=1187050
SENIOR,SEGUNDA FUTGAL,SANTIAGO | GRUPO 2,14,22-12-2024,17:15,A Raña - Rodeiro,Hierba Artificial,"ENRIQUEZ PEREIRO, OSCAR",RODEIRO C.F.,C.F. SILLEDA,3,1,3-1,https://www.futgal.es/pnfg/NPcd/NFG_CmpPartido?cod_primaria=1000120&CodActa=1187051&cod_acta=1187051
SENIOR,SEGUNDA FUTGAL,SANTIAGO | GRUPO 2,14,22-12-2024,16:15,A Devesiña - Recesende,Tierra,"HERNANDEZ GIADANS, AGUSTIN",S.D.C. RECESENDE,LAMELA C.F.,0,2,0-2,https://www.futgal.es/pnfg/NPcd/NFG_CmpPartido?cod_primaria=1000120&CodActa=1187052&cod_acta=1187052
SENIOR,SEGUNDA FUTGAL,SANTIAGO | GRUPO 2,14,21-12-2024,16:00,Reboredo- Arca- O Pino,Hierba Artificial,"CASTRO LIÑARES, MARCO ALEJANDRO",SOCIEDADE DEPORTIVA O PINO,A.C.U.D. CAMPORRAPADO,2,1,2-1,https://www.futgal.es/pnfg/NPcd/NFG_CmpPartido?cod_primaria=1000120&CodActa=1187053&cod_acta=1187053
SENIOR,SEGUNDA FUTGAL,SANTIAGO | GRUPO 2,14,22-12-2024,17:00,Mcpal. Manuel Regueiro - Antiguo Figueroa,Hierba Artificial,"GARCIA VEIRAS, RAUL",C.D. SPORT TEAM ESTRADA,C.D.BELVIS,2,0,2-0,https://www.futgal.es/pnfg/NPcd/NFG_CmpPartido?cod_primaria=1000120&CodActa=1187054&cod_acta=1187054
SENIOR,SEGUNDA FUTGAL,SANTIAGO | GRUPO 2,15,12-01-2025,16:00,O Xeixo - Trazo,Hierba Natural,"REBOREDO RIADIGOS, JOSE LUIS",TRAZO C.F.,S.D. VILLESTRO,0,0,0-0,https://www.futgal.es/pnfg/NPcd/NFG_CmpPartido?cod_primaria=1000120&CodActa=1187055&cod_acta=1187055
SENIOR,SEGUNDA FUTGAL,SANTIAGO | GRUPO 2,15,12-01-2025,16:30,A Tilleira - Dubra,Hierba Artificial,"ANTELO ROMERO, XAIRO",S.D. DUBRA B,C.D. SAN MAMED,2,1,2-1,https://www.futgal.es/pnfg/NPcd/NFG_CmpPartido?cod_primaria=1000120&CodActa=1187056&cod_acta=1187056
SENIOR,SEGUNDA FUTGAL,SANTIAGO | GRUPO 2,15,12-01-2025,17:00,Mpal Do Camballón,Hierba Artificial,"RODRIGUEZ MUNIN, DANIEL",S.D. CRUCES,C.F. CIRE DE MELIDE,1,2,1-2,https://www.futgal.es/pnfg/NPcd/NFG_CmpPartido?cod_primaria=1000120&CodActa=1187057&cod_acta=1187057
SENIOR,SEGUNDA FUTGAL,SANTIAGO | GRUPO 2,15,12-01-2025,16:15,A Cañoteira - Cacheiras-Antigo Ignacio,Hierba Artificial,"PIÑEIRO LUGO, JESUS",S.D. CACHEIRAS,RODEIRO C.F.,1,1,1-1,https://www.futgal.es/pnfg/NPcd/NFG_CmpPartido?cod_primaria=1000120&CodActa=1187058&cod_acta=1187058
SENIOR,SEGUNDA FUTGAL,SANTIAGO | GRUPO 2,15,12-01-2025,17:00,Outeiriño,Hierba Artificial,"SOTO PEREZ, SECUNDINO",C.F. SILLEDA,S.D.C. RECESENDE,4,0,4-0,https://www.futgal.es/pnfg/NPcd/NFG_CmpPartido?cod_primaria=1000120&CodActa=1187059&cod_acta=1187059
SENIOR,SEGUNDA FUTGAL,SANTIAGO | GRUPO 2,15,12-01-2025,16:30,Mularedos,Hierba Natural,"GAY CASAL, JAVIER",LAMELA C.F.,SOCIEDADE DEPORTIVA O PINO,2,0,2-0,https://www.futgal.es/pnfg/NPcd/NFG_CmpPartido?cod_primaria=1000120&CodActa=1187060&cod_acta=1187060
SENIOR,SEGUNDA FUTGAL,SANTIAGO | GRUPO 2,15,12-01-2025,16:00,O Forte-Boqueixón,Hierba Artificial,"LAYA LOLO, XOEL",A.C.U.D. CAMPORRAPADO,C.D. SPORT TEAM ESTRADA,0,2,0-2,https://www.futgal.es/pnfg/NPcd/NFG_CmpPartido?cod_primaria=1000120&CodActa=1187061&cod_acta=1187061
SENIOR,SEGUNDA FUTGAL,SANTIAGO | GRUPO 2,15,12-01-2025,16:00,Campo de Fútbol Municipal As Cancelas,Hierba Artificial,"BOTANA REY, PABLO",C.D.BELVIS,U.D. VAL DO ULLA,1,0,1-0,https://www.futgal.es/pnfg/NPcd/NFG_CmpPartido?cod_primaria=1000120&CodActa=1187062&cod_acta=1187062
SENIOR,SEGUNDA FUTGAL,SANTIAGO | GRUPO 2,16,19-01-2025,16:30,Da Silveira- Camporrapado,Hierba Natural,"SOTO PEREZ, SECUNDINO",A.C.U.D. CAMPORRAPADO,C.D.BELVIS,1,2,1-2,https://www.futgal.es/pnfg/NPcd/NFG_CmpPartido?cod_primaria=1000120&CodActa=1187063&cod_acta=1187063
SENIOR,SEGUNDA FUTGAL,SANTIAGO | GRUPO 2,16,19-01-2025,16:30,Mularedos,Hierba Natural,"ENRIQUEZ PEREIRO, OSCAR",LAMELA C.F.,C.D. SPORT TEAM ESTRADA,0,5,0-5,https://www.futgal.es/pnfg/NPcd/NFG_CmpPartido?cod_primaria=1000120&CodActa=1187064&cod_acta=1187064
SENIOR,SEGUNDA FUTGAL,SANTIAGO | GRUPO 2,16,19-01-2025,18:00,Outeiriño,Hierba Artificial,"FERNANDEZ MONTOUTO, RUBEN",C.F. SILLEDA,SOCIEDADE DEPORTIVA O PINO,4,1,4-1,https://www.futgal.es/pnfg/NPcd/NFG_CmpPartido?cod_primaria=1000120&CodActa=1187065&cod_acta=1187065
SENIOR,SEGUNDA FUTGAL,SANTIAGO | GRUPO 2,16,19-01-2025,16:30,A Cañoteira - Cacheiras-Antigo Ignacio,Hierba Artificial,"GIL CALDELAS, SAMUEL",S.D. CACHEIRAS,S.D.C. RECESENDE,1,1,1-1,https://www.futgal.es/pnfg/NPcd/NFG_CmpPartido?cod_primaria=1000120&CodActa=1187066&cod_acta=1187066
SENIOR,SEGUNDA FUTGAL,SANTIAGO | GRUPO 2,16,19-01-2025,12:45,Mpal Do Camballón,Hierba Artificial,"CASTRO SANMARTIN, SEBASTIAN",S.D. CRUCES,RODEIRO C.F.,3,1,3-1,https://www.futgal.es/pnfg/NPcd/NFG_CmpPartido?cod_primaria=1000120&CodActa=1187067&cod_acta=1187067
SENIOR,SEGUNDA FUTGAL,SANTIAGO | GRUPO 2,16,18-01-2025,16:00,A Tilleira - Dubra,Hierba Artificial,"PONTE APONTE, ADRIAN",S.D. DUBRA B,C.F. CIRE DE MELIDE,0,3,0-3,https://www.futgal.es/pnfg/NPcd/NFG_CmpPartido?cod_primaria=1000120&CodActa=1187068&cod_acta=1187068
SENIOR,SEGUNDA FUTGAL,SANTIAGO | GRUPO 2,16,19-01-2025,12:15,O Xeixo - Trazo,Hierba Natural,"HERNANDEZ GIADANS, AGUSTIN",TRAZO C.F.,C.D. SAN MAMED,2,2,2-2,https://www.futgal.es/pnfg/NPcd/NFG_CmpPartido?cod_primaria=1000120&CodActa=1187069&cod_acta=1187069
SENIOR,SEGUNDA FUTGAL,SANTIAGO | GRUPO 2,16,19-01-2025,16:00,Suso Conde,Hierba Artificial,"GOMEZ GUTIERREZ, ADRIAN JOSE",S.D. VILLESTRO,U.D. VAL DO ULLA,3,2,3-2,https://www.futgal.es/pnfg/NPcd/NFG_CmpPartido?cod_primaria=1000120&CodActa=1187070&cod_acta=1187070
SENIOR,SEGUNDA FUTGAL,SANTIAGO | GRUPO 2,17,02-03-2025,17:00,O Coto - Val Do Ulla,Hierba Artificial,"ENRIQUEZ PEREIRO, OSCAR",U.D. VAL DO ULLA,A.C.U.D. CAMPORRAPADO,2,0,2-0,https://www.futgal.es/pnfg/NPcd/NFG_CmpPartido?cod_primaria=1000120&CodActa=1272370&cod_acta=1272370
SENIOR,SEGUNDA FUTGAL,SANTIAGO | GRUPO 2,17,02-03-2025,17:00,Campo de Fútbol Municipal As Cancelas,Hierba Artificial,"FERROL MUÑIZ, MIGUEL",C.D.BELVIS,LAMELA C.F.,1,2,1-2,https://www.futgal.es/pnfg/NPcd/NFG_CmpPartido?cod_primaria=1000120&CodActa=1272366&cod_acta=1272366
SENIOR,SEGUNDA FUTGAL,SANTIAGO | GRUPO 2,17,28-02-2025,21:00,Mcpal. Manuel Regueiro - Antiguo Figueroa,Hierba Artificial,"MARTINEZ SANTOS, OSCAR",C.D. SPORT TEAM ESTRADA,C.F. SILLEDA,4,1,4-1,https://www.futgal.es/pnfg/NPcd/NFG_CmpPartido?cod_primaria=1000120&CodActa=1272369&cod_acta=1272369
SENIOR,SEGUNDA FUTGAL,SANTIAGO | GRUPO 2,17,01-03-2025,12:00,Reboredo- Arca- O Pino,Hierba Artificial,"ALCALA REY, ALFONSO",SOCIEDADE DEPORTIVA O PINO,S.D. CACHEIRAS,0,0,0-0,https://www.futgal.es/pnfg/NPcd/NFG_CmpPartido?cod_primaria=1000120&CodActa=1272373&cod_acta=1272373
SENIOR,SEGUNDA FUTGAL,SANTIAGO | GRUPO 2,17,02-03-2025,16:00,A Devesiña - Recesende,Tierra,"MARTINEZ LAREO , MARCOS",S.D.C. RECESENDE,S.D. CRUCES,2,2,2-2,https://www.futgal.es/pnfg/NPcd/NFG_CmpPartido?cod_primaria=1000120&CodActa=1272372&cod_acta=1272372
SENIOR,SEGUNDA FUTGAL,SANTIAGO | GRUPO 2,17,28-02-2025,21:00,A Raña - Rodeiro,Hierba Artificial,"LAYA LOLO, XOEL",RODEIRO C.F.,S.D. DUBRA B,1,1,1-1,https://www.futgal.es/pnfg/NPcd/NFG_CmpPartido?cod_primaria=1000120&CodActa=1272367&cod_acta=1272367
SENIOR,SEGUNDA FUTGAL,SANTIAGO | GRUPO 2,17,01-03-2025,18:30,Campo Municipal Jesús Carlos Pampin Rua,Hierba Artificial,"TEIJEIRO FERNANDEZ, MIGUEL",C.F. CIRE DE MELIDE,TRAZO C.F.,4,0,4-0,https://www.futgal.es/pnfg/NPcd/NFG_CmpPartido?cod_primaria=1000120&CodActa=1272371&cod_acta=1272371
SENIOR,SEGUNDA FUTGAL,SANTIAGO | GRUPO 2,17,02-03-2025,19:00,San Mamed,Hierba Artificial,"CASTRO SANMARTIN, SEBASTIAN",C.D. SAN MAMED,S.D. VILLESTRO,0,2,0-2,https://www.futgal.es/pnfg/NPcd/NFG_CmpPartido?cod_primaria=1000120&CodActa=1272368&cod_acta=1272368
SENIOR,SEGUNDA FUTGAL,SANTIAGO | GRUPO 2,18,02-02-2025,17:00,Mularedos,Hierba Natural,"FERNANDEZ MONTOUTO, RUBEN",LAMELA C.F.,A.C.U.D. CAMPORRAPADO,8,0,8-0,https://www.futgal.es/pnfg/NPcd/NFG_CmpPartido?cod_primaria=1000120&CodActa=1187079&cod_acta=1187079
SENIOR,SEGUNDA FUTGAL,SANTIAGO | GRUPO 2,18,02-02-2025,17:00,Outeiriño,Hierba Artificial,"CASTRO SANMARTIN, SEBASTIAN",C.F. SILLEDA,C.D.BELVIS,2,2,2-2,https://www.futgal.es/pnfg/NPcd/NFG_CmpPartido?cod_primaria=1000120&CodActa=1187080&cod_acta=1187080
SENIOR,SEGUNDA FUTGAL,SANTIAGO | GRUPO 2,18,02-02-2025,16:30,A Cañoteira - Cacheiras-Antigo Ignacio,Hierba Artificial,"CASAL BARREIRO, ADRIAN",S.D. CACHEIRAS,C.D. SPORT TEAM ESTRADA,1,0,1-0,https://www.futgal.es/pnfg/NPcd/NFG_CmpPartido?cod_primaria=1000120&CodActa=1187081&cod_acta=1187081
SENIOR,SEGUNDA FUTGAL,SANTIAGO | GRUPO 2,18,02-02-2025,17:00,Mpal Do Camballón,Hierba Artificial,"LAYA LOLO, XOEL",S.D. CRUCES,SOCIEDADE DEPORTIVA O PINO,2,1,2-1,https://www.futgal.es/pnfg/NPcd/NFG_CmpPartido?cod_primaria=1000120&CodActa=1187082&cod_acta=1187082
SENIOR,SEGUNDA FUTGAL,SANTIAGO | GRUPO 2,18,01-02-2025,16:15,A Tilleira - Dubra,Hierba Artificial,"CASTRO LIÑARES, MARCO ALEJANDRO",S.D. DUBRA B,S.D.C. RECESENDE,1,1,1-1,https://www.futgal.es/pnfg/NPcd/NFG_CmpPartido?cod_primaria=1000120&CodActa=1187083&cod_acta=1187083
SENIOR,SEGUNDA FUTGAL,SANTIAGO | GRUPO 2,18,01-02-2025,17:00,O Xeixo - Trazo,Hierba Natural,"GIL CALDELAS, SAMUEL",TRAZO C.F.,RODEIRO C.F.,2,2,2-2,https://www.futgal.es/pnfg/NPcd/NFG_CmpPartido?cod_primaria=1000120&CodActa=1187084&cod_acta=1187084
SENIOR,SEGUNDA FUTGAL,SANTIAGO | GRUPO 2,18,02-02-2025,16:00,Suso Conde,Hierba Artificial,"ALAOUI SOULIMANI, AMINE",S.D. VILLESTRO,C.F. CIRE DE MELIDE,2,2,2-2,https://www.futgal.es/pnfg/NPcd/NFG_CmpPartido?cod_primaria=1000120&CodActa=1187085&cod_acta=1187085
SENIOR,SEGUNDA FUTGAL,SANTIAGO | GRUPO 2,18,02-02-2025,17:00,San Mamed,Hierba Artificial,"ENRIQUEZ PEREIRO, OSCAR",C.D. SAN MAMED,U.D. VAL DO ULLA,0,1,0-1,https://www.futgal.es/pnfg/NPcd/NFG_CmpPartido?cod_primaria=1000120&CodActa=1187086&cod_acta=1187086
SENIOR,SEGUNDA FUTGAL,SANTIAGO | GRUPO 2,19,09-02-2025,17:00,O Coto - Val Do Ulla,Hierba Artificial,"SOTO PEREZ, SECUNDINO",U.D. VAL DO ULLA,LAMELA C.F.,1,3,1-3,https://www.futgal.es/pnfg/NPcd/NFG_CmpPartido?cod_primaria=1000120&CodActa=1187087&cod_acta=1187087
SENIOR,SEGUNDA FUTGAL,SANTIAGO | GRUPO 2,19,09-02-2025,17:00,O Forte-Boqueixón,Hierba Artificial,"MACHADO MOSQUERA, CRISTIAN",A.C.U.D. CAMPORRAPADO,C.F. SILLEDA,0,3,0-3,https://www.futgal.es/pnfg/NPcd/NFG_CmpPartido?cod_primaria=1000120&CodActa=1187088&cod_acta=1187088
SENIOR,SEGUNDA FUTGAL,SANTIAGO | GRUPO 2,19,09-02-2025,16:00,Campo de Fútbol Municipal As Cancelas,Hierba Artificial,"MIGUENS SANTIAGO, SERGIO",C.D.BELVIS,S.D. CACHEIRAS,0,3,0-3,https://www.futgal.es/pnfg/NPcd/NFG_CmpPartido?cod_primaria=1000120&CodActa=1187089&cod_acta=1187089
SENIOR,SEGUNDA FUTGAL,SANTIAGO | GRUPO 2,19,09-02-2025,17:00,Mcpal. Manuel Regueiro - Antiguo Figueroa,Hierba Artificial,"GAY CASAL, JAVIER",C.D. SPORT TEAM ESTRADA,S.D. CRUCES,3,0,3-0,https://www.futgal.es/pnfg/NPcd/NFG_CmpPartido?cod_primaria=1000120&CodActa=1187090&cod_acta=1187090
SENIOR,SEGUNDA FUTGAL,SANTIAGO | GRUPO 2,19,09-02-2025,17:00,Reboredo- Arca- O Pino,Hierba Artificial,"REGO RODRIGUEZ, JOSE LUIS",SOCIEDADE DEPORTIVA O PINO,S.D. DUBRA B,2,3,2-3,https://www.futgal.es/pnfg/NPcd/NFG_CmpPartido?cod_primaria=1000120&CodActa=1187091&cod_acta=1187091
SENIOR,SEGUNDA FUTGAL,SANTIAGO | GRUPO 2,19,09-02-2025,16:15,A Devesiña - Recesende,Tierra,"ANTELO ROMERO, XAIRO",S.D.C. RECESENDE,TRAZO C.F.,0,1,0-1,https://www.futgal.es/pnfg/NPcd/NFG_CmpPartido?cod_primaria=1000120&CodActa=1187092&cod_acta=1187092
SENIOR,SEGUNDA FUTGAL,SANTIAGO | GRUPO 2,19,09-02-2025,18:00,A Raña - Rodeiro,Hierba Artificial,"FERNANDEZ MONTOUTO, RUBEN",RODEIRO C.F.,S.D. VILLESTRO,3,1,3-1,https://www.futgal.es/pnfg/NPcd/NFG_CmpPartido?cod_primaria=1000120&CodActa=1187093&cod_acta=1187093
SENIOR,SEGUNDA FUTGAL,SANTIAGO | GRUPO 2,19,09-02-2025,17:00,Campo Municipal Jesús Carlos Pampin Rua,Hierba Artificial,"LOMBAO GONZALEZ, IAGO",C.F. CIRE DE MELIDE,C.D. SAN MAMED,4,0,4-0,https://www.futgal.es/pnfg/NPcd/NFG_CmpPartido?cod_primaria=1000120&CodActa=1187094&cod_acta=1187094
SENIOR,SEGUNDA FUTGAL,SANTIAGO | GRUPO 2,20,16-02-2025,17:30,Outeiriño,Hierba Artificial,"FERNANDEZ MONTOUTO, RUBEN",C.F. SILLEDA,LAMELA C.F.,2,3,2-3,https://www.futgal.es/pnfg/NPcd/NFG_CmpPartido?cod_primaria=1000120&CodActa=1187095&cod_acta=1187095
SENIOR,SEGUNDA FUTGAL,SANTIAGO | GRUPO 2,20,16-02-2025,17:00,A Cañoteira - Cacheiras-Antigo Ignacio,Hierba Artificial,"GARCIA ALVAREZ, ADRIAN",S.D. CACHEIRAS,A.C.U.D. CAMPORRAPADO,2,1,2-1,https://www.futgal.es/pnfg/NPcd/NFG_CmpPartido?cod_primaria=1000120&CodActa=1187096&cod_acta=1187096
SENIOR,SEGUNDA FUTGAL,SANTIAGO | GRUPO 2,20,16-02-2025,18:30,Mpal Do Camballón,Hierba Artificial,"MACHADO MOSQUERA, CRISTIAN",S.D. CRUCES,C.D.BELVIS,2,0,2-0,https://www.futgal.es/pnfg/NPcd/NFG_CmpPartido?cod_primaria=1000120&CodActa=1187097&cod_acta=1187097
SENIOR,SEGUNDA FUTGAL,SANTIAGO | GRUPO 2,20,16-02-2025,18:15,A Tilleira - Dubra,Hierba Artificial,"QUINTANA PEREIRO, SERGIO",S.D. DUBRA B,C.D. SPORT TEAM ESTRADA,2,5,2-5,https://www.futgal.es/pnfg/NPcd/NFG_CmpPartido?cod_primaria=1000120&CodActa=1187098&cod_acta=1187098
SENIOR,SEGUNDA FUTGAL,SANTIAGO | GRUPO 2,20,16-02-2025,17:00,O Xeixo - Trazo,Hierba Natural,"FERNANDEZ LODEIRO, ABEL",TRAZO C.F.,SOCIEDADE DEPORTIVA O PINO,2,2,2-2,https://www.futgal.es/pnfg/NPcd/NFG_CmpPartido?cod_primaria=1000120&CodActa=1187099&cod_acta=1187099
SENIOR,SEGUNDA FUTGAL,SANTIAGO | GRUPO 2,20,16-02-2025,16:30,Suso Conde,Hierba Artificial,"VIDAL FONSECA, GUSTAVO",S.D. VILLESTRO,S.D.C. RECESENDE,3,1,3-1,https://www.futgal.es/pnfg/NPcd/NFG_CmpPartido?cod_primaria=1000120&CodActa=1187100&cod_acta=1187100
SENIOR,SEGUNDA FUTGAL,SANTIAGO | GRUPO 2,20,16-02-2025,17:00,San Mamed,Hierba Artificial,"GAY CASAL, JAVIER",C.D. SAN MAMED,RODEIRO C.F.,2,1,2-1,https://www.futgal.es/pnfg/NPcd/NFG_CmpPartido?cod_primaria=1000120&CodActa=1187101&cod_acta=1187101
SENIOR,SEGUNDA FUTGAL,SANTIAGO | GRUPO 2,20,16-02-2025,17:00,Campo Municipal Jesús Carlos Pampin Rua,Hierba Artificial,"MARTINEZ SANTOS, OSCAR",C.F. CIRE DE MELIDE,U.D. VAL DO ULLA,3,0,3-0,https://www.futgal.es/pnfg/NPcd/NFG_CmpPartido?cod_primaria=1000120&CodActa=1187102&cod_acta=1187102
SENIOR,SEGUNDA FUTGAL,SANTIAGO | GRUPO 2,21,23-02-2025,17:00,O Coto - Val Do Ulla,Hierba Artificial,"VILLANUEVA ANSEDES, CARMEN",U.D. VAL DO ULLA,C.F. SILLEDA,3,1,3-1,https://www.futgal.es/pnfg/NPcd/NFG_CmpPartido?cod_primaria=1000120&CodActa=1187103&cod_acta=1187103
SENIOR,SEGUNDA FUTGAL,SANTIAGO | GRUPO 2,21,23-02-2025,17:00,Mularedos,Hierba Natural,"GAY CASAL, JAVIER",LAMELA C.F.,S.D. CACHEIRAS,2,1,2-1,https://www.futgal.es/pnfg/NPcd/NFG_CmpPartido?cod_primaria=1000120&CodActa=1187104&cod_acta=1187104
SENIOR,SEGUNDA FUTGAL,SANTIAGO | GRUPO 2,21,23-02-2025,12:00,O Forte-Boqueixón,Hierba Artificial,"TABOADA DOVAL, DAVID",A.C.U.D. CAMPORRAPADO,S.D. CRUCES,0,1,0-1,https://www.futgal.es/pnfg/NPcd/NFG_CmpPartido?cod_primaria=1000120&CodActa=1187105&cod_acta=1187105
SENIOR,SEGUNDA FUTGAL,SANTIAGO | GRUPO 2,21,23-02-2025,16:00,Campo de Fútbol Municipal As Cancelas,Hierba Artificial,"MIRAZO INSUA, PEDRO",C.D.BELVIS,S.D. DUBRA B,0,2,0-2,https://www.futgal.es/pnfg/NPcd/NFG_CmpPartido?cod_primaria=1000120&CodActa=1187106&cod_acta=1187106
SENIOR,SEGUNDA FUTGAL,SANTIAGO | GRUPO 2,21,22-02-2025,18:15,Mcpal. Manuel Regueiro - Antiguo Figueroa,Hierba Artificial,"GARCIA LISTE, IRIA",C.D. SPORT TEAM ESTRADA,TRAZO C.F.,4,0,4-0,https://www.futgal.es/pnfg/NPcd/NFG_CmpPartido?cod_primaria=1000120&CodActa=1187107&cod_acta=1187107
SENIOR,SEGUNDA FUTGAL,SANTIAGO | GRUPO 2,21,23-02-2025,17:00,Reboredo- Arca- O Pino,Hierba Artificial,"MARTINEZ LAREO , MARCOS",SOCIEDADE DEPORTIVA O PINO,S.D. VILLESTRO,3,2,3-2,https://www.futgal.es/pnfg/NPcd/NFG_CmpPartido?cod_primaria=1000120&CodActa=1187108&cod_acta=1187108
SENIOR,SEGUNDA FUTGAL,SANTIAGO | GRUPO 2,21,23-02-2025,16:15,A Devesiña - Recesende,Tierra,"CANAY FERNANDEZ, BRAIS",S.D.C. RECESENDE,C.D. SAN MAMED,1,0,1-0,https://www.futgal.es/pnfg/NPcd/NFG_CmpPartido?cod_primaria=1000120&CodActa=1187109&cod_acta=1187109
SENIOR,SEGUNDA FUTGAL,SANTIAGO | GRUPO 2,21,23-02-2025,20:00,A Raña - Rodeiro,Hierba Artificial,"BOTANA REY, PABLO",RODEIRO C.F.,C.F. CIRE DE MELIDE,0,2,0-2,https://www.futgal.es/pnfg/NPcd/NFG_CmpPartido?cod_primaria=1000120&CodActa=1187110&cod_acta=1187110
SENIOR,SEGUNDA FUTGAL,SANTIAGO | GRUPO 2,22,09-03-2025,18:00,A Cañoteira - Cacheiras-Antigo Ignacio,Hierba Artificial,"REGO RODRIGUEZ, JOSE LUIS",S.D. CACHEIRAS,C.F. SILLEDA,7,0,7-0,https://www.futgal.es/pnfg/NPcd/NFG_CmpPartido?cod_primaria=1000120&CodActa=1187111&cod_acta=1187111
SENIOR,SEGUNDA FUTGAL,SANTIAGO | GRUPO 2,22,09-03-2025,18:00,Mpal Do Camballón,Hierba Artificial,"VILLANUEVA ANSEDES, CARMEN",S.D. CRUCES,LAMELA C.F.,0,4,0-4,https://www.futgal.es/pnfg/NPcd/NFG_CmpPartido?cod_primaria=1000120&CodActa=1187112&cod_acta=1187112
SENIOR,SEGUNDA FUTGAL,SANTIAGO | GRUPO 2,22,09-03-2025,18:30,A Tilleira - Dubra,Hierba Artificial,"BREY COUTO, RODRIGO",S.D. DUBRA B,A.C.U.D. CAMPORRAPADO,4,1,4-1,https://www.futgal.es/pnfg/NPcd/NFG_CmpPartido?cod_primaria=1000120&CodActa=1187113&cod_acta=1187113
SENIOR,SEGUNDA FUTGAL,SANTIAGO | GRUPO 2,22,09-03-2025,16:00,O Xeixo - Trazo,Hierba Natural,"VIDAL FONSECA, GUSTAVO",TRAZO C.F.,C.D.BELVIS,2,2,2-2,https://www.futgal.es/pnfg/NPcd/NFG_CmpPartido?cod_primaria=1000120&CodActa=1187114&cod_acta=1187114
SENIOR,SEGUNDA FUTGAL,SANTIAGO | GRUPO 2,22,09-03-2025,16:30,Suso Conde,Hierba Artificial,"GOMEZ GUTIERREZ, ADRIAN JOSE",S.D. VILLESTRO,C.D. SPORT TEAM ESTRADA,1,3,1-3,https://www.futgal.es/pnfg/NPcd/NFG_CmpPartido?cod_primaria=1000120&CodActa=1187115&cod_acta=1187115
SENIOR,SEGUNDA FUTGAL,SANTIAGO | GRUPO 2,22,09-03-2025,18:00,San Mamed,Hierba Artificial,"FERNANDEZ MONTOUTO, RUBEN",C.D. SAN MAMED,SOCIEDADE DEPORTIVA O PINO,0,2,0-2,https://www.futgal.es/pnfg/NPcd/NFG_CmpPartido?cod_primaria=1000120&CodActa=1187116&cod_acta=1187116
SENIOR,SEGUNDA FUTGAL,SANTIAGO | GRUPO 2,22,09-03-2025,17:00,Campo Municipal Jesús Carlos Pampin Rua,Hierba Artificial,"HERNANDEZ GIADANS, AGUSTIN",C.F. CIRE DE MELIDE,S.D.C. RECESENDE,7,2,7-2,https://www.futgal.es/pnfg/NPcd/NFG_CmpPartido?cod_primaria=1000120&CodActa=1187117&cod_acta=1187117
SENIOR,SEGUNDA FUTGAL,SANTIAGO | GRUPO 2,22,09-03-2025,17:00,A Raña - Rodeiro,Hierba Artificial,"SOTO PEREZ, SECUNDINO",RODEIRO C.F.,U.D. VAL DO ULLA,2,0,2-0,https://www.futgal.es/pnfg/NPcd/NFG_CmpPartido?cod_primaria=1000120&CodActa=1187118&cod_acta=1187118
SENIOR,SEGUNDA FUTGAL,SANTIAGO | GRUPO 2,23,16-03-2025,17:00,O Coto - Val Do Ulla,Hierba Artificial,"REBOREDO RIADIGOS, JOSE LUIS",U.D. VAL DO ULLA,S.D. CACHEIRAS,0,1,0-1,https://www.futgal.es/pnfg/NPcd/NFG_CmpPartido?cod_primaria=1000120&CodActa=1187119&cod_acta=1187119
SENIOR,SEGUNDA FUTGAL,SANTIAGO | GRUPO 2,23,16-03-2025,17:00,Outeiriño,Hierba Artificial,"ENRIQUEZ PEREIRO, OSCAR",C.F. SILLEDA,S.D. CRUCES,1,1,1-1,https://www.futgal.es/pnfg/NPcd/NFG_CmpPartido?cod_primaria=1000120&CodActa=1187120&cod_acta=1187120
SENIOR,SEGUNDA FUTGAL,SANTIAGO | GRUPO 2,23,16-03-2025,17:00,Mularedos,Hierba Natural,"CASTRO SANMARTIN, SEBASTIAN",LAMELA C.F.,S.D. DUBRA B,2,0,2-0,https://www.futgal.es/pnfg/NPcd/NFG_CmpPartido?cod_primaria=1000120&CodActa=1187121&cod_acta=1187121
SENIOR,SEGUNDA FUTGAL,SANTIAGO | GRUPO 2,23,16-03-2025,16:00,O Forte-Boqueixón,Hierba Artificial,"GAY CASAL, JAVIER",A.C.U.D. CAMPORRAPADO,TRAZO C.F.,1,4,1-4,https://www.futgal.es/pnfg/NPcd/NFG_CmpPartido?cod_primaria=1000120&CodActa=1187122&cod_acta=1187122
SENIOR,SEGUNDA FUTGAL,SANTIAGO | GRUPO 2,23,16-03-2025,17:00,Campo de Fútbol Municipal As Cancelas,Hierba Artificial,"BRION SANISIDRO, FRANCISCO MANUEL",C.D.BELVIS,S.D. VILLESTRO,1,2,1-2,https://www.futgal.es/pnfg/NPcd/NFG_CmpPartido?cod_primaria=1000120&CodActa=1187123&cod_acta=1187123
SENIOR,SEGUNDA FUTGAL,SANTIAGO | GRUPO 2,23,15-03-2025,18:30,Mcpal. Manuel Regueiro - Antiguo Figueroa,Hierba Artificial,"TEIJEIRO FERNANDEZ, MIGUEL",C.D. SPORT TEAM ESTRADA,C.D. SAN MAMED,2,1,2-1,https://www.futgal.es/pnfg/NPcd/NFG_CmpPartido?cod_primaria=1000120&CodActa=1187124&cod_acta=1187124
SENIOR,SEGUNDA FUTGAL,SANTIAGO | GRUPO 2,23,16-03-2025,17:00,Reboredo- Arca- O Pino,Hierba Artificial,"GIL CALDELAS, SAMUEL",SOCIEDADE DEPORTIVA O PINO,C.F. CIRE DE MELIDE,0,0,0-0,https://www.futgal.es/pnfg/NPcd/NFG_CmpPartido?cod_primaria=1000120&CodActa=1187125&cod_acta=1187125
SENIOR,SEGUNDA FUTGAL,SANTIAGO | GRUPO 2,23,16-03-2025,16:30,A Devesiña - Recesende,Tierra,"FRANCO SABORIDO, DAVID",S.D.C. RECESENDE,RODEIRO C.F.,0,1,0-1,https://www.futgal.es/pnfg/NPcd/NFG_CmpPartido?cod_primaria=1000120&CodActa=1187126&cod_acta=1187126
SENIOR,SEGUNDA FUTGAL,SANTIAGO | GRUPO 2,24,23-03-2025,17:00,Mpal Do Camballón,Hierba Artificial,"FERNANDEZ MONTOUTO, RUBEN",S.D. CRUCES,S.D. CACHEIRAS,1,2,1-2,https://www.futgal.es/pnfg/NPcd/NFG_CmpPartido?cod_primaria=1000120&CodActa=1187127&cod_acta=1187127
SENIOR,SEGUNDA FUTGAL,SANTIAGO | GRUPO 2,24,23-03-2025,18:30,A Tilleira - Dubra,Hierba Artificial,"ANTELO ROMERO, XAIRO",S.D. DUBRA B,C.F. SILLEDA,2,2,2-2,https://www.futgal.es/pnfg/NPcd/NFG_CmpPartido?cod_primaria=1000120&CodActa=1187128&cod_acta=1187128
SENIOR,SEGUNDA FUTGAL,SANTIAGO | GRUPO 2,24,23-03-2025,17:00,O Xeixo - Trazo,Hierba Natural,"HERNANDEZ GIADANS, AGUSTIN",TRAZO C.F.,LAMELA C.F.,1,1,1-1,https://www.futgal.es/pnfg/NPcd/NFG_CmpPartido?cod_primaria=1000120&CodActa=1187129&cod_acta=1187129
SENIOR,SEGUNDA FUTGAL,SANTIAGO | GRUPO 2,24,23-03-2025,17:00,Suso Conde,Hierba Artificial,"TEIJEIRO FERNANDEZ, MIGUEL",S.D. VILLESTRO,A.C.U.D. CAMPORRAPADO,6,0,6-0,https://www.futgal.es/pnfg/NPcd/NFG_CmpPartido?cod_primaria=1000120&CodActa=1187130&cod_acta=1187130
SENIOR,SEGUNDA FUTGAL,SANTIAGO | GRUPO 2,24,23-03-2025,18:30,San Mamed,Hierba Artificial,"ENRIQUEZ PEREIRO, OSCAR",C.D. SAN MAMED,C.D.BELVIS,1,4,1-4,https://www.futgal.es/pnfg/NPcd/NFG_CmpPartido?cod_primaria=1000120&CodActa=1187131&cod_acta=1187131
SENIOR,SEGUNDA FUTGAL,SANTIAGO | GRUPO 2,24,23-03-2025,17:00,Campo Municipal Jesús Carlos Pampin Rua,Hierba Artificial,"CARRILLO CHEKHOV, IVAN",C.F. CIRE DE MELIDE,C.D. SPORT TEAM ESTRADA,2,1,2-1,https://www.futgal.es/pnfg/NPcd/NFG_CmpPartido?cod_primaria=1000120&CodActa=1187132&cod_acta=1187132
SENIOR,SEGUNDA FUTGAL,SANTIAGO | GRUPO 2,24,23-03-2025,16:30,A Raña - Rodeiro,Hierba Artificial,"MACHADO MOSQUERA, CRISTIAN",RODEIRO C.F.,SOCIEDADE DEPORTIVA O PINO,3,2,3-2,https://www.futgal.es/pnfg/NPcd/NFG_CmpPartido?cod_primaria=1000120&CodActa=1187133&cod_acta=1187133
SENIOR,SEGUNDA FUTGAL,SANTIAGO | GRUPO 2,24,23-03-2025,16:30,A Devesiña - Recesende,Tierra,"GOMEZ GUTIERREZ, ADRIAN JOSE",S.D.C. RECESENDE,U.D. VAL DO ULLA,2,3,2-3,https://www.futgal.es/pnfg/NPcd/NFG_CmpPartido?cod_primaria=1000120&CodActa=1187134&cod_acta=1187134
SENIOR,SEGUNDA FUTGAL,SANTIAGO | GRUPO 2,25,30-03-2025,17:00,O Coto - Val Do Ulla,Hierba Artificial,"TEIJEIRO FERNANDEZ, MIGUEL",U.D. VAL DO ULLA,S.D. CRUCES,1,1,1-1,https://www.futgal.es/pnfg/NPcd/NFG_CmpPartido?cod_primaria=1000120&CodActa=1187135&cod_acta=1187135
SENIOR,SEGUNDA FUTGAL,SANTIAGO | GRUPO 2,25,30-03-2025,17:00,A Cañoteira - Cacheiras-Antigo Ignacio,Hierba Artificial,"MARTINEZ LAREO , MARCOS",S.D. CACHEIRAS,S.D. DUBRA B,2,0,2-0,https://www.futgal.es/pnfg/NPcd/NFG_CmpPartido?cod_primaria=1000120&CodActa=1187136&cod_acta=1187136
SENIOR,SEGUNDA FUTGAL,SANTIAGO | GRUPO 2,25,30-03-2025,18:00,Outeiriño,Hierba Artificial,"TABOADA DOVAL, DAVID",C.F. SILLEDA,TRAZO C.F.,3,3,3-3,https://www.futgal.es/pnfg/NPcd/NFG_CmpPartido?cod_primaria=1000120&CodActa=1187137&cod_acta=1187137
SENIOR,SEGUNDA FUTGAL,SANTIAGO | GRUPO 2,25,30-03-2025,17:30,Mularedos,Hierba Natural,"MACHADO MOSQUERA, CRISTIAN",LAMELA C.F.,S.D. VILLESTRO,3,2,3-2,https://www.futgal.es/pnfg/NPcd/NFG_CmpPartido?cod_primaria=1000120&CodActa=1187138&cod_acta=1187138
SENIOR,SEGUNDA FUTGAL,SANTIAGO | GRUPO 2,25,30-03-2025,18:00,O Forte-Boqueixón,Hierba Artificial,"SOTO PEREZ, SECUNDINO",A.C.U.D. CAMPORRAPADO,C.D. SAN MAMED,0,4,0-4,https://www.futgal.es/pnfg/NPcd/NFG_CmpPartido?cod_primaria=1000120&CodActa=1187139&cod_acta=1187139
SENIOR,SEGUNDA FUTGAL,SANTIAGO | GRUPO 2,25,30-03-2025,16:30,Campo de Fútbol Municipal As Cancelas,Hierba Artificial,"ANTELO ROMERO, XAIRO",C.D.BELVIS,C.F. CIRE DE MELIDE,0,2,0-2,https://www.futgal.es/pnfg/NPcd/NFG_CmpPartido?cod_primaria=1000120&CodActa=1187140&cod_acta=1187140
SENIOR,SEGUNDA FUTGAL,SANTIAGO | GRUPO 2,25,30-03-2025,17:00,Mcpal. Manuel Regueiro - Antiguo Figueroa,Hierba Artificial,"GARCIA VEIRAS, RAUL",C.D. SPORT TEAM ESTRADA,RODEIRO C.F.,1,0,1-0,https://www.futgal.es/pnfg/NPcd/NFG_CmpPartido?cod_primaria=1000120&CodActa=1187141&cod_acta=1187141
SENIOR,SEGUNDA FUTGAL,SANTIAGO | GRUPO 2,25,30-03-2025,17:00,Reboredo- Arca- O Pino,Hierba Artificial,"REGO RODRIGUEZ, JOSE LUIS",SOCIEDADE DEPORTIVA O PINO,S.D.C. RECESENDE,6,2,6-2,https://www.futgal.es/pnfg/NPcd/NFG_CmpPartido?cod_primaria=1000120&CodActa=1187142&cod_acta=1187142
SENIOR,SEGUNDA FUTGAL,SANTIAGO | GRUPO 2,26,06-04-2025,18:30,A Tilleira - Dubra,Hierba Artificial,"REBOREDO RIADIGOS, JOSE LUIS",S.D. DUBRA B,S.D. CRUCES,4,0,4-0,https://www.futgal.es/pnfg/NPcd/NFG_CmpPartido?cod_primaria=1000120&CodActa=1187143&cod_acta=1187143
SENIOR,SEGUNDA FUTGAL,SANTIAGO | GRUPO 2,26,06-04-2025,18:00,O Xeixo - Trazo,Hierba Natural,"MIGUENS SANTIAGO, SERGIO",TRAZO C.F.,S.D. CACHEIRAS,0,3,0-3,https://www.futgal.es/pnfg/NPcd/NFG_CmpPartido?cod_primaria=1000120&CodActa=1187144&cod_acta=1187144
SENIOR,SEGUNDA FUTGAL,SANTIAGO | GRUPO 2,26,06-04-2025,16:00,Suso Conde,Hierba Artificial,"BOTANA REY, PABLO",S.D. VILLESTRO,C.F. SILLEDA,3,0,3-0,https://www.futgal.es/pnfg/NPcd/NFG_CmpPartido?cod_primaria=1000120&CodActa=1187145&cod_acta=1187145
SENIOR,SEGUNDA FUTGAL,SANTIAGO | GRUPO 2,26,05-04-2025,18:30,San Mamed,Hierba Artificial,"LAYA LOLO, XOEL",C.D. SAN MAMED,LAMELA C.F.,0,1,0-1,https://www.futgal.es/pnfg/NPcd/NFG_CmpPartido?cod_primaria=1000120&CodActa=1187146&cod_acta=1187146
SENIOR,SEGUNDA FUTGAL,SANTIAGO | GRUPO 2,26,06-04-2025,17:00,Campo Municipal Jesús Carlos Pampin Rua,Hierba Artificial,"RODRIGUEZ MOAR, DARIO",C.F. CIRE DE MELIDE,A.C.U.D. CAMPORRAPADO,8,0,8-0,https://www.futgal.es/pnfg/NPcd/NFG_CmpPartido?cod_primaria=1000120&CodActa=1187147&cod_acta=1187147
SENIOR,SEGUNDA FUTGAL,SANTIAGO | GRUPO 2,26,06-04-2025,17:00,A Raña - Rodeiro,Hierba Artificial,"GAY CASAL, JAVIER",RODEIRO C.F.,C.D.BELVIS,1,1,1-1,https://www.futgal.es/pnfg/NPcd/NFG_CmpPartido?cod_primaria=1000120&CodActa=1187148&cod_acta=1187148
SENIOR,SEGUNDA FUTGAL,SANTIAGO | GRUPO 2,26,06-04-2025,16:00,A Devesiña - Recesende,Tierra,"PONTE APONTE, ADRIAN",S.D.C. RECESENDE,C.D. SPORT TEAM ESTRADA,1,6,1-6,https://www.futgal.es/pnfg/NPcd/NFG_CmpPartido?cod_primaria=1000120&CodActa=1187149&cod_acta=1187149
SENIOR,SEGUNDA FUTGAL,SANTIAGO | GRUPO 2,26,06-04-2025,17:00,Reboredo- Arca- O Pino,Hierba Artificial,"FERRO BENITO, ANDRES",SOCIEDADE DEPORTIVA O PINO,U.D. VAL DO ULLA,3,1,3-1,https://www.futgal.es/pnfg/NPcd/NFG_CmpPartido?cod_primaria=1000120&CodActa=1187150&cod_acta=1187150
SENIOR,SEGUNDA FUTGAL,SANTIAGO | GRUPO 2,27,13-04-2025,18:00,O Coto - Val Do Ulla,Hierba Artificial,"TABOADA DOVAL, DAVID",U.D. VAL DO ULLA,S.D. DUBRA B,1,0,1-0,https://www.futgal.es/pnfg/NPcd/NFG_CmpPartido?cod_primaria=1000120&CodActa=1187151&cod_acta=1187151
SENIOR,SEGUNDA FUTGAL,SANTIAGO | GRUPO 2,27,13-04-2025,17:00,Mpal Do Camballón,Hierba Artificial,"MACHADO MOSQUERA, CRISTIAN",S.D. CRUCES,TRAZO C.F.,3,1,3-1,https://www.futgal.es/pnfg/NPcd/NFG_CmpPartido?cod_primaria=1000120&CodActa=1187152&cod_acta=1187152
SENIOR,SEGUNDA FUTGAL,SANTIAGO | GRUPO 2,27,13-04-2025,18:30,A Cañoteira - Cacheiras-Antigo Ignacio,Hierba Artificial,"ENRIQUEZ PEREIRO, OSCAR",S.D. CACHEIRAS,S.D. VILLESTRO,1,1,1-1,https://www.futgal.es/pnfg/NPcd/NFG_CmpPartido?cod_primaria=1000120&CodActa=1187153&cod_acta=1187153
SENIOR,SEGUNDA FUTGAL,SANTIAGO | GRUPO 2,27,13-04-2025,18:00,Outeiriño,Hierba Artificial,"GOMEZ GUTIERREZ, ADRIAN JOSE",C.F. SILLEDA,C.D. SAN MAMED,4,2,4-2,https://www.futgal.es/pnfg/NPcd/NFG_CmpPartido?cod_primaria=1000120&CodActa=1187154&cod_acta=1187154
SENIOR,SEGUNDA FUTGAL,SANTIAGO | GRUPO 2,27,13-04-2025,18:00,Mularedos,Hierba Natural,"ALCALA REY, ALFONSO",LAMELA C.F.,C.F. CIRE DE MELIDE,2,2,2-2,https://www.futgal.es/pnfg/NPcd/NFG_CmpPartido?cod_primaria=1000120&CodActa=1187155&cod_acta=1187155
SENIOR,SEGUNDA FUTGAL,SANTIAGO | GRUPO 2,27,13-04-2025,16:15,O Forte-Boqueixón,Hierba Artificial,"FERNANDEZ MONTOUTO, RUBEN",A.C.U.D. CAMPORRAPADO,RODEIRO C.F.,3,3,3-3,https://www.futgal.es/pnfg/NPcd/NFG_CmpPartido?cod_primaria=1000120&CodActa=1187156&cod_acta=1187156
SENIOR,SEGUNDA FUTGAL,SANTIAGO | GRUPO 2,27,13-04-2025,17:00,Campo de Fútbol Municipal As Cancelas,Hierba Artificial,"FONTES MOSQUEIRA, XESUS",C.D.BELVIS,S.D.C. RECESENDE,3,4,3-4,https://www.futgal.es/pnfg/NPcd/NFG_CmpPartido?cod_primaria=1000120&CodActa=1187157&cod_acta=1187157
SENIOR,SEGUNDA FUTGAL,SANTIAGO | GRUPO 2,27,12-04-2025,19:00,Mcpal. Manuel Regueiro - Antiguo Figueroa,Hierba Artificial,"VIDAL FONSECA, GUSTAVO",C.D. SPORT TEAM ESTRADA,SOCIEDADE DEPORTIVA O PINO,2,0,2-0,https://www.futgal.es/pnfg/NPcd/NFG_CmpPartido?cod_primaria=1000120&CodActa=1187158&cod_acta=1187158
SENIOR,SEGUNDA FUTGAL,SANTIAGO | GRUPO 2,28,26-04-2025,18:00,O Xeixo - Trazo,Hierba Natural,"ALAOUI SOULIMANI, AMINE",TRAZO C.F.,S.D. DUBRA B,3,1,3-1,https://www.futgal.es/pnfg/NPcd/NFG_CmpPartido?cod_primaria=1000120&CodActa=1187159&cod_acta=1187159
SENIOR,SEGUNDA FUTGAL,SANTIAGO | GRUPO 2,28,27-04-2025,17:00,Suso Conde,Hierba Artificial,"SÁNCHEZ NOYA, JOSÉ MANUEL",S.D. VILLESTRO,S.D. CRUCES,5,1,5-1,https://www.futgal.es/pnfg/NPcd/NFG_CmpPartido?cod_primaria=1000120&CodActa=1187160&cod_acta=1187160
SENIOR,SEGUNDA FUTGAL,SANTIAGO | GRUPO 2,28,27-04-2025,18:30,San Mamed,Hierba Artificial,"MACHADO MOSQUERA, CRISTIAN",C.D. SAN MAMED,S.D. CACHEIRAS,2,0,2-0,https://www.futgal.es/pnfg/NPcd/NFG_CmpPartido?cod_primaria=1000120&CodActa=1187161&cod_acta=1187161
SENIOR,SEGUNDA FUTGAL,SANTIAGO | GRUPO 2,28,27-04-2025,18:00,Campo Municipal Jesús Carlos Pampin Rua,Hierba Artificial,"CASTRO CASTRO, MIGUEL ANGEL",C.F. CIRE DE MELIDE,C.F. SILLEDA,3,0,3-0,https://www.futgal.es/pnfg/NPcd/NFG_CmpPartido?cod_primaria=1000120&CodActa=1187162&cod_acta=1187162
SENIOR,SEGUNDA FUTGAL,SANTIAGO | GRUPO 2,28,27-04-2025,17:00,A Raña - Rodeiro,Hierba Artificial,"TABOADA DOVAL, DAVID",RODEIRO C.F.,LAMELA C.F.,4,3,4-3,https://www.futgal.es/pnfg/NPcd/NFG_CmpPartido?cod_primaria=1000120&CodActa=1187163&cod_acta=1187163
SENIOR,SEGUNDA FUTGAL,SANTIAGO | GRUPO 2,28,27-04-2025,18:00,A Devesiña - Recesende,Tierra,"COSTA CAROU, OSCAR",S.D.C. RECESENDE,A.C.U.D. CAMPORRAPADO,1,0,1-0,https://www.futgal.es/pnfg/NPcd/NFG_CmpPartido?cod_primaria=1000120&CodActa=1187164&cod_acta=1187164
SENIOR,SEGUNDA FUTGAL,SANTIAGO | GRUPO 2,28,27-04-2025,17:00,Reboredo- Arca- O Pino,Hierba Artificial,"CASTRO SANMARTIN, SEBASTIAN",SOCIEDADE DEPORTIVA O PINO,C.D.BELVIS,4,2,4-2,https://www.futgal.es/pnfg/NPcd/NFG_CmpPartido?cod_primaria=1000120&CodActa=1187165&cod_acta=1187165
SENIOR,SEGUNDA FUTGAL,SANTIAGO | GRUPO 2,28,26-04-2025,19:00,Mcpal. Manuel Regueiro - Antiguo Figueroa,Hierba Artificial,"FUENTES GARCIA, IAGO",C.D. SPORT TEAM ESTRADA,U.D. VAL DO ULLA,6,0,6-0,https://www.futgal.es/pnfg/NPcd/NFG_CmpPartido?cod_primaria=1000120&CodActa=1187166&cod_acta=1187166
SENIOR,SEGUNDA FUTGAL,SANTIAGO | GRUPO 2,29,04-05-2025,18:30,O Xeixo - Trazo,Hierba Natural,"FONTES MOSQUEIRA, XESUS",TRAZO C.F.,U.D. VAL DO ULLA,2,2,2-2,https://www.futgal.es/pnfg/NPcd/NFG_CmpPartido?cod_primaria=1000120&CodActa=1187167&cod_acta=1187167
SENIOR,SEGUNDA FUTGAL,SANTIAGO | GRUPO 2,29,04-05-2025,18:00,A Tilleira - Dubra,Hierba Artificial,"REGO RODRIGUEZ, JOSE LUIS",S.D. DUBRA B,S.D. VILLESTRO,0,0,0-0,https://www.futgal.es/pnfg/NPcd/NFG_CmpPartido?cod_primaria=1000120&CodActa=1187168&cod_acta=1187168
SENIOR,SEGUNDA FUTGAL,SANTIAGO | GRUPO 2,29,04-05-2025,20:00,Mpal Do Camballón,Hierba Artificial,"TABOADA DOVAL, DAVID",S.D. CRUCES,C.D. SAN MAMED,0,1,0-1,https://www.futgal.es/pnfg/NPcd/NFG_CmpPartido?cod_primaria=1000120&CodActa=1187169&cod_acta=1187169
SENIOR,SEGUNDA FUTGAL,SANTIAGO | GRUPO 2,29,04-05-2025,19:00,A Cañoteira - Cacheiras-Antigo Ignacio,Hierba Artificial,"GARCIA IGLESIAS, BRAIS",S.D. CACHEIRAS,C.F. CIRE DE MELIDE,0,2,0-2,https://www.futgal.es/pnfg/NPcd/NFG_CmpPartido?cod_primaria=1000120&CodActa=1187170&cod_acta=1187170
SENIOR,SEGUNDA FUTGAL,SANTIAGO | GRUPO 2,29,04-05-2025,18:00,Outeiriño,Hierba Artificial,"CASTRO SANMARTIN, SEBASTIAN",C.F. SILLEDA,RODEIRO C.F.,3,2,3-2,https://www.futgal.es/pnfg/NPcd/NFG_CmpPartido?cod_primaria=1000120&CodActa=1187171&cod_acta=1187171
SENIOR,SEGUNDA FUTGAL,SANTIAGO | GRUPO 2,29,04-05-2025,18:30,Mularedos,Hierba Natural,"ENRIQUEZ PEREIRO, OSCAR",LAMELA C.F.,S.D.C. RECESENDE,7,6,7-6,https://www.futgal.es/pnfg/NPcd/NFG_CmpPartido?cod_primaria=1000120&CodActa=1187172&cod_acta=1187172
SENIOR,SEGUNDA FUTGAL,SANTIAGO | GRUPO 2,29,04-05-2025,16:30,O Forte-Boqueixón,Hierba Artificial,"GAY CASAL, JAVIER",A.C.U.D. CAMPORRAPADO,SOCIEDADE DEPORTIVA O PINO,0,3,0-3,https://www.futgal.es/pnfg/NPcd/NFG_CmpPartido?cod_primaria=1000120&CodActa=1187173&cod_acta=1187173
SENIOR,SEGUNDA FUTGAL,SANTIAGO | GRUPO 2,29,04-05-2025,16:30,Campo de Fútbol Municipal As Cancelas,Hierba Artificial,"MIGUENS SANTIAGO, SERGIO",C.D.BELVIS,C.D. SPORT TEAM ESTRADA,1,4,1-4,https://www.futgal.es/pnfg/NPcd/NFG_CmpPartido?cod_primaria=1000120&CodActa=1187174&cod_acta=1187174
SENIOR,SEGUNDA FUTGAL,SANTIAGO | GRUPO 2,30,11-05-2025,19:00,Suso Conde,Hierba Artificial,"PITA REY, JOSE LUIS",S.D. VILLESTRO,TRAZO C.F.,1,2,1-2,https://www.futgal.es/pnfg/NPcd/NFG_CmpPartido?cod_primaria=1000120&CodActa=1187175&cod_acta=1187175
SENIOR,SEGUNDA FUTGAL,SANTIAGO | GRUPO 2,30,11-05-2025,19:00,San Mamed,Hierba Artificial,"GAY CASAL, JAVIER",C.D. SAN MAMED,S.D. DUBRA B,0,2,0-2,https://www.futgal.es/pnfg/NPcd/NFG_CmpPartido?cod_primaria=1000120&CodActa=1187176&cod_acta=1187176
SENIOR,SEGUNDA FUTGAL,SANTIAGO | GRUPO 2,30,11-05-2025,19:00,Campo Municipal Jesús Carlos Pampin Rua,Hierba Artificial,"GIL CALDELAS, SAMUEL",C.F. CIRE DE MELIDE,S.D. CRUCES,3,1,3-1,https://www.futgal.es/pnfg/NPcd/NFG_CmpPartido?cod_primaria=1000120&CodActa=1187177&cod_acta=1187177
SENIOR,SEGUNDA FUTGAL,SANTIAGO | GRUPO 2,30,09-05-2025,20:45,A Raña - Rodeiro,Hierba Artificial,"LAYA LOLO, XOEL",RODEIRO C.F.,S.D. CACHEIRAS,1,1,1-1,https://www.futgal.es/pnfg/NPcd/NFG_CmpPartido?cod_primaria=1000120&CodActa=1187178&cod_acta=1187178
SENIOR,SEGUNDA FUTGAL,SANTIAGO | GRUPO 2,30,11-05-2025,12:00,A Devesiña - Recesende,Tierra,"LOMBAO GONZALEZ, IAGO",S.D.C. RECESENDE,C.F. SILLEDA,2,3,2-3,https://www.futgal.es/pnfg/NPcd/NFG_CmpPartido?cod_primaria=1000120&CodActa=1187179&cod_acta=1187179
SENIOR,SEGUNDA FUTGAL,SANTIAGO | GRUPO 2,30,11-05-2025,16:00,Reboredo- Arca- O Pino,Hierba Artificial,"HERNANDEZ GIADANS, AGUSTIN",SOCIEDADE DEPORTIVA O PINO,LAMELA C.F.,5,1,5-1,https://www.futgal.es/pnfg/NPcd/NFG_CmpPartido?cod_primaria=1000120&CodActa=1187180&cod_acta=1187180
SENIOR,SEGUNDA FUTGAL,SANTIAGO | GRUPO 2,30,11-05-2025,19:00,Mcpal. Manuel Regueiro - Antiguo Figueroa,Hierba Artificial,"REBOREDO RIADIGOS, JOSE LUIS",C.D. SPORT TEAM ESTRADA,A.C.U.D. CAMPORRAPADO,5,0,5-0,https://www.futgal.es/pnfg/NPcd/NFG_CmpPartido?cod_primaria=1000120&CodActa=1187181&cod_acta=1187181
SENIOR,SEGUNDA FUTGAL,SANTIAGO | GRUPO 2,30,11-05-2025,19:00,O Coto - Val Do Ulla,Hierba Artificial,"SOTO PEREZ, SECUNDINO",U.D. VAL DO ULLA,C.D.BELVIS,4,1,4-1,https://www.futgal.es/pnfg/NPcd/NFG_CmpPartido?cod_primaria=1000120&CodActa=1187182&cod_acta=1187182
